well_id,timestamp,SPM,dynamometer_area,max_rod_weight,min_rod_weight,pump_fillage,anomaly,estado
NK-68,2026-01-01 00:00:00,4.9841,13712.6912,4601.7461,3253.0719,63.9882,1,NORMAL
NK-68,2026-01-01 01:00:00,4.9799,15199.4916,4651.641,3204.8401,65.3272,1,NORMAL
NK-68,2026-01-01 02:00:00,4.9945,13565.152,4569.3145,3226.3857,64.4779,1,NORMAL
NK-68,2026-01-01 03:00:00,4.9813,13136.7249,4578.1595,3327.1582,65.8717,1,NORMAL
NK-68,2026-01-01 04:00:00,4.9834,14248.449,4598.0418,3222.3034,65.0052,1,NORMAL
NK-68,2026-01-01 05:00:00,4.9868,15491.8537,4639.3941,3147.839,64.4213,1,NORMAL
NK-68,2026-01-01 06:00:00,4.9985,13397.4367,4604.4299,3241.0517,63.8846,1,NORMAL
NK-68,2026-01-01 07:00:00,4.9803,13719.2067,4573.8882,3286.6753,64.0485,1,NORMAL
NK-68,2026-01-01 08:00:00,4.9889,14592.506,4619.4362,3237.2718,64.1502,1,NORMAL
NK-68,2026-01-01 09:00:00,4.9827,14977.7626,4626.0888,3124.9705,65.1655,1,NORMAL
NK-68,2026-01-01 10:00:00,5.0002,13293.1902,4645.82,3329.275,69.8222,1,NORMAL
NK-68,2026-01-01 11:00:00,4.9855,14275.1382,4608.55,3215.8775,65.2103,1,NORMAL
NK-68,2026-01-01 12:00:00,4.9855,15676.0117,4640.3769,3143.2275,64.9047,1,NORMAL
NK-68,2026-01-01 13:00:00,4.9875,13548.8595,4632.8927,3243.4709,64.0367,1,NORMAL
NK-68,2026-01-01 14:00:00,4.9851,13751.7428,4619.5874,3229.145,64.7708,1,NORMAL
NK-68,2026-01-01 15:00:00,5.0142,15087.8931,4625.6352,3183.4458,64.3907,1,NORMAL
NK-68,2026-01-01 16:00:00,4.9844,15113.3441,4642.1535,3137.5954,65.4652,1,NORMAL
NK-68,2026-01-01 17:00:00,4.9855,13702.2807,4627.2984,3274.1638,64.0488,1,NORMAL
NK-68,2026-01-01 18:00:00,4.9889,15131.2338,4627.374,3185.7138,64.8807,1,NORMAL
NK-68,2026-01-01 19:00:00,4.9868,15621.0603,4671.8258,3119.1116,64.9943,1,NORMAL
NK-68,2026-01-01 20:00:00,5.0089,13597.1896,4591.8428,3260.1025,63.6428,1,NORMAL
NK-68,2026-01-01 21:00:00,4.9848,15011.8778,4649.1463,3196.6755,65.0318,1,NORMAL
NK-68,2026-01-01 22:00:00,4.9841,15499.1819,4624.3501,3124.4035,64.9858,1,NORMAL
NK-68,2026-01-01 23:00:00,4.9875,13565.1136,4565.6101,3266.1504,64.0915,1,NORMAL
NK-68,2026-01-02 00:00:00,4.9851,14754.9022,4641.5487,3183.8238,64.9605,1,NORMAL
NK-68,2026-01-02 01:00:00,4.9786,15281.0188,4617.1682,3119.036,65.9626,1,NORMAL
NK-68,2026-01-02 02:00:00,4.9858,13620.5302,4612.4811,3240.636,64.9886,1,NORMAL
NK-68,2026-01-02 03:00:00,4.9875,14454.0719,4631.4563,3227.1417,64.6835,1,NORMAL
NK-68,2026-01-02 04:00:00,4.9827,15777.015,4621.1749,3112.9882,65.7414,1,NORMAL
NK-68,2026-01-02 05:00:00,4.9806,13650.2387,4608.4744,3253.7523,65.1015,1,NORMAL
NK-68,2026-01-02 06:00:00,4.9966,14601.858,4624.2745,3203.2526,64.746,1,NORMAL
NK-68,2026-01-02 07:00:00,4.9813,15719.3078,4657.6889,3129.4686,65.0755,1,NORMAL
NK-68,2026-01-02 08:00:00,4.9837,13834.0906,4664.9842,3206.6167,65.0441,1,NORMAL
NK-68,2026-01-02 09:00:00,4.9834,14854.7329,4643.552,3195.466,64.0959,1,NORMAL
NK-68,2026-01-02 10:00:00,4.9837,16049.5493,4696.3953,3055.6468,66.4454,1,NORMAL
NK-68,2026-01-02 11:00:00,4.9879,13940.2559,4629.4907,3216.0287,65.0189,1,NORMAL
NK-68,2026-01-02 12:00:00,4.9855,14676.584,4680.7464,3193.5004,65.3008,1,NORMAL
NK-68,2026-01-02 13:00:00,5.0045,15766.847,4687.4747,3095.7517,64.2683,1,NORMAL
NK-68,2026-01-02 14:00:00,4.9848,13742.8869,4594.7911,3244.8317,65.8102,1,NORMAL
NK-68,2026-01-02 15:00:00,4.9855,14820.047,4630.7759,3239.1996,60.2585,1,NORMAL
NK-68,2026-01-02 16:00:00,4.9806,15709.0065,4648.6171,3116.9949,67.839,1,NORMAL
NK-68,2026-01-02 17:00:00,4.983,13547.0214,4602.2375,3261.4255,65.9275,1,NORMAL
NK-68,2026-01-02 18:00:00,4.9837,14660.1437,4623.0271,3178.5697,64.9869,1,NORMAL
NK-68,2026-01-02 19:00:00,5.0275,15535.5781,4621.4773,3132.2657,63.8766,1,NORMAL
NK-68,2026-01-02 20:00:00,4.9834,13836.399,4592.2208,3234.0967,64.9109,1,NORMAL
NK-68,2026-01-02 21:00:00,4.9862,14829.3241,4647.0296,3199.0947,65.0467,1,NORMAL
NK-68,2026-01-02 22:00:00,4.9841,15266.3067,4630.5491,3129.4686,65.3509,1,NORMAL
NK-68,2026-01-02 23:00:00,4.9848,13605.877,4583.7537,3260.7829,64.2382,1,NORMAL
NK-68,2026-01-03 00:00:00,4.9844,14814.6392,4640.9817,3214.2521,65.1299,1,NORMAL
NK-68,2026-01-03 01:00:00,5.0143,15028.0667,4641.1329,3153.6601,62.7766,1,NORMAL
NK-68,2026-01-03 02:00:00,4.9868,14096.0944,4610.062,3197.3559,64.448,1,NORMAL
NK-68,2026-01-03 03:00:00,5.0024,14308.2737,4618.7558,3168.175,64.1696,1,NORMAL
NK-68,2026-01-03 04:00:00,4.982,14593.9635,4636.8616,3174.7898,65.7297,1,NORMAL
NK-68,2026-01-03 05:00:00,4.9841,14410.1355,4634.4802,3176.8688,63.8851,1,NORMAL
NK-68,2026-01-03 06:00:00,4.9862,15165.4222,4624.1233,3186.4697,64.0205,1,NORMAL
NK-68,2026-01-03 07:00:00,4.9837,16344.8154,4653.72,3048.9564,65.7721,1,NORMAL
NK-68,2026-01-03 08:00:00,4.9896,14231.7473,4645.442,3173.3156,63.5702,1,NORMAL
NK-68,2026-01-03 09:00:00,5.0052,15173.1187,4637.8822,3147.6878,65.4406,1,NORMAL
NK-68,2026-01-03 10:00:00,4.9848,15881.3663,4644.4592,3058.1038,65.4697,1,NORMAL
NK-68,2026-01-03 11:00:00,4.9841,14169.8105,4655.1942,3178.0027,64.7722,1,NORMAL
NK-68,2026-01-03 12:00:00,4.9841,15210.7238,4639.0917,3144.9663,64.8675,1,NORMAL
NK-68,2026-01-03 13:00:00,4.9837,15711.0246,4647.0296,3055.609,65.6764,1,NORMAL
NK-68,2026-01-03 14:00:00,5.003,14187.0939,4601.8217,3202.2698,62.3905,1,NORMAL
NK-68,2026-01-03 15:00:00,4.9868,15339.0304,4688.2306,3119.6408,64.3598,1,NORMAL
NK-68,2026-01-03 16:00:00,4.9868,15901.0102,4654.4382,3082.144,65.1774,1,NORMAL
NK-68,2026-01-03 17:00:00,4.9886,14075.3089,4621.0237,3203.555,65.2769,1,NORMAL
NK-68,2026-01-03 18:00:00,4.9827,15401.4811,4667.8191,3138.616,64.5993,1,NORMAL
NK-68,2026-01-03 19:00:00,4.9841,15655.6913,4664.3416,3070.1995,65.4485,1,NORMAL
NK-68,2026-01-03 20:00:00,4.9865,14537.3473,4635.274,3141.9801,65.3557,1,NORMAL
NK-68,2026-01-03 21:00:00,4.9834,15390.1015,4639.2429,3137.0284,65.5129,1,NORMAL
NK-68,2026-01-03 22:00:00,4.9939,15516.2144,4652.1702,3091.745,65.3523,1,NORMAL
NK-68,2026-01-03 23:00:00,4.9827,14636.1297,4646.8784,3166.8142,64.9413,1,NORMAL
NK-68,2026-01-04 00:00:00,4.982,15870.3184,4726.2188,3076.0584,65.74,1,NORMAL
NK-68,2026-01-04 01:00:00,4.9803,15352.5033,4648.3525,3082.2952,64.8305,1,NORMAL
NK-68,2026-01-04 02:00:00,4.9827,14761.2449,4661.3932,3160.3883,65.4521,1,NORMAL
NK-68,2026-01-04 03:00:00,4.9806,15429.6536,4662.2248,3097.3393,64.9007,1,NORMAL
NK-68,2026-01-04 04:00:00,4.9834,15226.9941,4651.4143,3115.7097,65.6776,1,NORMAL
NK-68,2026-01-04 05:00:00,4.9772,14927.5497,4595.7739,3134.9873,65.5425,1,NORMAL
NK-68,2026-01-04 06:00:00,4.9862,15387.9572,4665.7023,3128.1078,64.9659,1,NORMAL
NK-68,2026-01-04 07:00:00,4.9868,14937.1675,4631.5319,3104.748,64.2572,1,NORMAL
NK-68,2026-01-04 08:00:00,4.9827,15213.3638,4644.4592,3117.9021,65.2131,1,NORMAL
NK-68,2026-01-04 09:00:00,4.9848,15923.8787,4649.5999,3060.0693,65.1521,1,NORMAL
NK-68,2026-01-04 10:00:00,4.982,15577.0523,4626.0888,3106.7891,65.7152,1,NORMAL
NK-68,2026-01-04 11:00:00,4.9841,15563.2368,4617.3194,3109.1327,65.2369,1,NORMAL
NK-68,2026-01-04 12:00:00,4.9827,15847.212,4610.7423,3078.3641,65.3403,1,NORMAL
NK-68,2026-01-04 13:00:00,4.9779,15770.8853,4658.8229,3073.8282,65.6747,1,NORMAL
NK-68,2026-01-04 14:00:00,4.9827,15820.7616,4604.5811,3087.7005,65.0881,1,NORMAL
NK-68,2026-01-04 15:00:00,4.9844,15901.862,4631.3807,3061.1655,67.5421,1,NORMAL
NK-68,2026-01-04 16:00:00,4.9848,15191.8081,4662.376,3128.5992,66.3105,1,NORMAL
NK-68,2026-01-04 17:00:00,5.0004,15148.5894,4627.9032,3121.7576,64.6917,1,NORMAL
NK-68,2026-01-04 18:00:00,4.9793,15099.542,4611.7251,3102.102,65.4887,1,NORMAL
NK-68,2026-01-04 19:00:00,4.9841,14824.9907,4610.44,3122.3624,64.7061,1,NORMAL
NK-68,2026-01-04 20:00:00,4.982,14926.1875,4606.8868,3097.6417,65.1716,1,NORMAL
NK-68,2026-01-04 21:00:00,4.9808,14526.0758,4600.7067,3158.4039,66.1189,1,NORMAL
NK-68,2026-01-04 22:00:00,4.9851,14821.7011,4599.9318,3131.7366,65.9834,1,NORMAL
NK-68,2026-01-04 23:00:00,4.9855,14619.8037,4543.9134,3127.881,64.7877,1,NORMAL
NK-68,2026-01-05 00:00:00,4.9806,14742.4769,4556.8407,3116.9571,65.8886,1,NORMAL
NK-68,2026-01-05 01:00:00,4.982,14583.9536,4568.5585,3135.0629,64.804,1,NORMAL
NK-68,2026-01-05 02:00:00,4.9858,14772.2036,4576.4207,3122.7782,64.9703,1,NORMAL
NK-68,2026-01-05 03:00:00,4.9841,14885.254,4599.327,3110.569,65.0655,1,NORMAL
NK-68,2026-01-05 04:00:00,4.9827,14954.7321,4559.1087,3129.393,65.4947,1,NORMAL
NK-68,2026-01-05 05:00:00,4.9813,15008.7975,4625.0304,3116.4657,64.9021,1,NORMAL
NK-68,2026-01-05 06:00:00,4.9844,14964.2676,4577.2901,3111.0604,65.2354,1,NORMAL
NK-68,2026-01-05 07:00:00,4.9889,15025.574,4619.8519,3130.4892,65.5312,1,NORMAL
NK-68,2026-01-05 08:00:00,4.9875,15132.3319,4607.6428,3087.8895,65.2978,1,NORMAL
NK-68,2026-01-05 09:00:00,4.9834,15174.2833,4596.9835,3063.4713,64.609,1,NORMAL
NK-68,2026-01-05 10:00:00,4.9953,14931.9623,4587.2313,3116.2389,64.2654,1,NORMAL
NK-68,2026-01-05 11:00:00,5.0075,15117.4118,4597.8906,3084.8656,63.9918,1,NORMAL
NK-68,2026-01-05 12:00:00,4.991,15220.1269,4643.0984,3098.8513,64.6575,1,NORMAL
NK-68,2026-01-05 13:00:00,4.9827,15409.4135,4593.5815,3068.5363,65.6681,1,NORMAL
NK-68,2026-01-05 14:00:00,5.0009,15419.2244,4629.5663,3079.7249,64.2536,1,NORMAL
NK-68,2026-01-05 15:00:00,4.9827,15028.2782,4589.8016,3103.9542,64.0118,1,NORMAL
NK-68,2026-01-05 16:00:00,5.0038,15372.4734,4635.1606,3102.48,63.3455,1,NORMAL
NK-68,2026-01-05 17:00:00,4.9855,15126.3554,4591.8428,3099.8341,64.991,1,NORMAL
NK-68,2026-01-05 18:00:00,5.0032,15072.0802,4583.0734,3120.0188,62.996,1,NORMAL
NK-68,2026-01-05 19:00:00,4.982,15342.9616,4600.3098,3076.9656,65.2057,1,NORMAL
NK-68,2026-01-05 20:00:00,4.9841,15364.4353,4586.2485,3101.3838,64.4787,1,NORMAL
NK-68,2026-01-05 21:00:00,5.0059,15402.4657,4588.592,3074.3952,63.8058,1,NORMAL
NK-68,2026-01-05 22:00:00,4.9858,15606.9798,4620.4189,3051.7157,64.9936,1,NORMAL
NK-68,2026-01-05 23:00:00,5.0111,15356.8433,4614.1443,3105.4283,62.8021,1,NORMAL
NK-68,2026-01-06 00:00:00,4.9855,15685.2707,4594.6399,3077.6082,65.3618,1,NORMAL
NK-68,2026-01-06 01:00:00,4.9831,15419.7631,4596.4921,3106.1087,64.8681,1,NORMAL
NK-68,2026-01-06 02:00:00,4.9834,15407.9907,4613.7663,3088.1919,65.0034,1,NORMAL
NK-68,2026-01-06 03:00:00,4.9803,15409.0515,4604.3543,3075.0756,64.2381,1,NORMAL
NK-68,2026-01-06 04:00:00,4.982,15500.6352,4661.0152,3089.7795,64.8246,1,NORMAL
NK-68,2026-01-06 05:00:00,4.991,15278.7875,4621.0993,3082.9,64.01,1,NORMAL
NK-68,2026-01-06 06:00:00,4.9834,15448.4104,4595.6983,3078.5909,65.2582,1,NORMAL
NK-68,2026-01-06 07:00:00,4.9848,15217.457,4604.3165,3074.8866,64.33,1,NORMAL
NK-68,2026-01-06 08:00:00,4.9806,15682.1339,4626.3912,3056.8942,65.3611,1,NORMAL
NK-68,2026-01-06 09:00:00,4.9813,15602.4913,4602.9935,3090.7623,65.0959,1,NORMAL
NK-68,2026-01-06 10:00:00,4.9813,14850.1904,4566.2905,3194.6344,82.3822,1,NORMAL
NK-68,2026-01-06 11:00:00,4.9803,18039.1395,4605.0725,3007.9821,77.8438,1,NORMAL
NK-68,2026-01-06 12:00:00,4.9813,15916.926,4594.6399,3116.6169,69.7715,1,NORMAL
NK-68,2026-01-06 13:00:00,4.9862,16125.9396,4609.5328,3094.013,68.2169,1,NORMAL
NK-68,2026-01-06 14:00:00,4.9848,15375.6815,4663.7368,3079.8761,66.4916,1,NORMAL
NK-68,2026-01-06 15:00:00,5.0169,15192.2862,4610.9691,3116.9949,64.0289,1,NORMAL
NK-68,2026-01-06 16:00:00,4.9841,15182.1082,4607.1136,3107.9987,65.5226,1,NORMAL
NK-68,2026-01-06 17:00:00,4.9793,14826.5569,4597.3614,3134.9873,64.5235,1,NORMAL
NK-68,2026-01-06 18:00:00,4.9841,14955.4,4554.9886,3137.7088,64.3765,1,NORMAL
NK-68,2026-01-06 19:00:00,4.9875,15089.1161,4590.1418,3133.9667,64.806,1,NORMAL
NK-68,2026-01-06 20:00:00,4.9813,15230.2395,4641.8133,3120.2456,64.4512,1,NORMAL
NK-68,2026-01-06 21:00:00,5.0039,15352.6613,4590.86,3104.0676,62.8095,1,NORMAL
NK-68,2026-01-06 22:00:00,4.9848,15314.1234,4612.0275,3103.6896,64.1794,1,NORMAL
NK-68,2026-01-06 23:00:00,4.9862,15544.446,4569.2389,3074.2062,63.7391,1,NORMAL
NK-68,2026-01-07 00:00:00,4.9799,15109.7698,4620.7213,3110.4178,64.8419,1,NORMAL
NK-68,2026-01-07 01:00:00,4.9975,15308.2491,4620.8725,3099.0025,63.8406,1,NORMAL
NK-68,2026-01-07 02:00:00,4.982,15262.5374,4599.705,3101.1948,63.8773,1,NORMAL
NK-68,2026-01-07 03:00:00,4.9851,15124.6522,4603.7117,3109.7374,64.6879,1,NORMAL
NK-68,2026-01-07 04:00:00,4.9882,15230.8822,4608.0964,3085.9996,64.7296,1,NORMAL
NK-68,2026-01-07 05:00:00,4.9848,15276.4015,4597.8906,3093.4082,64.4997,1,NORMAL
NK-68,2026-01-07 06:00:00,5.0017,15131.2855,4589.0456,3114.5001,63.2197,1,NORMAL
NK-68,2026-01-07 07:00:00,4.982,14678.2201,4575.6647,3138.9184,63.4548,1,NORMAL
NK-68,2026-01-07 08:00:00,4.9813,15065.5316,4575.3623,3106.2599,64.6048,1,NORMAL
NK-68,2026-01-07 09:00:00,4.9813,14781.3657,4565.6857,3218.788,60.6933,1,NORMAL
NK-68,2026-01-07 10:00:00,4.9862,15394.2222,4608.6256,3085.7728,66.0199,1,NORMAL
NK-68,2026-01-07 11:00:00,4.982,15187.3587,4598.3064,3114.5001,65.0491,1,NORMAL
NK-68,2026-01-07 12:00:00,4.991,15247.2639,4624.5768,3098.0953,64.3669,1,NORMAL
NK-68,2026-01-07 13:00:00,5.0115,15188.107,4557.6723,3104.2566,63.3002,1,NORMAL
NK-68,2026-01-07 14:00:00,4.9875,15059.7498,4569.5791,3131.3586,63.2262,1,NORMAL
NK-68,2026-01-07 15:00:00,4.9793,15084.7669,4661.7334,3092.3876,64.257,1,NORMAL
NK-68,2026-01-07 16:00:00,5.0089,15114.5549,4608.0208,3073.0723,63.5788,1,NORMAL
NK-68,2026-01-07 17:00:00,4.9875,15172.3562,4579.2934,3117.6753,64.8195,1,NORMAL
NK-68,2026-01-07 18:00:00,4.9848,15030.5745,4597.1724,3099.9853,63.7439,1,NORMAL
NK-68,2026-01-07 19:00:00,4.9844,15236.1542,4599.7428,3105.4661,62.9042,1,NORMAL
NK-68,2026-01-07 20:00:00,5.0146,15193.5371,4644.0056,3099.9475,62.9018,1,NORMAL
NK-68,2026-01-07 21:00:00,4.9862,15100.5422,4614.2955,3105.9575,63.7187,1,NORMAL
NK-68,2026-01-07 22:00:00,4.9834,15060.4023,4623.8965,3112.3078,64.154,1,NORMAL
NK-68,2026-01-07 23:00:00,4.9862,15116.9264,4614.9003,3133.1729,64.5626,1,NORMAL
NK-68,2026-01-08 00:00:00,4.9862,15232.6556,4585.8705,3122.6648,64.9345,1,NORMAL
NK-68,2026-01-08 01:00:00,4.9834,15058.1482,4639.3185,3090.8379,64.2619,1,NORMAL
NK-68,2026-01-08 02:00:00,4.999,14968.678,4604.4677,3090.9891,63.3828,1,NORMAL
NK-68,2026-01-08 03:00:00,4.9837,14927.617,4583.4136,3118.7714,63.4871,1,NORMAL
NK-68,2026-01-08 04:00:00,4.9848,15059.9822,4593.1279,3097.0369,64.9473,1,NORMAL
NK-68,2026-01-08 05:00:00,4.9844,15376.8456,4604.9591,3124.5547,64.4741,1,NORMAL
NK-68,2026-01-08 06:00:00,4.9827,15013.8521,4601.9729,3104.5968,63.6546,1,NORMAL
NK-68,2026-01-08 07:00:00,4.9841,15051.1205,4599.1002,3066.4952,63.7774,1,NORMAL
NK-68,2026-01-08 08:00:00,4.9841,15080.5329,4620.8725,3101.0436,62.6496,1,NORMAL
NK-68,2026-01-08 09:00:00,5.0003,15247.3695,4657.1597,3110.3422,62.7452,1,NORMAL
NK-68,2026-01-08 10:00:00,4.9882,15278.2534,4624.5768,3102.4044,63.2836,1,NORMAL
NK-68,2026-01-08 11:00:00,4.9848,15359.2572,4587.1557,3123.4207,63.9455,1,NORMAL
NK-68,2026-01-08 12:00:00,5.0009,15356.1777,4618.2266,3106.1843,62.8692,1,NORMAL
NK-68,2026-01-08 13:00:00,4.9868,15616.9333,4663.0564,3092.501,63.3786,1,NORMAL
NK-68,2026-01-08 14:00:00,4.9848,15324.9961,4665.7779,3100.4388,63.5416,1,NORMAL
NK-68,2026-01-08 15:00:00,4.9813,15265.0482,4626.5424,3094.5422,63.7423,1,NORMAL
NK-68,2026-01-08 16:00:00,4.983,15603.977,4606.8112,3085.546,64.5453,1,NORMAL
NK-68,2026-01-08 17:00:00,4.9875,15341.2848,4645.3664,3108.5279,63.8349,1,NORMAL
NK-68,2026-01-08 18:00:00,4.9844,15398.6647,4601.7839,3114.2355,63.9737,1,NORMAL
NK-68,2026-01-08 19:00:00,4.9931,15253.9743,4651.4899,3079.3469,62.3172,1,NORMAL
NK-68,2026-01-08 20:00:00,4.9824,15398.7642,4599.7428,3087.9273,64.9972,1,NORMAL
NK-68,2026-01-08 21:00:00,4.9855,15513.3241,4655.8746,3129.3174,63.4945,1,NORMAL
NK-68,2026-01-08 22:00:00,4.9834,15283.8777,4586.5509,3081.8417,64.1295,1,NORMAL
NK-68,2026-01-08 23:00:00,4.9803,15493.4902,4617.8864,3099.1537,65.0402,1,NORMAL
NK-68,2026-01-09 00:00:00,4.9896,15435.592,4651.9056,3125.4619,63.9341,1,NORMAL
NK-68,2026-01-09 01:00:00,4.9834,15371.55,4583.3002,3097.4527,63.1315,1,NORMAL
NK-68,2026-01-09 02:00:00,5.0298,15507.341,4604.5055,3053.9081,61.8458,1,NORMAL
NK-68,2026-01-09 03:00:00,4.9855,15502.7565,4606.9624,3095.147,65.1615,1,NORMAL
NK-68,2026-01-09 04:00:00,4.9844,15475.3538,4585.2279,3090.4221,63.8273,1,NORMAL
NK-68,2026-01-09 05:00:00,4.9813,15406.5643,4616.1854,3104.9369,64.8857,1,NORMAL
NK-68,2026-01-09 06:00:00,4.9855,15449.7909,4613.5773,3102.669,63.6187,1,NORMAL
NK-68,2026-01-09 07:00:00,4.9827,15208.04,4620.5701,3128.7126,63.7493,1,NORMAL
NK-68,2026-01-09 08:00:00,5.0066,15547.2115,4603.1447,3120.6992,62.8485,1,NORMAL
NK-68,2026-01-09 09:00:00,4.9855,15595.2652,4592.1452,3090.8757,63.6753,1,NORMAL
NK-68,2026-01-09 10:00:00,4.9865,16013.7862,4612.6701,3038.9396,63.3461,1,NORMAL
NK-68,2026-01-09 11:00:00,4.9813,15503.6373,4610.5156,3108.9059,63.3145,1,NORMAL
NK-68,2026-01-09 12:00:00,4.9875,17365.0441,4638.1089,3068.3096,73.2555,1,NORMAL
NK-68,2026-01-09 13:00:00,4.983,19645.7346,4429.8355,2974.8322,99.8427,1,NORMAL
NK-68,2026-01-09 14:00:00,5.0438,12539.1072,4175.2204,3151.2409,99.9226,-1,ANOMALÍA
NK-68,2026-01-09 15:00:00,5.1724,6881.8068,4006.6361,3335.9655,86.0891,-1,ANOMALÍA
NK-68,2026-01-09 16:00:00,5.1795,6360.1464,4014.1959,3374.2182,67.7619,-1,ANOMALÍA
NK-68,2026-01-09 17:00:00,5.1814,6291.3398,4002.327,3375.4656,73.3741,-1,ANOMALÍA
NK-68,2026-01-09 18:00:00,5.2047,5868.4548,3950.3153,3360.1569,100.0,-1,ANOMALÍA
NK-68,2026-01-09 19:00:00,5.1592,5016.7623,3980.5168,3444.1845,52.184,-1,ANOMALÍA
NK-68,2026-01-09 20:00:00,5.1407,4991.4805,3985.7709,3452.2735,56.2116,-1,ANOMALÍA
NK-68,2026-01-09 21:00:00,5.1116,5201.8286,3999.9078,3450.6859,71.2066,-1,ANOMALÍA
NK-68,2026-01-09 22:00:00,5.0913,5153.0354,4027.9926,3470.1903,56.4394,-1,ANOMALÍA
NK-68,2026-01-09 23:00:00,5.0847,4955.7452,3993.4064,3496.7253,99.8073,-1,ANOMALÍA
NK-68,2026-01-10 00:00:00,5.1013,6496.5221,4077.7741,3440.0266,99.5537,-1,ANOMALÍA
NK-68,2026-01-10 01:00:00,5.0848,6077.2243,4041.2601,3419.615,99.8894,-1,ANOMALÍA
NK-68,2026-01-10 02:00:00,5.0719,5784.938,4129.937,3424.1509,99.5259,-1,ANOMALÍA
NK-68,2026-01-10 03:00:00,5.0548,6620.87,4115.0819,3431.1816,99.757,-1,ANOMALÍA
NK-68,2026-01-10 04:00:00,5.0452,6795.5252,4130.9575,3433.7897,99.6089,-1,ANOMALÍA
NK-68,2026-01-10 05:00:00,5.0315,7526.243,4170.1931,3431.9753,99.8147,-1,ANOMALÍA
NK-68,2026-01-10 06:00:00,5.0329,7404.3045,4120.4872,3416.8179,99.7946,-1,ANOMALÍA
NK-68,2026-01-10 07:00:00,5.046,8006.086,4185.9175,3403.815,99.6324,-1,ANOMALÍA
NK-68,2026-01-10 08:00:00,5.0366,8136.5074,4159.7605,3416.4777,99.6148,-1,ANOMALÍA
NK-68,2026-01-10 09:00:00,5.0231,8242.7936,4163.2758,3402.1518,99.7162,-1,ANOMALÍA
NK-68,2026-01-10 10:00:00,5.0161,8492.162,4198.5802,3439.573,99.3826,-1,ANOMALÍA
NK-68,2026-01-10 11:00:00,5.0167,8607.228,4199.7898,3403.1346,99.5214,-1,ANOMALÍA
NK-68,2026-01-10 12:00:00,5.0181,9006.1513,4217.0262,3368.5105,99.2845,-1,ANOMALÍA
NK-68,2026-01-10 13:00:00,5.016,9255.1911,4243.6368,3367.3766,99.4845,-1,ANOMALÍA
NK-68,2026-01-10 14:00:00,5.0111,9620.2135,4253.5402,3346.965,99.3211,-1,ANOMALÍA
NK-68,2026-01-10 15:00:00,5.0189,10277.5418,4275.1613,3387.1833,99.4071,-1,ANOMALÍA
NK-68,2026-01-10 16:00:00,5.038,9858.4832,4288.2399,3389.5647,99.3594,-1,ANOMALÍA
NK-68,2026-01-10 18:00:00,5.0,10639.6642,4305.3251,3394.8188,99.205,-1,ANOMALÍA
NK-68,2026-01-10 19:00:00,4.9965,10988.6039,4344.8252,3333.9621,99.0832,1,NORMAL
NK-68,2026-01-10 20:00:00,5.0157,11140.886,4349.8525,3352.5593,98.7158,1,NORMAL
NK-68,2026-01-10 21:00:00,4.9917,12130.4682,4326.3414,3294.8778,98.9535,1,NORMAL
NK-68,2026-01-10 22:00:00,4.9889,11327.7861,4368.3741,3347.4186,99.1991,1,NORMAL
NK-68,2026-01-10 23:00:00,4.9973,12146.1618,4356.0516,3319.3716,98.9049,1,NORMAL
NK-68,2026-01-11 00:00:00,4.9868,12385.0036,4339.8735,3288.2251,98.8104,1,NORMAL
NK-68,2026-01-11 01:00:00,4.9913,11752.9849,4334.0525,3339.8588,99.2104,1,NORMAL
NK-68,2026-01-11 02:00:00,4.9938,12398.2363,4340.2515,3303.5716,99.0032,1,NORMAL
NK-68,2026-01-11 03:00:00,4.9879,12560.1598,4412.5235,3285.9194,98.5708,1,NORMAL
NK-68,2026-01-11 04:00:00,4.9879,12450.7336,4378.5799,3292.383,98.7809,1,NORMAL
NK-68,2026-01-11 05:00:00,4.9862,12898.8416,4358.1683,3302.362,98.7054,1,NORMAL
NK-68,2026-01-11 06:00:00,5.0202,12924.216,4374.4976,3301.6816,98.2302,1,NORMAL
NK-68,2026-01-11 07:00:00,4.9855,12917.2336,4410.0288,3252.6939,98.4291,1,NORMAL
NK-68,2026-01-11 16:00:00,4.9834,14032.76,4468.5419,3213.9119,98.7998,1,NORMAL
NK-68,2026-01-11 17:00:00,4.9917,14204.3981,4481.0156,3273.3322,98.4593,1,NORMAL
NK-68,2026-01-11 18:00:00,4.9834,15103.5863,4545.4254,3142.9251,98.2538,1,NORMAL
NK-68,2026-01-11 19:00:00,4.9917,13399.6473,4454.7074,3282.1772,98.2279,1,NORMAL
NK-68,2026-01-11 22:00:00,4.9855,15050.2812,4541.7211,3241.5053,96.3201,1,NORMAL
NK-68,2026-01-11 23:00:00,4.9855,15058.4685,4459.2433,3221.2828,94.8663,1,NORMAL
NK-68,2026-01-12 00:00:00,4.9848,14495.6039,4437.1686,3184.5798,94.0398,1,NORMAL
NK-68,2026-01-12 01:00:00,4.9824,14439.6468,4435.9968,3198.9435,92.5502,1,NORMAL
NK-68,2026-01-12 02:00:00,4.9834,14718.1724,4388.3321,3158.6496,92.8315,1,NORMAL
NK-68,2026-01-12 03:00:00,4.9875,14350.1964,4459.6213,3210.888,92.9653,1,NORMAL
NK-68,2026-01-12 04:00:00,4.9806,14432.0297,4485.7783,3225.5541,91.3005,1,NORMAL
NK-68,2026-01-12 05:00:00,4.9932,14255.712,4462.1538,3211.4928,89.2712,1,NORMAL
NK-68,2026-01-12 06:00:00,4.9824,14287.308,4497.3448,3185.3358,87.8764,1,NORMAL
NK-68,2026-01-12 07:00:00,4.9803,14040.2524,4432.0279,3236.9316,87.2102,1,NORMAL
NK-68,2026-01-12 08:00:00,4.9834,13968.2564,4455.6146,3223.6641,86.3702,1,NORMAL
NK-68,2026-01-12 23:00:00,4.9862,13335.4142,4472.662,3273.0298,81.6776,1,NORMAL
NK-68,2026-01-13 00:00:00,4.9822,13664.9559,4452.704,3277.6602,81.2908,1,NORMAL
NK-68,2026-01-13 01:00:00,4.9844,13449.6471,4476.1849,3230.0484,81.1183,1,NORMAL
NK-68,2026-01-13 02:00:00,4.9824,14202.9357,4489.9173,3255.0752,81.0055,1,NORMAL
NK-68,2026-01-13 03:00:00,4.9841,13548.0383,4488.2126,3265.5758,80.8542,1,NORMAL
NK-68,2026-01-13 04:00:00,4.9865,14072.4846,4521.9521,3247.7611,81.9408,1,NORMAL
NK-68,2026-01-13 05:00:00,5.0086,13430.2113,4443.5944,3275.4301,80.2386,1,NORMAL
NK-68,2026-01-13 06:00:00,4.9867,14589.9024,4494.4872,3249.2466,80.9427,1,NORMAL
NK-68,2026-01-13 07:00:00,4.9862,13575.0607,4477.5381,3238.7838,80.6632,1,NORMAL
NK-68,2026-01-13 08:00:00,4.9851,14409.5781,4525.6942,3213.8741,81.0596,1,NORMAL
NK-68,2026-01-13 09:00:00,3.7375,10737.3263,3382.7419,2425.1756,65.804,-1,ANOMALÍA
NK-68,2026-01-13 10:00:00,5.0177,13890.1023,4501.6691,3261.1004,79.6806,1,NORMAL
NK-68,2026-01-13 11:00:00,4.9974,14146.9827,4504.6023,3229.5306,81.5203,1,NORMAL
NK-68,2026-01-13 12:00:00,4.9817,13917.7455,4518.9093,3249.5944,81.9139,1,NORMAL
NK-68,2026-01-13 13:00:00,4.9831,13929.6772,4464.0513,3240.4923,80.7619,1,NORMAL
NK-68,2026-01-13 14:00:00,5.0044,14330.6146,4508.4238,3230.1164,79.052,1,NORMAL
NK-68,2026-01-13 15:00:00,4.9811,14141.6821,4547.682,3215.0573,81.2845,1,NORMAL
NK-68,2026-01-13 16:00:00,4.9855,14215.7201,4522.4511,3253.6691,80.4273,1,NORMAL
NK-68,2026-01-13 17:00:00,4.9842,13904.1281,4510.8165,3229.5608,81.0429,1,NORMAL
NK-68,2026-01-13 18:00:00,4.9978,14237.9028,4522.2734,3248.2525,80.0153,1,NORMAL
NK-68,2026-01-13 19:00:00,4.9862,13541.9397,4509.1382,3283.0088,79.8467,1,NORMAL
NK-68,2026-01-13 20:00:00,4.9848,14457.5216,4554.6484,3240.825,79.5764,1,NORMAL
NK-68,2026-01-13 21:00:00,4.9879,13335.5867,4487.914,3270.8564,79.5484,1,NORMAL
NK-68,2026-01-13 22:00:00,4.9813,14552.0161,4509.4708,3217.1022,79.6688,1,NORMAL
NK-68,2026-01-13 23:00:00,4.9957,13337.9091,4478.0484,3254.4138,78.7084,1,NORMAL
NK-68,2026-01-14 00:00:00,5.0213,14566.9691,4530.1734,3221.1694,78.1884,1,NORMAL
NK-68,2026-01-14 01:00:00,4.9864,13442.3286,4476.423,3280.3402,79.5201,1,NORMAL
NK-68,2026-01-14 02:00:00,4.9844,14406.8814,4495.5003,3247.8405,79.4038,1,NORMAL
NK-68,2026-01-14 03:00:00,4.9823,13215.5739,4449.0375,3284.4112,79.7206,1,NORMAL
NK-68,2026-01-14 04:00:00,4.9824,14638.4318,4501.4839,3216.8603,78.7503,1,NORMAL
NK-68,2026-01-14 05:00:00,4.9799,13332.616,4485.9295,3279.5313,78.1849,1,NORMAL
NK-68,2026-01-14 06:00:00,5.0038,14156.1654,4524.4469,3258.4394,76.4968,1,NORMAL
NK-68,2026-01-14 08:00:00,4.9834,15601.4221,4501.8808,3185.9406,98.4001,1,NORMAL
NK-68,2026-01-14 09:00:00,4.9862,14321.1011,4546.4838,3208.8469,91.713,1,NORMAL
NK-68,2026-01-14 15:00:00,4.986,15763.5098,4489.407,3152.2804,98.9586,1,NORMAL
NK-68,2026-01-14 16:00:00,4.985,15246.214,4457.4894,3203.0258,98.0271,1,NORMAL
NK-68,2026-01-14 17:00:00,4.9954,14366.0049,4423.8633,3246.1168,97.4994,1,NORMAL
NK-68,2026-01-14 18:00:00,4.9827,15971.4382,4520.7047,3180.0439,97.3506,1,NORMAL
NK-68,2026-01-14 19:00:00,4.9829,14635.6143,4502.7312,3173.5424,88.2129,1,NORMAL
NK-68,2026-01-14 20:00:00,5.0101,14158.834,4545.278,3227.4629,72.9382,1,NORMAL
NK-68,2026-01-14 21:00:00,4.9824,13675.7593,4547.0697,3216.2933,68.5726,1,NORMAL
NK-68,2026-01-14 22:00:00,4.9841,14134.3924,4540.4359,3196.7511,71.1844,1,NORMAL
NK-68,2026-01-14 23:00:00,4.9919,13412.2775,4540.3905,3224.7074,71.4603,1,NORMAL
NK-68,2026-01-15 00:00:00,4.9824,14273.2592,4562.6618,3208.072,68.3295,1,NORMAL
NK-68,2026-01-15 01:00:00,4.9966,13836.354,4538.5459,3206.0686,69.494,1,NORMAL
NK-68,2026-01-15 02:00:00,4.9816,14308.499,4543.7925,3230.7288,70.6631,1,NORMAL
NK-68,2026-01-15 03:00:00,4.9813,14364.9546,4554.1192,3170.3673,70.3173,1,NORMAL
NK-68,2026-01-15 04:00:00,4.9862,14628.5036,4585.4925,3167.041,69.7474,1,NORMAL
NK-68,2026-01-15 05:00:00,4.9858,14287.291,4544.4615,3167.3623,69.9343,1,NORMAL
NK-68,2026-01-15 06:00:00,4.9834,14898.7922,4571.7941,3137.9659,69.8207,1,NORMAL
NK-68,2026-01-15 07:00:00,4.9799,14102.0778,4544.2158,3194.1808,70.7775,1,NORMAL
NK-68,2026-01-15 08:00:00,4.9834,14959.7807,4559.1692,3163.6088,70.3567,1,NORMAL
NK-68,2026-01-15 09:00:00,4.9805,14741.6984,4541.0936,3135.3955,71.0654,1,NORMAL
NK-68,2026-01-15 10:00:00,4.9872,15704.9848,4561.6412,3117.1952,70.9782,1,NORMAL
NK-68,2026-01-15 11:00:00,5.003,14815.649,4530.4569,3151.0746,70.4305,1,NORMAL
NK-68,2026-01-15 12:00:00,5.0094,16018.6654,4565.0621,3078.8555,73.6114,1,NORMAL
NK-68,2026-01-15 13:00:00,4.4867,14195.4511,4108.2553,2829.313,71.5164,-1,ANOMALÍA
NK-68,2026-01-15 14:00:00,4.9846,15668.1044,4538.7123,3105.3225,76.2178,1,NORMAL
NK-68,2026-01-15 15:00:00,5.004,15688.0193,4582.6954,3127.8999,72.0339,1,NORMAL
NK-68,2026-01-15 16:00:00,4.9834,15034.6039,4503.0601,3142.2901,72.4352,1,NORMAL
NK-68,2026-01-15 17:00:00,4.9855,14910.648,4523.8232,3123.931,72.2463,1,NORMAL
NK-68,2026-01-15 18:00:00,4.9837,15204.3599,4528.0,3159.141,72.1245,1,NORMAL
NK-68,2026-01-15 19:00:00,4.9843,14880.1774,4489.94,3155.8297,72.5645,1,NORMAL
NK-68,2026-01-15 20:00:00,4.9849,15033.6333,4527.1684,3147.7899,72.7593,1,NORMAL
NK-68,2026-01-15 21:00:00,4.9805,15289.8377,4503.8463,3137.0738,73.4736,1,NORMAL
NK-68,2026-01-15 22:00:00,4.9856,15150.8378,4530.9483,3134.0234,74.0416,1,NORMAL
NK-68,2026-01-15 23:00:00,4.9834,14571.8345,4491.4482,3171.0477,72.9987,1,NORMAL
NK-68,2026-01-16 01:00:00,4.9938,14678.2328,4495.7573,3174.5252,76.0304,1,NORMAL
NK-68,2026-01-16 02:00:00,4.987,15335.4034,4545.4821,3131.3586,76.8698,1,NORMAL
NK-68,2026-01-16 03:00:00,4.985,15603.7644,4571.779,3199.0342,76.5187,1,NORMAL
NK-68,2026-01-16 04:00:00,4.9839,14853.9317,4481.3936,3174.0565,77.5542,1,NORMAL
NK-68,2026-01-16 05:00:00,4.994,16012.9687,4560.8928,3119.7013,77.3408,1,NORMAL
NK-68,2026-01-16 06:00:00,4.9823,15387.6341,4523.6833,3173.5424,78.4478,1,NORMAL
NK-68,2026-01-16 07:00:00,4.9851,15212.1155,4529.9844,3146.3837,78.1289,1,NORMAL
NK-68,2026-01-16 08:00:00,4.9829,15680.23,4520.8748,3173.5424,78.5166,1,NORMAL
NK-68,2026-01-16 09:00:00,4.9782,14785.279,4510.0454,3189.248,78.0869,1,NORMAL
NK-68,2026-01-16 10:00:00,4.9803,16136.5057,4563.191,3117.5997,79.1107,1,NORMAL
NK-68,2026-01-16 11:00:00,4.9817,14913.631,4512.6308,3195.5415,78.2622,1,NORMAL
NK-68,2026-01-16 12:00:00,4.9834,15860.7445,4501.0794,3113.3964,78.7229,1,NORMAL
NK-68,2026-01-16 13:00:00,4.9862,14831.4627,4543.611,3221.6986,77.4675,1,NORMAL
NK-68,2026-01-16 14:00:00,4.9824,15490.4521,4544.8017,3154.7562,78.9661,1,NORMAL
NK-68,2026-01-16 15:00:00,4.9782,15108.4665,4535.1629,3194.5966,80.0231,1,NORMAL
NK-68,2026-01-16 16:00:00,4.9793,16121.8923,4625.1438,3137.7088,79.4614,1,NORMAL
NK-68,2026-01-16 17:00:00,4.9842,15443.0127,4574.9428,3175.2661,79.586,1,NORMAL
NK-68,2026-01-16 18:00:00,4.9855,15042.9824,4510.0,3174.7218,78.8383,1,NORMAL
NK-68,2026-01-16 19:00:00,5.0047,15834.1369,4581.9167,3128.1041,78.0304,1,NORMAL
NK-68,2026-01-16 20:00:00,4.9855,14513.2895,4506.5981,3189.0099,79.1881,1,NORMAL
NK-68,2026-01-16 21:00:00,4.9801,16100.7949,4548.9218,3158.6496,79.5118,1,NORMAL
NK-68,2026-01-16 22:00:00,4.9871,14385.3411,4524.3561,3201.5856,78.7049,1,NORMAL
NK-68,2026-01-16 23:00:00,4.9907,16159.9863,4544.6316,3150.3526,79.0786,1,NORMAL
NK-68,2026-01-17 00:00:00,4.986,14348.2288,4491.5616,3215.2727,80.3441,1,NORMAL
NK-68,2026-01-17 01:00:00,4.9802,15523.0553,4513.2356,3167.2073,75.9645,1,NORMAL
NK-68,2026-01-17 02:00:00,4.9813,13842.3164,4460.6041,3230.9669,73.3356,1,NORMAL
NK-68,2026-01-17 03:00:00,4.9819,15050.2113,4524.6963,3202.1337,71.4982,1,NORMAL
NK-68,2026-01-17 04:00:00,5.0015,14228.3441,4487.8195,3172.9528,68.3819,1,NORMAL
NK-68,2026-01-17 05:00:00,4.9841,14078.3368,4511.0735,3231.2844,67.7605,1,NORMAL
NK-68,2026-01-17 06:00:00,4.9798,14919.1057,4537.7257,3149.7403,67.4734,1,NORMAL
NK-68,2026-01-17 07:00:00,4.9852,13244.5483,4502.289,3231.67,66.3033,1,NORMAL
NK-68,2026-01-17 08:00:00,4.9827,15257.0734,4569.3334,3154.4917,67.5515,1,NORMAL
NK-68,2026-01-17 09:00:00,4.9942,13432.64,4529.9088,3205.6717,65.4424,1,NORMAL
NK-68,2026-01-17 10:00:00,4.8656,14235.7076,4538.7879,3235.0946,62.9373,1,NORMAL
NK-68,2026-01-17 11:00:00,4.7468,15331.5233,4501.2382,3136.4237,68.0652,1,NORMAL
NK-68,2026-01-17 12:00:00,4.7481,13411.9401,4500.2932,3248.1958,68.0781,1,NORMAL
NK-68,2026-01-17 13:00:00,4.7502,14947.5816,4545.1079,3178.7587,68.7927,1,NORMAL
NK-68,2026-01-17 14:00:00,4.7455,14990.1231,4504.1941,3159.7533,70.7229,1,NORMAL
NK-68,2026-01-17 15:00:00,4.7493,13929.8025,4506.4922,3263.2021,71.0438,1,NORMAL
NK-68,2026-01-17 16:00:00,4.7509,15897.2737,4549.2809,3118.7903,71.8858,1,NORMAL
NK-68,2026-01-17 17:00:00,4.7506,14333.384,4498.9891,3157.5534,72.434,1,NORMAL
NK-68,2026-01-17 18:00:00,4.777,14900.1702,4535.9945,3149.5778,71.9955,1,NORMAL
NK-68,2026-01-17 19:00:00,4.7515,15652.5571,4538.6215,3085.6027,71.8453,1,NORMAL
NK-68,2026-01-17 20:00:00,4.7506,14465.065,4527.2251,3183.8994,70.5799,1,NORMAL
NK-68,2026-01-17 21:00:00,4.7482,16079.223,4533.4733,3059.3285,70.4128,1,NORMAL
NK-68,2026-01-17 22:00:00,4.75,15022.4607,4507.9589,3141.3224,72.994,1,NORMAL
NK-68,2026-01-17 23:00:00,4.7589,15825.9724,4544.745,3076.7766,71.7943,1,NORMAL
NK-68,2026-01-18 00:00:00,4.7472,15035.3532,4520.1188,3125.6698,74.5164,1,NORMAL
NK-68,2026-01-18 01:00:00,4.7485,16049.8934,4522.5947,3066.4952,74.8176,1,NORMAL
NK-68,2026-01-18 02:00:00,4.7507,15724.3035,4537.9563,3111.3855,76.023,1,NORMAL
NK-68,2026-01-18 03:00:00,4.7559,15500.9075,4528.2494,3073.7375,76.0542,1,NORMAL
NK-68,2026-01-18 04:00:00,4.7484,15541.7302,4538.4136,3093.2759,73.2658,1,NORMAL
NK-68,2026-01-18 05:00:00,4.7505,14776.9655,4525.6375,3122.9105,66.0822,1,NORMAL
NK-68,2026-01-18 06:00:00,4.7747,14460.7579,4513.8253,3131.283,65.5165,1,NORMAL
NK-68,2026-01-18 07:00:00,4.7504,14714.3653,4483.5104,3127.9944,68.4645,1,NORMAL
NK-68,2026-01-18 08:00:00,4.7478,14972.1962,4510.1021,3130.5081,69.9224,1,NORMAL
NK-68,2026-01-18 09:00:00,4.7487,15227.0868,4500.5653,3158.8915,71.0457,1,NORMAL
NK-68,2026-01-18 10:00:00,4.7506,15446.9545,4501.087,3103.1226,72.2836,1,NORMAL
NK-68,2026-01-18 11:00:00,4.7497,15397.1873,4510.8392,3106.5812,72.2323,1,NORMAL
NK-68,2026-01-18 12:00:00,4.755,15209.325,4476.99,3125.8021,73.5458,1,NORMAL
NK-68,2026-01-18 13:00:00,4.7517,15548.4529,4513.2659,3118.2498,74.1164,1,NORMAL
NK-68,2026-01-18 14:00:00,4.7503,15517.2459,4505.8156,3105.9802,75.6114,1,NORMAL
NK-68,2026-01-18 15:00:00,4.7479,15553.7254,4490.8812,3112.3078,75.1492,1,NORMAL
NK-68,2026-01-18 16:00:00,4.751,15295.6785,4473.6221,3144.8302,76.5511,1,NORMAL
NK-68,2026-01-18 17:00:00,4.7514,14999.0669,4482.452,3149.3321,75.47,1,NORMAL
NK-68,2026-01-18 18:00:00,4.7501,15740.1191,4476.6498,3105.0503,76.5684,1,NORMAL
NK-68,2026-01-18 19:00:00,4.7467,15615.8296,4494.5855,3166.9276,76.9566,1,NORMAL
NK-68,2026-01-18 20:00:00,4.7515,15062.8155,4481.0723,3160.6907,76.4285,1,NORMAL
NK-68,2026-01-18 21:00:00,4.7648,15957.5709,4498.3843,3117.5619,76.7447,1,NORMAL
NK-68,2026-01-18 22:00:00,4.75,14877.8671,4473.985,3172.5597,77.2292,1,NORMAL
NK-68,2026-01-18 23:00:00,4.7528,15848.8133,4507.5695,3111.8353,77.3147,1,NORMAL
NK-68,2026-01-19 00:00:00,4.7525,14802.8341,4457.1454,3162.9398,77.5413,1,NORMAL
NK-68,2026-01-19 01:00:00,4.7508,15952.628,4494.3209,3105.6173,78.252,1,NORMAL
NK-68,2026-01-19 02:00:00,4.7706,14875.2356,4487.3092,3185.9028,77.9255,1,NORMAL
NK-68,2026-01-19 03:00:00,4.7472,15551.0963,4489.4524,3158.0297,77.4394,1,NORMAL
NK-68,2026-01-19 04:00:00,4.7826,14541.3475,4451.7213,3198.5844,76.4523,1,NORMAL
NK-68,2026-01-19 05:00:00,4.752,15451.3426,4495.9841,3110.4367,76.5536,1,NORMAL
NK-68,2026-01-19 06:00:00,4.7483,14514.951,4461.0728,3207.3047,76.2476,1,NORMAL
NK-68,2026-01-19 07:00:00,4.7497,15157.53,4482.3764,3138.7294,74.1477,1,NORMAL
NK-68,2026-01-19 08:00:00,4.7497,13957.2741,4436.7906,3230.3546,72.3682,1,NORMAL
NK-68,2026-01-19 09:00:00,4.7563,15227.2915,4483.1135,3162.5429,72.6062,1,NORMAL
NK-68,2026-01-19 10:00:00,4.7511,13894.883,4450.6251,3227.0094,71.2856,1,NORMAL
NK-68,2026-01-19 11:00:00,4.7544,14812.4882,4461.7191,3179.9116,70.1271,1,NORMAL
NK-68,2026-01-19 12:00:00,4.7515,13932.1618,4466.4403,3190.5067,70.1693,1,NORMAL
NK-68,2026-01-19 13:00:00,4.7497,14945.4812,4534.7471,3222.2845,75.5325,1,NORMAL
NK-68,2026-01-19 14:00:00,3.9756,12839.0706,3715.5447,2681.5107,69.8352,-1,ANOMALÍA
NK-68,2026-01-19 15:00:00,4.749,12750.7712,4434.7683,3287.6581,70.2982,1,NORMAL
NK-68,2026-01-19 16:00:00,4.7493,13853.3053,4464.5957,3221.9858,70.6021,1,NORMAL
NK-68,2026-01-19 17:00:00,4.7508,12350.7619,4423.3303,3312.8853,69.5488,1,NORMAL
NK-68,2026-01-19 18:00:00,4.7478,13716.2614,4454.4806,3229.1072,69.5774,1,NORMAL
NK-68,2026-01-19 19:00:00,4.7511,13074.447,4428.1497,3242.953,69.205,1,NORMAL
NK-68,2026-01-19 20:00:00,4.7497,12413.7309,4436.5638,3326.7425,69.4264,1,NORMAL
NK-68,2026-01-19 21:00:00,4.7528,13757.0028,4486.7611,3226.1589,69.4409,1,NORMAL
NK-68,2026-01-19 22:00:00,4.7492,12435.5904,4460.1505,3276.2806,64.0167,1,NORMAL
NK-68,2026-01-19 23:00:00,4.7519,12300.2769,4511.4061,3290.2663,60.7634,1,NORMAL
NK-68,2026-01-20 00:00:00,4.7482,13817.0528,4539.2339,3200.0321,63.582,1,NORMAL
NK-68,2026-01-20 01:00:00,4.7705,13376.8463,4529.3229,3202.9691,64.5492,1,NORMAL
NK-68,2026-01-20 02:00:00,4.7733,13028.0194,4545.2742,3247.6288,65.989,1,NORMAL
NK-68,2026-01-20 03:00:00,4.7512,14732.5165,4546.0869,3137.3308,70.3193,1,NORMAL
NK-68,2026-01-20 04:00:00,4.7524,14975.2678,4523.1541,3093.2721,75.7525,1,NORMAL
NK-68,2026-01-20 05:00:00,4.7538,14795.5494,4577.4035,3143.6735,77.9876,1,NORMAL
NK-68,2026-01-20 06:00:00,4.7476,16466.3838,4618.1812,3035.5604,79.1046,1,NORMAL
NK-68,2026-01-20 07:00:00,4.7471,15016.232,4569.9306,3114.0654,77.0788,1,NORMAL
NK-68,2026-01-20 08:00:00,4.7501,15682.3317,4607.7487,3083.8677,76.6219,1,NORMAL
NK-68,2026-01-20 09:00:00,4.749,16186.9395,4597.4673,3048.7296,76.8857,1,NORMAL
NK-68,2026-01-20 10:00:00,4.75,15770.6609,4564.5971,3108.7547,75.3658,1,NORMAL
NK-68,2026-01-20 11:00:00,4.7473,15954.368,4545.7731,3091.6543,75.6164,1,NORMAL
NK-68,2026-01-20 12:00:00,4.7495,16090.9708,4570.9171,3064.4087,74.4121,1,NORMAL
NK-68,2026-01-20 13:00:00,4.7473,15849.0393,4573.8315,3076.236,74.8444,1,NORMAL
NK-68,2026-01-20 14:00:00,4.7534,16279.4072,4581.3157,3031.9657,74.7037,1,NORMAL
NK-68,2026-01-20 15:00:00,4.7512,16385.864,4583.6781,3067.478,73.7953,1,NORMAL
NK-68,2026-01-20 16:00:00,4.7657,16129.8345,4544.9567,3071.8778,72.7816,1,NORMAL
NK-68,2026-01-20 17:00:00,4.7499,15788.9728,4539.1885,3077.4494,70.8467,1,NORMAL
NK-68,2026-01-20 18:00:00,4.7521,15392.3557,4514.173,3078.2432,68.3651,1,NORMAL
NK-68,2026-01-20 19:00:00,4.7509,14781.5303,4510.4763,3108.6224,65.2027,1,NORMAL
NK-68,2026-01-20 20:00:00,4.7646,14770.9608,4533.6321,3103.614,64.2651,1,NORMAL
NK-68,2026-01-20 21:00:00,4.7556,14901.5096,4504.16,3119.3384,67.1834,1,NORMAL
NK-68,2026-01-20 22:00:00,4.7478,14985.9302,4517.7564,3108.3956,68.7149,1,NORMAL
NK-68,2026-01-20 23:00:00,4.7478,15019.8481,4499.3406,3114.0087,68.9243,1,NORMAL
NK-68,2026-01-21 00:00:00,4.7503,15007.1877,4504.7497,3122.162,70.2533,1,NORMAL
NK-68,2026-01-21 01:00:00,4.7492,14940.3216,4483.3403,3128.1834,71.2907,1,NORMAL
NK-68,2026-01-21 02:00:00,4.7529,14870.8209,4460.3773,3125.8248,72.4282,1,NORMAL
NK-68,2026-01-21 03:00:00,4.7492,14907.3296,4495.47,3146.07,74.355,1,NORMAL
NK-68,2026-01-21 04:00:00,4.75,14913.5987,4497.7077,3152.2691,73.9732,1,NORMAL
NK-68,2026-01-21 05:00:00,4.7628,14928.6781,4494.6233,3146.705,74.0582,1,NORMAL
NK-68,2026-01-21 06:00:00,4.7468,14726.5851,4463.8548,3156.1851,74.9575,1,NORMAL
NK-68,2026-01-21 07:00:00,4.7472,14725.8543,4495.1903,3170.1783,76.5808,1,NORMAL
NK-68,2026-01-21 08:00:00,4.7498,14849.2255,4450.2168,3135.7886,76.755,1,NORMAL
NK-68,2026-01-21 09:00:00,4.7499,14965.6555,4496.1882,3170.3446,77.4827,1,NORMAL
NK-68,2026-01-21 10:00:00,4.7514,14984.3745,4513.2659,3131.8348,77.875,1,NORMAL
NK-68,2026-01-21 11:00:00,4.7715,15605.3826,4476.268,3146.9772,77.2185,1,NORMAL
NK-68,2026-01-21 12:00:00,4.7492,15276.7487,4508.0798,3168.8251,77.309,1,NORMAL
NK-68,2026-01-21 13:00:00,4.7539,15337.1827,4506.462,3164.9469,77.0814,1,NORMAL
NK-68,2026-01-21 14:00:00,4.7496,15305.4822,4485.6536,3185.3698,77.5456,1,NORMAL
NK-68,2026-01-21 15:00:00,4.7545,14543.0872,4476.5477,3211.3718,77.7641,1,NORMAL
NK-68,2026-01-21 16:00:00,4.7515,15261.6023,4484.3041,3165.9448,78.8381,1,NORMAL
NK-68,2026-01-21 17:00:00,4.752,14180.1789,4452.3827,3220.6591,77.8094,1,NORMAL
NK-68,2026-01-21 18:00:00,4.7487,15244.1183,4469.7515,3135.2141,77.734,1,NORMAL
NK-68,2026-01-21 19:00:00,4.7498,14353.2278,4470.1748,3207.2895,77.2278,1,NORMAL
NK-68,2026-01-21 20:00:00,3.5645,9064.9804,3370.4383,2475.1272,38.4438,-1,ANOMALÍA
NK-68,2026-01-21 21:00:00,4.7637,16691.3383,4502.5044,3176.1392,91.6487,1,NORMAL
NK-68,2026-01-21 22:00:00,4.7502,14249.3314,4486.7762,3233.9606,77.2276,1,NORMAL
NK-68,2026-01-21 23:00:00,4.751,14679.3731,4471.9892,3203.2979,75.791,1,NORMAL
NK-68,2026-01-22 00:00:00,4.7492,13796.0971,4451.124,3244.5142,72.3364,1,NORMAL
NK-68,2026-01-22 01:00:00,4.751,15136.9039,4470.3109,3171.4559,71.8099,1,NORMAL
NK-68,2026-01-22 02:00:00,4.7505,13708.1888,4461.9951,3250.9551,70.7843,1,NORMAL
NK-68,2026-01-22 03:00:00,4.7525,14879.928,4481.3936,3199.3215,70.882,1,NORMAL
NK-68,2026-01-22 04:00:00,4.7525,13606.636,4440.9863,3242.0912,71.2833,1,NORMAL
NK-68,2026-01-22 05:00:00,4.7497,14322.5734,4468.145,3254.9051,71.8456,1,NORMAL
NK-68,2026-01-22 06:00:00,4.7468,14243.4988,4450.3416,3197.4126,71.5678,1,NORMAL
NK-68,2026-01-22 07:00:00,4.755,14028.4721,4483.998,3242.5788,70.0938,1,NORMAL
NK-68,2026-01-22 08:00:00,4.7476,13751.157,4444.8645,3224.3445,71.2392,1,NORMAL
NK-68,2026-01-22 09:00:00,4.7471,13354.1186,4463.628,3292.3981,70.9495,1,NORMAL
NK-68,2026-01-22 10:00:00,4.7465,14592.7254,4463.8699,3197.492,71.6324,1,NORMAL
NK-68,2026-01-22 11:00:00,4.751,13137.3603,4454.1177,3289.6615,71.0489,1,NORMAL
NK-68,2026-01-22 12:00:00,4.7521,13689.1788,4479.5036,3300.2906,70.7107,1,NORMAL
NK-68,2026-01-22 13:00:00,4.7501,14535.8784,4498.6451,3186.7419,70.1878,1,NORMAL
NK-68,2026-01-22 14:00:00,4.7612,12522.2419,4440.3437,3322.9814,70.1284,1,NORMAL
NK-68,2026-01-22 15:00:00,4.7506,13501.527,4466.3533,3292.6438,71.824,1,NORMAL
NK-68,2026-01-22 16:00:00,4.7503,14642.469,4496.0635,3235.9337,71.3333,1,NORMAL
NK-68,2026-01-22 17:00:00,4.7525,12714.3814,4431.3475,3265.6968,69.9007,1,NORMAL
NK-68,2026-01-22 18:00:00,4.7506,12892.2069,4467.9749,3311.1692,70.3928,1,NORMAL
NK-68,2026-01-22 19:00:00,4.7525,14500.8226,4520.8181,3239.313,70.9907,1,NORMAL
NK-68,2026-01-22 20:00:00,4.7466,13193.1106,4440.5894,3243.1458,70.8305,1,NORMAL
NK-68,2026-01-22 21:00:00,4.7512,13374.7114,4481.0345,3313.2482,67.461,1,NORMAL
NK-68,2026-01-22 22:00:00,4.7504,14227.1823,4520.6858,3243.4709,63.5044,1,NORMAL
NK-68,2026-01-22 23:00:00,4.7476,14650.7222,4550.9138,3157.2132,62.3167,1,NORMAL
NK-68,2026-01-23 00:00:00,4.7506,13365.835,4555.2683,3239.313,65.7864,1,NORMAL
NK-68,2026-01-23 01:00:00,4.7737,14323.6036,4569.5564,3172.3631,67.6751,1,NORMAL
NK-68,2026-01-23 02:00:00,4.7507,16436.7578,4610.3001,3040.9921,73.9087,1,NORMAL
NK-68,2026-01-23 03:00:00,4.777,15085.9053,4571.8394,3096.8252,74.2844,1,NORMAL
NK-68,2026-01-23 04:00:00,4.7491,15592.7351,4586.6907,3103.2587,73.0287,1,NORMAL
NK-68,2026-01-23 05:00:00,4.7517,20194.1868,4741.6635,2898.0923,80.0602,1,NORMAL
NK-68,2026-01-23 06:00:00,4.7699,15967.4144,4617.0813,3044.5074,80.7232,1,NORMAL
NK-68,2026-01-23 07:00:00,4.7485,16687.6196,4632.8322,3013.6671,78.8441,1,NORMAL
NK-68,2026-01-23 08:00:00,4.7475,16535.3946,4597.2102,3026.2769,75.7638,1,NORMAL
NK-68,2026-01-23 09:00:00,4.7473,16523.5729,4594.9801,3031.3231,73.7042,1,NORMAL
NK-68,2026-01-23 10:00:00,4.7501,16130.8871,4565.5534,3026.8061,73.3904,1,NORMAL
NK-68,2026-01-23 11:00:00,4.7502,16524.7307,4584.1317,3027.7284,72.562,1,NORMAL
NK-68,2026-01-23 12:00:00,4.7468,16317.5208,4554.3838,3012.9716,73.0368,1,NORMAL
NK-68,2026-01-23 13:00:00,4.7489,16612.8988,4560.9419,3018.4336,73.157,1,NORMAL
NK-68,2026-01-23 14:00:00,4.7471,16708.6588,4603.5189,3027.6225,73.8781,1,NORMAL
NK-68,2026-01-23 15:00:00,4.7465,17187.9826,4584.5702,3012.019,74.6982,1,NORMAL
NK-68,2026-01-23 16:00:00,4.747,17265.416,4582.9222,2964.3316,76.4215,1,NORMAL
NK-68,2026-01-23 17:00:00,4.7498,17182.2278,4552.921,2964.6075,76.2191,1,NORMAL
NK-68,2026-01-23 18:00:00,4.7498,17044.3988,4560.4279,3005.2265,75.2528,1,NORMAL
NK-68,2026-01-23 19:00:00,4.7459,16592.5973,4535.0495,3028.3369,74.2714,1,NORMAL
NK-68,2026-01-23 20:00:00,4.7495,16477.3129,4560.2238,3052.8308,73.6499,1,NORMAL
NK-68,2026-01-23 21:00:00,4.7478,16259.1793,4523.1995,3073.9794,73.6706,1,NORMAL
NK-68,2026-01-23 22:00:00,4.7534,16279.1544,4532.0823,3052.5473,72.3596,1,NORMAL
NK-68,2026-01-23 23:00:00,4.7487,16327.329,4528.8089,3050.9219,72.3853,1,NORMAL
NK-68,2026-01-24 00:00:00,4.7731,15733.7162,4520.7803,3077.1546,70.0667,1,NORMAL
NK-68,2026-01-24 01:00:00,4.7515,15832.239,4531.3074,3058.8409,69.9668,1,NORMAL
NK-68,2026-01-24 02:00:00,4.7601,15734.9679,4536.7316,3104.748,70.8348,1,NORMAL
NK-68,2026-01-24 03:00:00,4.746,15744.2988,4519.4347,3109.813,71.6019,1,NORMAL
NK-68,2026-01-24 04:00:00,4.7492,15608.1469,4502.9013,3085.2625,72.803,1,NORMAL
NK-68,2026-01-24 05:00:00,4.7483,15690.6139,4515.5338,3126.9587,74.2564,1,NORMAL
NK-68,2026-01-24 06:00:00,4.7525,15567.8457,4525.0592,3121.3342,73.5692,1,NORMAL
NK-68,2026-01-24 07:00:00,4.7506,15423.712,4487.0635,3110.2666,74.9217,1,NORMAL
NK-68,2026-01-24 08:00:00,4.7686,15601.2616,4513.4927,3128.2742,74.6562,1,NORMAL
NK-68,2026-01-24 09:00:00,4.7542,15605.8578,4512.4948,3120.2796,76.2196,1,NORMAL
NK-68,2026-01-24 10:00:00,3.7994,13184.0686,3623.4924,2493.6904,67.2682,-1,ANOMALÍA
NK-68,2026-01-24 11:00:00,4.7534,15604.6107,4546.8996,3113.0449,76.4505,1,NORMAL
NK-68,2026-01-24 12:00:00,4.7485,16101.6578,4534.1915,3134.7151,77.0004,1,NORMAL
NK-68,2026-01-24 13:00:00,4.7744,16073.7834,4533.3599,3118.6732,76.5709,1,NORMAL
NK-68,2026-01-24 14:00:00,4.7497,15734.6455,4539.6988,3140.9974,77.9857,1,NORMAL
NK-68,2026-01-24 15:00:00,4.7543,16412.1255,4534.5166,3119.8147,78.0674,1,NORMAL
NK-68,2026-01-24 16:00:00,4.7651,15596.6832,4539.4947,3154.4917,77.7291,1,NORMAL
NK-68,2026-01-24 17:00:00,4.7538,15339.368,4512.1092,3143.7983,77.157,1,NORMAL
NK-68,2026-01-24 18:00:00,4.7501,15252.5378,4518.1306,3154.8999,77.3903,1,NORMAL
NK-68,2026-01-24 19:00:00,4.7714,15070.0547,4499.885,3165.4685,76.2586,1,NORMAL
NK-68,2026-01-24 20:00:00,4.7815,15612.8172,4519.0265,3114.1788,75.1232,1,NORMAL
NK-68,2026-01-24 21:00:00,4.7555,14995.3955,4482.331,3199.8053,74.5861,1,NORMAL
NK-68,2026-01-24 22:00:00,4.7494,14712.7399,4483.2155,3171.2745,74.6589,1,NORMAL
NK-68,2026-01-24 23:00:00,4.7467,14771.6071,4502.3154,3198.5466,74.2114,1,NORMAL
NK-68,2026-01-25 00:00:00,4.7468,14694.3297,4464.384,3214.3655,73.8835,1,NORMAL
NK-68,2026-01-25 01:00:00,4.7515,15215.0822,4511.6329,3177.398,72.9985,1,NORMAL
NK-68,2026-01-25 02:00:00,4.7501,14624.2443,4468.2584,3207.3916,73.2531,1,NORMAL
NK-68,2026-01-25 03:00:00,4.7486,15141.6451,4515.1672,3206.8435,72.4297,1,NORMAL
NK-68,2026-01-25 04:00:00,4.7548,14415.1857,4439.342,3214.5923,72.5509,1,NORMAL
NK-68,2026-01-25 05:00:00,4.7501,14754.4973,4508.9719,3237.1811,71.8141,1,NORMAL
NK-68,2026-01-25 06:00:00,4.7502,14686.955,4479.3373,3151.498,72.8135,1,NORMAL
NK-68,2026-01-25 07:00:00,4.7515,14017.7189,4506.0765,3263.1265,71.2163,1,NORMAL
NK-68,2026-01-25 08:00:00,4.7515,15114.6144,4503.8085,3175.3568,71.9907,1,NORMAL
NK-68,2026-01-25 09:00:00,4.769,13548.6719,4477.3869,3281.4969,69.836,1,NORMAL
NK-68,2026-01-25 10:00:00,4.7491,14678.895,4485.5515,3221.6457,71.568,1,NORMAL
NK-68,2026-01-25 11:00:00,4.754,13955.4093,4488.3297,3216.539,71.6044,1,NORMAL
NK-68,2026-01-25 12:00:00,4.7525,13304.9044,4459.2433,3283.6514,70.7479,1,NORMAL
NK-68,2026-01-25 13:00:00,4.7635,15076.2585,4493.0357,3191.9128,71.2235,1,NORMAL
NK-68,2026-01-25 14:00:00,4.7515,13134.7883,4449.7746,3299.1302,70.2515,1,NORMAL
NK-68,2026-01-25 15:00:00,4.7517,13414.8904,4471.3088,3274.058,71.8063,1,NORMAL
NK-68,2026-01-25 16:00:00,4.7663,14836.2687,4482.5465,3200.7578,70.8021,1,NORMAL
NK-68,2026-01-25 17:00:00,4.7492,12472.1986,4462.1349,3335.1339,69.9124,1,NORMAL
NK-68,2026-01-25 18:00:00,4.7506,13358.7924,4473.5314,3287.6203,70.8021,1,NORMAL
NK-68,2026-01-25 19:00:00,4.75,14418.529,4467.7103,3205.2181,71.0246,1,NORMAL
NK-68,2026-01-25 20:00:00,4.7492,12224.2752,4444.7851,3345.1696,70.5901,1,NORMAL
NK-68,2026-01-25 21:00:00,4.7493,13158.4762,4478.3167,3303.6434,70.6431,1,NORMAL
NK-68,2026-01-25 22:00:00,4.7696,14354.3471,4476.8086,3210.0904,70.067,1,NORMAL
NK-68,2026-01-25 23:00:00,4.7506,12320.7758,4452.3827,3348.855,70.6318,1,NORMAL
NK-68,2026-01-26 00:00:00,4.7511,12677.5312,4448.051,3350.76,70.4244,1,NORMAL
NK-68,2026-01-26 01:00:00,4.7525,13892.2484,4464.8224,3234.0362,70.2522,1,NORMAL
NK-68,2026-01-26 02:00:00,4.7806,13105.5658,4469.0408,3261.4822,68.4633,1,NORMAL
NK-68,2026-01-26 03:00:00,4.7506,12406.4801,4450.455,3367.9057,70.2783,1,NORMAL
NK-68,2026-01-26 04:00:00,4.7502,13495.751,4455.9623,3288.4065,71.0097,1,NORMAL
NK-68,2026-01-26 05:00:00,4.7741,13637.8686,4459.1072,3243.8035,69.1938,1,NORMAL
NK-68,2026-01-26 06:00:00,4.7481,12023.7201,4424.3773,3387.4706,76.2562,1,NORMAL
NK-68,2026-01-26 07:00:00,4.7502,12879.7545,4454.8435,3323.9075,69.2453,1,NORMAL
NK-68,2026-01-26 08:00:00,4.7525,14091.2632,4483.5406,3235.7296,70.0755,1,NORMAL
NK-68,2026-01-26 09:00:00,4.7525,12368.9988,4419.1459,3347.9931,70.1446,1,NORMAL
NK-68,2026-01-26 10:00:00,4.75,12518.767,4462.0404,3343.1246,69.4059,1,NORMAL
NK-68,2026-01-26 11:00:00,4.7517,13588.9609,4472.0383,3285.9194,70.5001,1,NORMAL
NK-68,2026-01-26 12:00:00,4.7823,13829.641,4473.1345,3215.5562,69.6046,1,NORMAL
NK-68,2026-01-26 13:00:00,4.7498,11779.5577,4463.5978,3402.8095,68.556,1,NORMAL
NK-68,2026-01-26 14:00:00,4.7626,12243.0573,4495.7573,3359.004,68.1328,1,NORMAL
NK-68,2026-01-26 15:00:00,4.7833,13299.3682,4483.0454,3296.8622,67.9233,1,NORMAL
NK-68,2026-01-26 16:00:00,4.7513,12758.5349,4425.3941,3285.0122,61.3811,1,NORMAL
NK-68,2026-01-26 17:00:00,4.7558,11674.6903,4419.0439,3409.0123,70.8046,1,NORMAL
NK-68,2026-01-26 18:00:00,4.7515,12796.1917,4455.5239,3318.4077,73.4242,1,NORMAL
NK-68,2026-01-26 19:00:00,4.7506,13750.7699,4447.8884,3260.4805,69.298,1,NORMAL
NK-68,2026-01-26 20:00:00,3.1683,8598.2939,2942.3627,2199.6091,51.016,-1,ANOMALÍA
NK-68,2026-01-26 21:00:00,4.75,11948.4186,4467.8388,3395.6201,69.1452,1,NORMAL
NK-68,2026-01-26 22:00:00,4.7514,12402.6327,4579.6336,3307.9185,58.0721,1,NORMAL
NK-68,2026-01-26 23:00:00,4.7542,12675.4298,4595.5849,3210.8313,52.6126,1,NORMAL
NK-68,2026-01-27 00:00:00,4.7495,14579.6759,4627.9334,3066.8732,62.3638,1,NORMAL
NK-68,2026-01-27 01:00:00,4.7519,13049.2426,4563.2175,3206.4844,66.8354,1,NORMAL
NK-68,2026-01-27 02:00:00,4.7526,13691.3562,4624.4256,3194.1959,65.8328,1,NORMAL
NK-68,2026-01-27 03:00:00,4.7525,15046.0236,4645.442,3114.6665,68.1577,1,NORMAL
NK-68,2026-01-27 04:00:00,4.7597,16804.9193,4631.8116,3010.7376,70.1228,1,NORMAL
NK-68,2026-01-27 05:00:00,4.7486,17011.2608,4666.3525,3025.2336,80.1759,1,NORMAL
NK-68,2026-01-27 06:00:00,4.7517,17424.4271,4719.1504,3021.2723,82.3418,1,NORMAL
NK-68,2026-01-27 07:00:00,4.7514,19221.7725,4701.1882,2924.2947,84.1627,1,NORMAL
NK-68,2026-01-27 08:00:00,4.7478,18058.4744,4692.124,2956.0649,81.5046,1,NORMAL
NK-68,2026-01-27 09:00:00,4.7506,18270.425,4719.2449,2939.6979,80.771,1,NORMAL
NK-68,2026-01-27 10:00:00,4.7589,18672.7507,4704.1819,2873.7572,80.0878,1,NORMAL
NK-68,2026-01-27 11:00:00,4.7506,18853.308,4688.1021,2872.7442,79.7226,1,NORMAL
NK-68,2026-01-27 12:00:00,4.7539,18727.8082,4647.7666,2930.8151,78.4364,1,NORMAL
NK-68,2026-01-27 13:00:00,4.7531,18283.4613,4644.5197,2901.2826,77.0929,1,NORMAL
NK-68,2026-01-27 14:00:00,4.7529,18204.0693,4640.2257,2964.7776,75.5705,1,NORMAL
NK-68,2026-01-27 15:00:00,4.7607,18073.0993,4632.7982,2936.3716,76.6923,1,NORMAL
NK-68,2026-01-27 16:00:00,4.7509,17785.7531,4637.3076,2988.2207,75.9187,1,NORMAL
NK-68,2026-01-27 17:00:00,4.7482,17563.904,4590.7466,2959.2968,75.7178,1,NORMAL
NK-68,2026-01-27 18:00:00,4.7492,17287.0995,4596.7378,2959.6748,75.2367,1,NORMAL
NK-68,2026-01-27 19:00:00,4.7489,17618.0602,4605.5072,2972.5832,77.3353,1,NORMAL
NK-68,2026-01-27 20:00:00,4.7544,17288.6525,4603.8251,3005.544,76.0888,1,NORMAL
NK-68,2026-01-27 21:00:00,4.7729,17397.3212,4579.8075,2976.3517,76.1114,1,NORMAL
NK-68,2026-01-27 22:00:00,4.7497,17274.3265,4609.5403,3014.2416,76.3817,1,NORMAL
NK-68,2026-01-27 23:00:00,4.7476,17064.9814,4582.5744,3021.8166,76.6177,1,NORMAL
NK-68,2026-01-28 00:00:00,4.7482,16711.0579,4566.0259,3052.5095,75.3134,1,NORMAL
NK-68,2026-01-28 01:00:00,4.7491,16857.7747,4557.8991,3058.8409,73.9389,1,NORMAL
NK-68,2026-01-28 02:00:00,4.7492,16539.5575,4553.3065,3070.9177,73.9212,1,NORMAL
NK-68,2026-01-28 03:00:00,4.7701,16256.7075,4555.2683,3051.5267,71.0778,1,NORMAL
NK-68,2026-01-28 04:00:00,4.7537,15939.1401,4528.7219,3093.6652,72.9439,1,NORMAL
NK-68,2026-01-28 05:00:00,4.767,16048.8229,4551.4884,3094.9958,72.7689,1,NORMAL
NK-68,2026-01-28 06:00:00,4.7492,15857.0375,4515.3751,3130.1679,74.4122,1,NORMAL
NK-68,2026-01-28 07:00:00,4.7482,15671.3673,4511.4515,3093.8353,74.7197,1,NORMAL
NK-68,2026-01-28 08:00:00,4.7698,15811.8994,4515.0916,3077.2869,74.2537,1,NORMAL
NK-68,2026-01-28 09:00:00,4.7539,15973.2496,4512.4948,3099.3578,75.0049,1,NORMAL
NK-68,2026-01-28 10:00:00,4.7486,16108.008,4537.3968,3109.2839,76.2665,1,NORMAL
NK-68,2026-01-28 11:00:00,4.7497,16432.6181,4516.0176,3093.7862,76.583,1,NORMAL
NK-68,2026-01-28 12:00:00,4.7513,16043.8456,4523.139,3122.4984,76.9395,1,NORMAL
NK-68,2026-01-28 13:00:00,4.7491,15816.7868,4524.9231,3124.5094,76.6357,1,NORMAL
NK-68,2026-01-28 14:00:00,4.7487,16023.0206,4570.2216,3122.3624,77.6072,1,NORMAL
NK-68,2026-01-28 15:00:00,4.7477,16522.4848,4550.551,3112.1566,77.2521,1,NORMAL
NK-68,2026-01-28 16:00:00,4.7473,15022.255,4549.451,3134.5904,69.3009,1,NORMAL
NK-68,2026-01-28 17:00:00,4.7484,16181.8408,4547.2624,3080.84,74.3941,1,NORMAL
NK-68,2026-01-28 18:00:00,4.7477,15941.6072,4626.2665,3083.5048,71.7481,1,NORMAL
NK-68,2026-01-28 19:00:00,4.7497,16019.7376,4592.0696,3047.641,74.5596,1,NORMAL
NK-68,2026-01-28 20:00:00,4.1587,16729.9502,4083.8976,2639.1567,77.0306,-1,ANOMALÍA
NK-68,2026-01-28 21:00:00,4.7669,16841.644,4640.4071,3034.6305,78.9796,1,NORMAL
NK-68,2026-01-28 22:00:00,4.7569,17139.556,4646.2358,2981.5038,77.8615,1,NORMAL
NK-68,2026-01-28 23:00:00,4.7493,16282.4986,4589.0456,3048.7296,75.8956,1,NORMAL
NK-68,2026-01-29 00:00:00,4.7483,16265.6274,4578.5375,3018.8682,74.4688,1,NORMAL
NK-68,2026-01-29 01:00:00,4.7502,16329.6905,4598.4047,3053.7947,73.343,1,NORMAL
NK-68,2026-01-29 02:00:00,4.7516,16195.6958,4578.6735,3024.78,72.8985,1,NORMAL
NK-68,2026-01-29 03:00:00,4.7414,17156.3523,4613.7852,3022.1379,74.3312,1,NORMAL
NK-68,2026-01-29 04:00:00,4.7522,16806.0691,4575.0751,3037.7829,73.3711,1,NORMAL
NK-68,2026-01-29 05:00:00,4.7521,16460.049,4584.2754,3058.0584,74.6635,1,NORMAL
NK-68,2026-01-29 06:00:00,4.7494,17066.1822,4582.5858,3004.3987,74.9933,1,NORMAL
NK-68,2026-01-29 07:00:00,4.7522,17466.2032,4610.3341,2984.3954,76.489,1,NORMAL
NK-68,2026-01-29 08:00:00,4.7515,17551.1416,4585.8516,2967.726,76.2426,1,NORMAL
NK-68,2026-01-29 09:00:00,4.7498,17387.5581,4581.0889,2978.6688,76.7657,1,NORMAL
NK-68,2026-01-29 10:00:00,4.7506,16889.4441,4575.3623,3030.6049,72.4704,1,NORMAL
NK-68,2026-01-29 11:00:00,4.7713,17171.8009,4578.6887,3009.872,72.1039,1,NORMAL
NK-68,2026-01-29 12:00:00,4.7513,17271.2279,4576.7004,3037.3634,73.0241,1,NORMAL
NK-68,2026-01-29 13:00:00,4.75,16962.5702,4570.7508,3024.0845,71.0334,1,NORMAL
NK-68,2026-01-29 14:00:00,4.7735,16064.4252,4585.6135,3086.714,69.0678,1,NORMAL
NK-68,2026-01-29 15:00:00,4.7481,16089.0938,4574.3796,3079.6493,71.7354,1,NORMAL
NK-68,2026-01-29 16:00:00,4.751,15841.6522,4517.2423,3095.782,72.2966,1,NORMAL
NK-68,2026-01-29 17:00:00,4.767,15728.4273,4523.3356,3086.4418,71.8194,1,NORMAL
NK-68,2026-01-29 18:00:00,4.7497,16217.1149,4538.8861,3066.4952,74.6556,1,NORMAL
NK-68,2026-01-29 19:00:00,4.7501,16034.3194,4530.4569,3085.1491,75.0942,1,NORMAL
NK-68,2026-01-29 20:00:00,4.7587,16421.278,4534.4636,3060.315,74.9202,1,NORMAL
NK-68,2026-01-29 21:00:00,4.786,15979.3051,4518.4368,3084.6842,75.628,1,NORMAL
NK-68,2026-01-29 22:00:00,4.7519,16047.6307,4520.5233,3076.58,76.8152,1,NORMAL
NK-68,2026-01-29 23:00:00,4.7495,15909.285,4509.2894,3099.2671,76.7709,1,NORMAL
NK-68,2026-01-30 00:00:00,4.7492,16071.3857,4516.7358,3104.9936,77.5601,1,NORMAL
NK-68,2026-01-30 01:00:00,4.7461,16135.1393,4559.1692,3144.9663,77.5719,1,NORMAL
NK-68,2026-01-30 02:00:00,4.753,16451.931,4539.8349,3114.7232,77.8441,1,NORMAL
NK-68,2026-01-30 03:00:00,4.7954,15449.2025,4477.3869,3121.8899,76.1157,1,NORMAL
NK-68,2026-01-30 04:00:00,4.7495,16612.7353,4543.8378,3106.139,79.1471,1,NORMAL
NK-68,2026-01-30 05:00:00,4.7486,15524.3385,4532.7853,3160.2371,77.8181,1,NORMAL
NK-68,2026-01-30 06:00:00,4.761,15613.0098,4505.5548,3126.5959,75.1097,1,NORMAL
NK-68,2026-01-30 07:00:00,4.7534,15410.5901,4511.1226,3162.0326,74.6996,1,NORMAL
NK-68,2026-01-30 08:00:00,4.7499,15394.6141,4509.2062,3148.0393,73.7579,1,NORMAL
NK-68,2026-01-30 09:00:00,0.0,0.0,0.0,0.0,0.0,-1,ANOMALÍA
NK-68,2026-01-30 10:00:00,4.7513,18616.7418,4589.4236,3106.6379,92.7106,1,NORMAL
NK-68,2026-01-30 11:00:00,4.7492,15820.149,4506.7757,3142.8873,78.1959,1,NORMAL
NK-68,2026-01-30 12:00:00,4.7525,16737.677,4549.3565,3093.4838,78.3503,1,NORMAL
NK-68,2026-01-30 13:00:00,4.7493,15696.1962,4545.0285,3145.3254,78.4133,1,NORMAL
NK-68,2026-01-30 14:00:00,4.7488,16250.2036,4536.2742,3090.7736,78.6199,1,NORMAL
NK-68,2026-01-30 15:00:00,4.7723,15667.605,4507.9702,3153.5051,77.9449,1,NORMAL
NK-68,2026-01-30 16:00:00,4.7508,15469.6692,4510.8203,3176.3396,79.2648,1,NORMAL
NK-68,2026-01-30 17:00:00,4.7501,15339.4618,4531.4019,3166.0015,78.988,1,NORMAL
NK-68,2026-01-30 18:00:00,4.7476,15555.7362,4541.2864,3136.8924,79.5335,1,NORMAL
NK-68,2026-01-30 19:00:00,4.7519,16521.4028,4550.963,3128.9016,79.8299,1,NORMAL
NK-68,2026-01-30 20:00:00,2.9862,10695.4384,2821.0085,1959.0174,58.9091,-1,ANOMALÍA
NK-68,2026-01-30 21:00:00,4.7468,16824.9547,4524.2125,3091.4426,83.1751,1,NORMAL
NK-68,2026-01-30 22:00:00,4.7506,15249.2659,4528.189,3161.5223,81.4593,1,NORMAL
NK-68,2026-01-30 23:00:00,4.7495,15639.1079,4493.5082,3140.3926,79.492,1,NORMAL
NK-68,2026-01-31 00:00:00,4.7724,14974.1381,4503.8312,3182.7503,78.0349,1,NORMAL
NK-68,2026-01-31 01:00:00,4.7495,14949.3017,4463.4617,3161.7037,77.8046,1,NORMAL
NK-68,2026-01-31 02:00:00,4.752,15055.2798,4499.0534,3191.172,75.375,1,NORMAL
NK-68,2026-01-31 03:00:00,4.7479,15317.6155,4484.5309,3142.7739,75.2892,1,NORMAL
NK-68,2026-01-31 04:00:00,4.7484,14194.9811,4461.8703,3233.9833,73.8039,1,NORMAL
NK-68,2026-01-31 05:00:00,4.7508,15376.2193,4476.7821,3173.5991,73.5588,1,NORMAL
NK-68,2026-01-31 06:00:00,4.7511,14055.579,4445.3521,3230.6381,72.0912,1,NORMAL
NK-68,2026-01-31 07:00:00,4.7488,14908.1805,4473.3386,3159.844,72.6103,1,NORMAL
NK-68,2026-01-31 08:00:00,4.7528,14209.9549,4442.7251,3232.2634,72.6853,1,NORMAL
NK-68,2026-01-31 09:00:00,4.7472,15394.6445,4476.8879,3160.8268,73.0278,1,NORMAL
NK-68,2026-01-31 10:00:00,3.5655,10528.4114,3336.9671,2409.9615,54.5101,-1,ANOMALÍA
NK-68,2026-01-31 11:00:00,0.4747,830.9883,433.7681,356.1135,9.9917,-1,ANOMALÍA
NK-68,2026-01-31 12:00:00,4.7731,18594.1503,4591.3287,3079.105,97.2144,1,NORMAL
NK-68,2026-01-31 13:00:00,4.7469,14827.1671,4532.3166,3233.2009,83.2559,1,NORMAL
NK-68,2026-01-31 14:00:00,4.7532,15032.7522,4551.9571,3235.4121,76.0384,1,NORMAL
NK-68,2026-01-31 15:00:00,4.7616,14894.0411,4500.1609,3157.5345,71.5411,1,NORMAL
NK-68,2026-01-31 16:00:00,4.75,13487.7392,4494.2151,3278.1856,72.0535,1,NORMAL
NK-68,2026-01-31 17:00:00,4.7527,15524.8095,4580.5786,3162.0893,73.8612,1,NORMAL
NK-68,2026-01-31 18:00:00,4.7536,14767.9685,4492.0945,3188.2274,74.9394,1,NORMAL
NK-68,2026-01-31 19:00:00,4.7691,13943.2656,4526.299,3247.2886,74.4243,1,NORMAL
NK-68,2026-01-31 20:00:00,4.7511,15378.3647,4498.2974,3135.5316,76.6364,1,NORMAL
NK-68,2026-01-31 21:00:00,4.751,14144.2061,4505.7703,3200.8372,74.5698,1,NORMAL
NK-68,2026-01-31 22:00:00,4.7472,14788.2733,4530.85,3168.1901,69.5241,1,NORMAL
NK-68,2026-01-31 23:00:00,4.7532,13596.4266,4535.9,3223.0404,64.4882,1,NORMAL
NK-68,2026-02-01 00:00:00,4.7483,14060.5652,4596.4769,3228.1774,63.8312,1,NORMAL
NK-68,2026-02-01 01:00:00,4.7493,14319.3979,4592.0696,3144.8151,64.8466,1,NORMAL
NK-68,2026-02-01 02:00:00,4.7515,14071.8151,4560.7114,3204.8855,69.6971,1,NORMAL
NK-68,2026-02-01 03:00:00,4.752,15539.585,4603.655,3108.9059,69.5127,1,NORMAL
NK-68,2026-02-01 04:00:00,4.7501,14459.7505,4560.7341,3165.8881,69.6409,1,NORMAL
NK-68,2026-02-01 05:00:00,4.7638,15978.4563,4565.4741,3070.8648,71.8008,1,NORMAL
NK-68,2026-02-01 06:00:00,4.7483,14726.5202,4560.8475,3138.4799,71.5944,1,NORMAL
NK-68,2026-02-01 07:00:00,4.7521,15420.5408,4603.5907,3122.2868,71.6028,1,NORMAL
NK-68,2026-02-01 08:00:00,4.7492,15778.871,4570.1914,3121.9088,73.0986,1,NORMAL
NK-68,2026-02-01 09:00:00,4.7529,15214.355,4566.1204,3140.7706,72.4481,1,NORMAL
NK-68,2026-02-01 10:00:00,4.7499,15960.7201,4555.2343,3101.4783,70.3904,1,NORMAL
NK-68,2026-02-01 11:00:00,4.7759,14369.7573,4565.7765,3148.4287,65.168,1,NORMAL
NK-68,2026-02-01 12:00:00,4.7515,15463.5463,4530.4418,3069.5947,67.8643,1,NORMAL
NK-68,2026-02-01 13:00:00,4.7562,15147.6686,4533.7908,3113.9294,68.7593,1,NORMAL
NK-68,2026-02-01 14:00:00,4.7511,15235.0878,4551.719,3125.1217,70.5562,1,NORMAL
NK-68,2026-02-01 15:00:00,4.7525,14768.9637,4552.7735,3182.7503,61.5364,1,NORMAL
NK-68,2026-02-01 16:00:00,4.7498,15470.053,4545.7089,3145.3443,73.0729,1,NORMAL
NK-68,2026-02-01 17:00:00,4.7539,15366.7657,4540.2204,3147.1889,73.1376,1,NORMAL
NK-68,2026-02-01 18:00:00,4.7478,15083.3724,4512.4645,3152.6584,75.1178,1,NORMAL
NK-68,2026-02-01 19:00:00,4.7515,15151.7272,4515.0538,3110.2666,74.6947,1,NORMAL
NK-68,2026-02-01 20:00:00,4.7509,15200.704,4506.908,3128.0889,76.5324,1,NORMAL
NK-68,2026-02-01 21:00:00,4.7562,15339.9143,4510.8581,3145.4955,75.8087,1,NORMAL
NK-68,2026-02-01 22:00:00,4.7525,15340.1291,4508.1705,3150.1221,76.9186,1,NORMAL
NK-68,2026-02-01 23:00:00,4.7504,15229.3292,4530.7858,3165.1737,77.1278,1,NORMAL
NK-68,2026-02-02 00:00:00,4.7514,15268.0073,4525.4334,3128.7504,77.6919,1,NORMAL
NK-68,2026-02-02 01:00:00,4.7506,15244.7952,4513.8102,3146.0095,77.8281,1,NORMAL
NK-68,2026-02-02 02:00:00,4.7482,15091.6626,4493.5914,3150.0692,78.6102,1,NORMAL
NK-68,2026-02-02 03:00:00,4.7486,15609.3043,4516.0743,3120.7937,78.5877,1,NORMAL
NK-68,2026-02-02 04:00:00,4.7656,14991.7718,4511.0433,3179.5298,78.1307,1,NORMAL
NK-68,2026-02-02 05:00:00,4.7541,15227.0693,4507.7094,3138.1171,78.3383,1,NORMAL
NK-68,2026-02-02 06:00:00,4.7559,15064.3366,4502.4251,3135.1234,76.0687,1,NORMAL
NK-68,2026-02-02 07:00:00,4.7515,14483.2249,4478.2941,3200.4743,73.993,1,NORMAL
NK-68,2026-02-02 08:00:00,4.7712,15089.0104,4483.9299,3142.3581,71.8739,1,NORMAL
NK-68,2026-02-02 09:00:00,4.748,14205.474,4525.9437,3181.5937,71.2691,1,NORMAL
NK-68,2026-02-02 10:00:00,4.7537,15100.1047,4509.6674,3111.7635,71.4631,1,NORMAL
NK-68,2026-02-02 11:00:00,4.7763,14025.4841,4552.2859,3187.7511,70.0005,1,NORMAL
NK-68,2026-02-02 12:00:00,4.7536,15171.1036,4528.9298,3135.8037,69.8706,1,NORMAL
NK-68,2026-02-02 13:00:00,4.7501,14167.7088,4514.071,3166.5118,70.0687,1,NORMAL
NK-68,2026-02-02 14:00:00,4.7497,15409.9492,4574.6819,3125.8021,69.6945,1,NORMAL
NK-68,2026-02-02 15:00:00,4.7492,13687.3548,4498.1953,3190.0418,69.0033,1,NORMAL
NK-68,2026-02-02 16:00:00,4.7758,17231.752,4607.7373,3066.1928,70.4395,1,NORMAL
NK-68,2026-02-02 17:00:00,4.7534,15102.9461,4543.9701,3099.6262,72.1948,1,NORMAL
NK-68,2026-02-02 18:00:00,4.748,15559.6269,4574.1263,3179.904,72.8821,1,NORMAL
NK-68,2026-02-02 19:00:00,4.7691,15315.7449,4516.9626,3145.6467,72.7769,1,NORMAL
NK-68,2026-02-02 20:00:00,4.7533,15712.8338,4561.7433,3166.1489,74.7918,1,NORMAL
NK-68,2026-02-02 21:00:00,4.7512,15365.432,4520.1377,3132.6437,76.0826,1,NORMAL
NK-68,2026-02-02 22:00:00,4.7459,15986.5339,4545.2553,3140.2603,76.0993,1,NORMAL
NK-68,2026-02-02 23:00:00,4.754,15243.3975,4531.3641,3168.9952,76.6809,1,NORMAL
NK-68,2026-02-03 00:00:00,4.7516,16273.0597,4599.07,3103.992,77.4134,1,NORMAL
NK-68,2026-02-03 01:00:00,4.7513,15303.1238,4558.9197,3175.5156,77.75,1,NORMAL
NK-68,2026-02-03 02:00:00,4.7509,15777.4976,4534.7849,3127.2952,78.2092,1,NORMAL
NK-68,2026-02-03 03:00:00,4.7702,15668.8183,4511.5384,3132.7949,77.7083,1,NORMAL
NK-68,2026-02-03 04:00:00,4.7501,15247.2184,4524.4469,3150.2959,78.7497,1,NORMAL
NK-68,2026-02-03 05:00:00,4.7498,15947.5352,4535.1289,3136.2914,78.0204,1,NORMAL
NK-68,2026-02-03 06:00:00,4.7506,15148.7819,4510.3856,3155.2854,76.993,1,NORMAL
NK-68,2026-02-03 07:00:00,4.751,15361.3942,4494.1584,3154.571,77.246,1,NORMAL
NK-68,2026-02-03 08:00:00,4.7524,15390.8971,4544.2612,3142.0633,75.76,1,NORMAL
NK-68,2026-02-03 09:00:00,4.7524,15111.5889,4517.4691,3180.2858,76.0421,1,NORMAL
NK-68,2026-02-03 10:00:00,4.7501,16805.5164,4567.141,3083.845,75.8415,1,NORMAL
NK-68,2026-02-03 11:00:00,4.7501,15754.0234,4539.6988,3165.6046,75.3376,1,NORMAL
NK-68,2026-02-03 12:00:00,4.751,16642.4444,4558.9424,3074.1949,75.7785,1,NORMAL
NK-68,2026-02-03 13:00:00,4.7531,15450.8001,4523.1428,3177.568,73.8407,1,NORMAL
NK-68,2026-02-03 14:00:00,4.7492,16199.5733,4538.5762,3069.0353,74.2853,1,NORMAL
NK-68,2026-02-03 15:00:00,4.7538,14917.9657,4567.6967,3167.6458,73.3062,1,NORMAL
NK-68,2026-02-03 16:00:00,4.7504,15859.989,4554.6484,3137.6143,73.9499,1,NORMAL
NK-68,2026-02-03 17:00:00,3.8006,11699.0863,3613.2866,2579.6117,58.3224,-1,ANOMALÍA
NK-68,2026-02-03 18:00:00,4.7682,15642.2231,4515.8967,3144.6941,72.9073,1,NORMAL
NK-68,2026-02-03 19:00:00,4.7456,14722.1662,4539.2641,3196.0896,73.7068,1,NORMAL
NK-68,2026-02-03 20:00:00,4.7596,15443.7239,4531.1222,3163.5181,72.8497,1,NORMAL
NK-68,2026-02-03 21:00:00,4.753,14965.9056,4525.8076,3184.9956,73.0592,1,NORMAL
NK-68,2026-02-03 22:00:00,4.7487,17085.1173,4580.1061,3114.33,74.4374,1,NORMAL
NK-68,2026-02-03 23:00:00,4.7487,14868.582,4506.3978,3169.1577,73.4816,1,NORMAL
NK-68,2026-02-04 00:00:00,4.7709,16003.6243,4574.663,3143.6055,72.3594,1,NORMAL
NK-68,2026-02-04 01:00:00,4.753,14983.9986,4516.7585,3177.9309,72.7404,1,NORMAL
NK-68,2026-02-04 02:00:00,4.7529,16126.5658,4550.2032,3128.8336,73.0208,1,NORMAL
NK-68,2026-02-04 03:00:00,4.7525,15230.1629,4574.115,3179.5714,72.6622,1,NORMAL
NK-68,2026-02-04 04:00:00,4.7487,15802.133,4535.8093,3122.5249,73.057,1,NORMAL
NK-68,2026-02-04 05:00:00,4.7524,14788.2069,4544.4955,3194.1468,73.2396,1,NORMAL
NK-68,2026-02-04 06:00:00,4.7703,15713.8543,4583.9579,3109.3935,71.4542,1,NORMAL
NK-68,2026-02-04 07:00:00,4.7529,15005.7259,4524.9685,3214.0934,73.2608,1,NORMAL
NK-68,2026-02-04 08:00:00,4.7515,15509.2862,4538.2813,3125.9722,72.8398,1,NORMAL
NK-68,2026-02-04 09:00:00,4.752,15273.096,4540.0957,3163.9603,72.3414,1,NORMAL
NK-68,2026-02-04 10:00:00,4.7583,15619.5672,4572.5047,3127.6391,73.5321,1,NORMAL
NK-68,2026-02-04 11:00:00,4.7481,17206.723,4581.9394,3104.1432,74.4822,1,NORMAL
NK-68,2026-02-04 12:00:00,4.7492,16609.7243,4532.3015,3100.2876,75.1479,1,NORMAL
NK-68,2026-02-04 13:00:00,4.7649,16262.9411,4553.1931,3108.3389,74.8501,1,NORMAL
NK-68,2026-02-04 14:00:00,4.7501,15495.5678,4512.37,3179.5525,75.9523,1,NORMAL
NK-68,2026-02-04 15:00:00,4.7483,16075.2511,4502.924,3132.9461,77.2222,1,NORMAL
NK-68,2026-02-04 16:00:00,4.7501,15795.43,4546.3893,3169.7436,77.3697,1,NORMAL
NK-68,2026-02-04 17:00:00,4.7506,16340.6783,4550.9819,3115.3695,77.7866,1,NORMAL
NK-68,2026-02-04 18:00:00,4.7695,16188.9902,4535.4842,3148.028,76.845,1,NORMAL
NK-68,2026-02-04 19:00:00,4.7492,16206.2215,4545.8185,3118.4313,78.4919,1,NORMAL
NK-68,2026-02-04 20:00:00,4.7499,16033.1594,4527.123,3125.9041,78.7523,1,NORMAL
NK-68,2026-02-04 21:00:00,4.7515,15568.0208,4521.7253,3161.2955,77.8343,1,NORMAL
NK-68,2026-02-04 22:00:00,4.7525,16205.1563,4573.2758,3124.464,78.2487,1,NORMAL
NK-68,2026-02-04 23:00:00,4.7473,15419.5252,4558.4094,3176.264,79.3063,1,NORMAL
NK-68,2026-02-05 00:00:00,4.7519,15733.675,4545.2666,3125.3031,79.3811,1,NORMAL
NK-68,2026-02-05 01:00:00,4.7506,15701.4303,4529.2284,3166.6252,79.2626,1,NORMAL
NK-68,2026-02-05 02:00:00,4.7495,15707.0375,4573.2002,3149.9558,79.6495,1,NORMAL
NK-68,2026-02-05 03:00:00,4.7519,16111.4282,4544.6694,3157.5912,79.246,1,NORMAL
NK-68,2026-02-05 04:00:00,4.7529,15590.8349,4537.2608,3152.3144,78.4212,1,NORMAL
NK-68,2026-02-05 05:00:00,4.7495,15931.2782,4536.5048,3178.5168,78.3023,1,NORMAL
NK-68,2026-02-05 06:00:00,4.7537,15083.613,4501.8241,3171.9435,77.7689,1,NORMAL
NK-68,2026-02-05 07:00:00,4.752,15049.8688,4535.0495,3225.8187,75.7617,1,NORMAL
NK-68,2026-02-05 08:00:00,4.7501,14790.3712,4506.36,3188.114,75.3044,1,NORMAL
NK-68,2026-02-05 09:00:00,4.7497,14773.6179,4512.937,3206.0308,74.7561,1,NORMAL
NK-68,2026-02-05 10:00:00,4.7531,14973.0235,4539.4909,3171.3501,72.2631,1,NORMAL
NK-68,2026-02-05 11:00:00,4.7537,13809.4101,4498.1046,3253.397,71.9979,1,NORMAL
NK-68,2026-02-05 12:00:00,4.7904,15302.8003,4532.1012,3124.7248,70.3972,1,NORMAL
NK-68,2026-02-05 13:00:00,4.7537,13799.4114,4506.2655,3228.578,71.5049,1,NORMAL
NK-68,2026-02-05 14:00:00,4.7511,15161.7928,4551.8323,3188.7944,72.4375,1,NORMAL
NK-68,2026-02-05 15:00:00,4.7487,13838.0103,4479.3146,3251.2197,71.1454,1,NORMAL
NK-68,2026-02-05 16:00:00,4.7724,14273.7302,4528.7938,3236.2135,80.3338,1,NORMAL
NK-68,2026-02-05 17:00:00,4.7784,15331.1016,4545.3498,3147.9902,69.9555,1,NORMAL
NK-68,2026-02-05 18:00:00,4.754,13924.4714,4521.3473,3214.3277,70.2146,1,NORMAL
NK-68,2026-02-05 19:00:00,4.7478,15603.2688,4591.3514,3176.831,70.1527,1,NORMAL
NK-68,2026-02-05 20:00:00,4.7473,13993.039,4549.7912,3186.7721,70.2968,1,NORMAL
NK-68,2026-02-05 21:00:00,4.75,14831.5528,4550.4149,3200.4554,69.281,1,NORMAL
NK-68,2026-02-05 22:00:00,4.7824,15832.379,4597.2594,3107.7265,68.406,1,NORMAL
NK-68,2026-02-05 23:00:00,4.7465,14166.7716,4525.2406,3187.8532,69.0605,1,NORMAL
NK-68,2026-02-06 00:00:00,4.75,14913.9377,4545.123,3166.1716,68.9389,1,NORMAL
NK-68,2026-02-06 01:00:00,4.7548,15398.1161,4580.6693,3115.9365,68.0241,1,NORMAL
NK-68,2026-02-06 02:00:00,4.7483,14920.9155,4579.1725,3177.8515,67.92,1,NORMAL
NK-68,2026-02-06 03:00:00,4.7492,15734.6366,4568.2712,3108.543,68.9044,1,NORMAL
NK-68,2026-02-06 04:00:00,4.7518,14580.1392,4572.0398,3174.0754,68.5125,1,NORMAL
NK-68,2026-02-06 05:00:00,4.7482,16393.1935,4578.3674,3114.519,69.6871,1,NORMAL
NK-68,2026-02-06 06:00:00,4.7453,14411.8576,4544.11,3162.2934,69.2616,1,NORMAL
NK-68,2026-02-06 07:00:00,4.7482,16199.3079,4593.109,3088.8912,68.3247,1,NORMAL
NK-68,2026-02-06 08:00:00,4.7443,14675.5478,4541.7211,3146.9318,68.1929,1,NORMAL
NK-68,2026-02-06 09:00:00,4.7671,15831.3184,4574.9541,3109.1327,66.3866,1,NORMAL
NK-68,2026-02-06 10:00:00,4.7472,14578.0701,4537.3968,3154.7184,66.0833,1,NORMAL
NK-68,2026-02-06 11:00:00,4.7514,15713.4772,4546.3099,3122.2074,66.4264,1,NORMAL
NK-68,2026-02-06 12:00:00,4.7508,14817.1316,4531.4208,3154.2875,65.9018,1,NORMAL
NK-68,2026-02-06 13:00:00,4.7517,16038.9385,4595.2636,3090.9097,65.6447,1,NORMAL
NK-68,2026-02-06 14:00:00,4.752,14508.2309,4532.4527,3151.3619,65.6252,1,NORMAL
NK-68,2026-02-06 15:00:00,4.7512,15508.5262,4567.5757,3069.8215,67.6004,1,NORMAL
NK-68,2026-02-06 16:00:00,4.7492,14900.4324,4547.6366,3139.5043,66.7644,1,NORMAL
NK-68,2026-02-06 17:00:00,4.7515,15059.8884,4525.6942,3130.9617,67.6704,1,NORMAL
NK-68,2026-02-06 18:00:00,4.7506,14822.1653,4558.3527,3146.9885,67.336,1,NORMAL
NK-68,2026-02-06 19:00:00,4.751,14884.0117,4544.8584,3133.2183,67.3904,1,NORMAL
NK-68,2026-02-06 20:00:00,4.7489,16884.1673,4572.3913,3054.0215,68.509,1,NORMAL
NK-68,2026-02-06 21:00:00,4.753,15102.3921,4551.6623,3104.8236,67.363,1,NORMAL
NK-68,2026-02-06 22:00:00,4.7728,15570.9006,4549.5379,3072.6035,67.7355,1,NORMAL
NK-68,2026-02-06 23:00:00,4.7509,14851.5743,4539.4909,3117.6753,67.2817,1,NORMAL
NK-68,2026-02-07 00:00:00,4.7495,15874.7703,4542.4771,3078.4473,67.9889,1,NORMAL
NK-68,2026-02-07 01:00:00,4.7487,14891.0785,4532.362,3140.7932,67.7302,1,NORMAL
NK-68,2026-02-07 02:00:00,4.748,15043.5344,4505.1126,3099.5846,68.2038,1,NORMAL
NK-68,2026-02-07 03:00:00,4.7534,15286.5071,4527.2705,3113.7253,69.1868,1,NORMAL
NK-68,2026-02-07 04:00:00,4.7456,14611.2119,4526.6014,3134.3825,69.1088,1,NORMAL
NK-68,2026-02-07 05:00:00,4.7517,15410.9255,4521.2944,3096.2053,69.2521,1,NORMAL
NK-68,2026-02-07 06:00:00,4.7468,14816.7354,4525.0138,3129.4081,69.3872,1,NORMAL
NK-68,2026-02-07 07:00:00,4.7462,15362.5076,4532.5132,3098.8664,69.8215,1,NORMAL
NK-68,2026-02-07 08:00:00,4.7506,15105.5807,4537.7144,3150.2279,69.0975,1,NORMAL
NK-68,2026-02-07 09:00:00,4.7473,15164.8994,4520.081,3140.8273,70.0982,1,NORMAL
NK-68,2026-02-07 10:00:00,4.7532,15783.7367,4538.7123,3117.8416,69.533,1,NORMAL
NK-68,2026-02-07 11:00:00,4.7526,14563.4255,4503.903,3193.009,69.3651,1,NORMAL
NK-68,2026-02-07 12:00:00,4.7489,15269.867,4522.3603,3140.7252,72.2768,1,NORMAL
NK-68,2026-02-07 13:00:00,4.7475,15107.5461,4537.4876,3162.8075,73.2408,1,NORMAL
NK-68,2026-02-07 14:00:00,4.7476,15272.8265,4509.2138,3145.4199,74.4983,1,NORMAL
NK-68,2026-02-07 15:00:00,4.7512,15744.7108,4503.3927,3107.3183,75.3252,1,NORMAL
NK-68,2026-02-07 16:00:00,4.7517,15011.8816,4521.8841,3152.6319,76.3087,1,NORMAL
NK-68,2026-02-07 17:00:00,4.7525,15068.2977,4489.8606,3159.878,76.8163,1,NORMAL
NK-68,2026-02-07 18:00:00,4.7498,15440.3171,4522.95,3149.2867,77.6803,1,NORMAL
NK-68,2026-02-07 19:00:00,4.7496,15469.574,4497.6283,3154.6277,77.519,1,NORMAL
NK-68,2026-02-07 20:00:00,4.7506,15032.4323,4516.9248,3164.8486,78.0354,1,NORMAL
NK-68,2026-02-07 21:00:00,4.7489,15590.6448,4547.1944,3152.2917,78.4359,1,NORMAL
NK-68,2026-02-07 22:00:00,4.752,15475.0524,4517.2461,3151.9969,78.6061,1,NORMAL
NK-68,2026-02-07 23:00:00,4.7646,15050.8179,4526.2612,3189.0212,78.6991,1,NORMAL
NK-68,2026-02-08 00:00:00,4.7516,15183.6777,4505.071,3184.3379,78.9176,1,NORMAL
NK-68,2026-02-08 01:00:00,4.7686,15090.7749,4515.2617,3156.7596,78.5149,1,NORMAL
NK-68,2026-02-08 02:00:00,4.7495,14997.1434,4519.2873,3178.891,79.3537,1,NORMAL
NK-68,2026-02-08 03:00:00,4.7495,15206.3257,4531.4208,3171.1044,79.7111,1,NORMAL
NK-68,2026-02-08 04:00:00,4.7496,15095.6537,4538.5611,3180.4219,79.5593,1,NORMAL
NK-68,2026-02-08 05:00:00,4.7509,14959.9721,4537.9412,3183.718,80.6863,1,NORMAL
NK-68,2026-02-08 06:00:00,4.75,15092.5302,4509.7241,3169.1388,79.1433,1,NORMAL
NK-68,2026-02-08 07:00:00,4.7482,15252.0835,4502.4477,3189.0212,80.8262,1,NORMAL
NK-68,2026-02-08 08:00:00,4.7478,15393.727,4520.0092,3156.2455,80.3971,1,NORMAL
NK-68,2026-02-08 09:00:00,4.7547,15195.4841,4506.7342,3169.0065,80.3301,1,NORMAL
NK-68,2026-02-08 10:00:00,4.7507,15370.5955,4568.3166,3191.2022,79.7321,1,NORMAL
NK-68,2026-02-08 11:00:00,4.7524,15214.9274,4531.8782,3190.3253,80.7747,1,NORMAL
NK-68,2026-02-08 12:00:00,4.7473,15511.6454,4520.357,3147.4761,81.3611,1,NORMAL
NK-68,2026-02-08 13:00:00,4.7503,15323.7541,4526.8282,3171.9738,81.7366,1,NORMAL
NK-68,2026-02-08 14:00:00,4.7486,15640.7877,4534.7811,3134.6244,80.8118,1,NORMAL
NK-68,2026-02-08 15:00:00,4.7531,15688.5052,4516.3956,3138.994,80.5115,1,NORMAL
NK-68,2026-02-08 16:00:00,4.7512,15751.5772,4532.3658,3119.414,81.602,1,NORMAL
NK-68,2026-02-08 17:00:00,4.7725,15783.0367,4517.3784,3167.797,80.9329,1,NORMAL
NK-68,2026-02-08 18:00:00,4.7508,15662.1299,4536.1722,3161.4013,81.1971,1,NORMAL
NK-68,2026-02-08 19:00:00,4.7555,15906.1417,4514.8534,3150.7949,81.3588,1,NORMAL
NK-68,2026-02-08 20:00:00,4.7637,15372.0999,4552.1839,3197.4769,80.7921,1,NORMAL
NK-68,2026-02-08 21:00:00,4.7506,16285.2067,4541.9101,3131.1885,80.8465,1,NORMAL
NK-68,2026-02-08 22:00:00,4.75,17266.623,4564.2494,3143.3787,83.7053,1,NORMAL
NK-68,2026-02-08 23:00:00,4.7636,17120.2799,4589.3291,3143.2464,79.0945,1,NORMAL
NK-68,2026-02-09 00:00:00,4.7487,14914.7277,4518.966,3224.6469,77.7124,1,NORMAL
NK-68,2026-02-09 01:00:00,4.7501,15651.4514,4515.9042,3175.2812,75.4321,1,NORMAL
NK-68,2026-02-09 02:00:00,4.7523,14539.1148,4482.2441,3236.856,72.5487,1,NORMAL
NK-68,2026-02-09 03:00:00,4.7506,15690.8543,4542.2503,3176.5664,72.5615,1,NORMAL
NK-68,2026-02-09 04:00:00,4.7511,14289.3855,4486.7044,3215.9531,72.3207,1,NORMAL
NK-68,2026-02-09 05:00:00,4.7475,15291.989,4535.2574,3189.5315,71.394,1,NORMAL
NK-68,2026-02-09 06:00:00,4.7732,14267.4283,4495.4549,3186.243,68.9266,1,NORMAL
NK-68,2026-02-09 07:00:00,4.7506,14466.9156,4505.1315,3216.0287,68.5217,1,NORMAL
NK-68,2026-02-09 08:00:00,4.7576,14421.5585,4570.4484,3199.8507,67.0533,1,NORMAL
NK-68,2026-02-09 09:00:00,4.7537,14084.0125,4589.5748,3230.7704,64.06,1,NORMAL
NK-68,2026-02-09 10:00:00,4.7525,16512.9884,4621.8553,3167.7214,75.4986,1,NORMAL
NK-68,2026-02-09 11:00:00,4.7594,15179.7581,4595.0557,3161.2199,66.6367,1,NORMAL
NK-68,2026-02-09 12:00:00,4.7517,13520.6692,4542.22,3243.2895,64.8951,1,NORMAL
NK-68,2026-02-09 13:00:00,4.7544,15317.2095,4545.6522,3124.2145,68.0102,1,NORMAL
NK-68,2026-02-09 14:00:00,4.7512,15321.6231,4599.9318,3113.8953,69.5712,1,NORMAL
NK-68,2026-02-09 15:00:00,4.7511,13956.607,4581.0322,3193.5571,69.6885,1,NORMAL
NK-68,2026-02-09 16:00:00,4.7512,17292.6741,4623.2161,3101.2704,72.1228,1,NORMAL
NK-68,2026-02-09 17:00:00,4.7544,16820.619,4576.7231,3080.6699,72.773,1,NORMAL
NK-68,2026-02-09 18:00:00,4.7553,15371.1427,4565.5345,3156.2304,72.9992,1,NORMAL
NK-68,2026-02-09 19:00:00,4.75,17985.9799,4607.9452,3036.4071,73.9593,1,NORMAL
NK-68,2026-02-09 20:00:00,4.7789,15309.1717,4575.0977,3145.0797,70.4338,1,NORMAL
NK-68,2026-02-09 21:00:00,4.7506,15566.4974,4570.146,3124.1011,70.8899,1,NORMAL
NK-68,2026-02-09 22:00:00,4.7525,15524.361,4612.3299,3118.3179,69.8828,1,NORMAL
NK-68,2026-02-09 23:00:00,4.7508,15126.0221,4568.4073,3159.0427,69.9755,1,NORMAL
NK-68,2026-02-10 00:00:00,4.7511,15748.0169,4583.4136,3093.3704,71.8017,1,NORMAL
NK-68,2026-02-10 01:00:00,4.749,15824.3097,4536.1117,3102.8882,71.3095,1,NORMAL
NK-68,2026-02-10 02:00:00,4.7451,15446.6739,4557.9445,3121.5724,70.81,1,NORMAL
NK-68,2026-02-10 03:00:00,4.7519,15531.8265,4550.6039,3108.4334,72.4171,1,NORMAL
NK-68,2026-02-10 04:00:00,4.7504,15649.667,4567.1032,3135.5921,72.1101,1,NORMAL
NK-68,2026-02-10 05:00:00,4.751,15907.1054,4537.669,3110.9924,72.0981,1,NORMAL
NK-68,2026-02-10 06:00:00,4.7574,15590.1237,4545.4632,3121.304,72.2219,1,NORMAL
NK-68,2026-02-10 07:00:00,4.7511,15684.6442,4539.4947,3146.0435,73.6699,1,NORMAL
NK-68,2026-02-10 08:00:00,4.7505,15611.7638,4536.0058,3119.4291,73.0278,1,NORMAL
NK-68,2026-02-10 09:00:00,4.7532,15948.2272,4557.8764,3129.5896,74.8914,1,NORMAL
NK-68,2026-02-10 10:00:00,4.7485,15588.6633,4551.2654,3168.8591,74.9156,1,NORMAL
NK-68,2026-02-10 11:00:00,4.7465,15276.0186,4524.3335,3146.5085,75.1675,1,NORMAL
NK-68,2026-02-10 12:00:00,4.7476,15963.8802,4556.047,3117.7698,75.1264,1,NORMAL
NK-68,2026-02-10 13:00:00,4.7522,15737.0368,4552.8491,3143.1368,76.1421,1,NORMAL
NK-68,2026-02-10 14:00:00,4.7815,15318.4643,4518.9924,3121.9466,73.8491,1,NORMAL
NK-68,2026-02-10 15:00:00,4.7475,15965.8785,4560.2578,3138.0263,76.2955,1,NORMAL
NK-68,2026-02-10 16:00:00,4.7607,16567.4878,4565.5156,3096.0919,75.3979,1,NORMAL
NK-68,2026-02-10 17:00:00,4.754,17076.8356,4587.1254,3088.4338,76.0745,1,NORMAL
NK-68,2026-02-10 18:00:00,4.7476,16410.4565,4535.0835,3121.6971,76.874,1,NORMAL
NK-68,2026-02-10 19:00:00,4.7505,16373.5463,4558.0239,3112.1037,76.5755,1,NORMAL
NK-68,2026-02-10 20:00:00,4.7486,15651.2164,4520.7236,3152.6206,76.5316,1,NORMAL
NK-68,2026-02-10 21:00:00,4.7475,15430.6498,4504.8518,3165.8087,76.39,1,NORMAL
NK-68,2026-02-10 22:00:00,4.7649,15388.7914,4494.5666,3140.7819,75.9091,1,NORMAL
NK-68,2026-02-10 23:00:00,4.7442,15248.3355,4518.6787,3148.338,76.5836,1,NORMAL
NK-68,2026-02-11 00:00:00,4.7655,15308.6138,4508.6392,3147.5971,75.5531,1,NORMAL
NK-68,2026-02-11 01:00:00,4.7461,15220.3805,4491.2214,3161.3862,76.7565,1,NORMAL
NK-68,2026-02-11 02:00:00,4.7487,15194.9925,4536.1268,3158.6874,77.2904,1,NORMAL
NK-68,2026-02-11 03:00:00,4.7473,15310.3541,4502.391,3141.5984,77.5838,1,NORMAL
NK-68,2026-02-11 04:00:00,4.7634,15369.7607,4509.1193,3143.2464,76.1069,1,NORMAL
NK-68,2026-02-11 05:00:00,4.7481,15333.3308,4479.9421,3142.6681,76.4197,1,NORMAL
NK-68,2026-02-11 06:00:00,4.75,15338.6917,4491.2214,3146.9318,76.8318,1,NORMAL
NK-68,2026-02-11 07:00:00,4.7501,15703.6002,4506.205,3145.8734,77.5406,1,NORMAL
NK-68,2026-02-11 08:00:00,4.7825,15543.385,4511.5422,3156.941,75.6835,1,NORMAL
NK-68,2026-02-11 09:00:00,4.7487,15677.1082,4508.6279,3172.5219,77.19,1,NORMAL
NK-68,2026-02-11 10:00:00,4.7515,17006.7718,4559.0331,3105.5984,77.0887,1,NORMAL
NK-68,2026-02-11 11:00:00,4.7621,19718.7508,4612.8213,2997.7385,84.5273,1,NORMAL
NK-68,2026-02-11 12:00:00,4.75,18236.2843,4582.1095,3056.7052,76.9417,1,NORMAL
NK-68,2026-02-11 13:00:00,4.7527,15094.4196,4492.1097,3161.0876,76.5461,1,NORMAL
NK-68,2026-02-11 14:00:00,4.7653,15178.2873,4489.8946,3156.4875,75.4743,1,NORMAL
NK-68,2026-02-11 15:00:00,4.7529,14961.1679,4478.5965,3171.9738,76.2647,1,NORMAL
NK-68,2026-02-11 16:00:00,2.3749,9117.892,2326.6899,1550.0077,44.8034,-1,ANOMALÍA
NK-68,2026-02-11 17:00:00,4.7638,20162.7629,4603.4849,3022.0434,90.9047,1,NORMAL
NK-68,2026-02-11 18:00:00,4.7461,16688.2966,4520.7047,3102.4649,77.6703,1,NORMAL
NK-68,2026-02-11 19:00:00,4.7478,16523.0012,4536.4141,3109.0117,76.9395,1,NORMAL
NK-68,2026-02-11 20:00:00,4.7517,16289.9622,4513.2659,3128.4556,76.9641,1,NORMAL
NK-68,2026-02-11 21:00:00,4.7629,17285.7683,4533.5413,3103.4628,75.7796,1,NORMAL
NK-68,2026-02-11 22:00:00,4.7482,17175.1107,4523.9555,3104.5779,75.5949,1,NORMAL
NK-68,2026-02-11 23:00:00,4.771,16645.1835,4539.0298,3106.3658,74.6583,1,NORMAL
NK-68,2026-02-12 00:00:00,4.7484,16414.1576,4513.882,3117.6564,74.674,1,NORMAL
NK-68,2026-02-12 01:00:00,4.7478,16548.0056,4501.1437,3090.4788,74.481,1,NORMAL
NK-68,2026-02-12 02:00:00,4.7621,16635.5355,4507.4939,3101.2515,72.4237,1,NORMAL
NK-68,2026-02-12 03:00:00,4.7468,16411.3942,4510.4649,3110.346,72.9937,1,NORMAL
NK-68,2026-02-12 04:00:00,4.7949,16094.5844,4522.5191,3120.1889,70.6555,1,NORMAL
NK-68,2026-02-12 05:00:00,4.7495,16521.8605,4536.535,3132.2053,72.4464,1,NORMAL
NK-68,2026-02-12 06:00:00,4.7464,16484.2473,4507.3692,3120.4044,73.839,1,NORMAL
NK-68,2026-02-12 07:00:00,4.7465,16198.1707,4478.9745,3127.4123,72.6599,1,NORMAL
NK-68,2026-02-12 08:00:00,4.748,16652.9155,4513.005,3121.6177,73.5386,1,NORMAL
NK-68,2026-02-12 09:00:00,4.7434,16692.6407,4515.7946,3131.4946,73.3258,1,NORMAL
NK-68,2026-02-12 10:00:00,4.7468,16526.7649,4530.4569,3189.1006,72.6494,1,NORMAL
NK-68,2026-02-12 11:00:00,4.7503,17317.319,4533.496,3078.7081,72.8128,1,NORMAL
NK-68,2026-02-12 12:00:00,4.7689,15962.6853,4529.8899,3186.4697,71.6793,1,NORMAL
NK-68,2026-02-12 13:00:00,4.7476,16061.5501,4520.4666,3190.0645,72.7807,1,NORMAL
NK-68,2026-02-12 14:00:00,4.7501,17198.2235,4524.6207,3088.0407,72.7796,1,NORMAL
NK-68,2026-02-12 15:00:00,4.7529,15048.9591,4500.4897,3229.5608,71.4929,1,NORMAL
NK-68,2026-02-12 16:00:00,4.748,16178.8622,4541.5245,3212.279,71.6471,1,NORMAL
NK-68,2026-02-12 17:00:00,4.7688,16137.8515,4541.7513,3131.4946,70.2288,1,NORMAL
NK-68,2026-02-12 18:00:00,4.7666,13959.2165,4545.879,3226.9905,55.4423,1,NORMAL
NK-68,2026-02-12 19:00:00,4.7486,16201.0672,4658.8569,3089.0046,64.7634,1,NORMAL
NK-68,2026-02-12 20:00:00,4.7462,16740.3505,4607.0834,3051.5116,75.8412,1,NORMAL
NK-68,2026-02-12 21:00:00,4.7458,16475.5354,4603.02,3117.0365,73.2602,1,NORMAL
NK-68,2026-02-12 22:00:00,4.761,17676.6745,4624.2745,2996.0564,72.2966,1,NORMAL
NK-68,2026-02-12 23:00:00,4.7448,16284.1316,4606.4332,3084.3099,70.4266,1,NORMAL
NK-68,2026-02-13 00:00:00,4.7482,16866.2782,4628.5987,3073.5258,70.8732,1,NORMAL
NK-68,2026-02-13 01:00:00,4.7462,18001.7889,4605.7755,2989.4983,72.3169,1,NORMAL
NK-68,2026-02-13 02:00:00,4.7455,16451.316,4591.238,3098.8475,71.0171,1,NORMAL
NK-68,2026-02-13 03:00:00,4.7605,16940.4047,4602.3963,3049.1227,71.2594,1,NORMAL
NK-68,2026-02-13 04:00:00,4.7489,18164.0397,4610.2699,2973.9628,70.1975,1,NORMAL
NK-68,2026-02-13 05:00:00,4.751,17899.7246,4631.0632,3038.4633,68.0025,1,NORMAL
NK-68,2026-02-13 06:00:00,4.7525,17970.463,4621.7419,2986.7201,68.0741,1,NORMAL
NK-68,2026-02-13 07:00:00,4.7481,17782.4248,4602.4076,3011.5881,68.1099,1,NORMAL
NK-68,2026-02-13 08:00:00,4.7506,17944.1172,4629.1694,2997.6629,67.9991,1,NORMAL
NK-68,2026-02-13 09:00:00,4.7479,18509.981,4608.361,2994.0342,69.6837,1,NORMAL
NK-68,2026-02-13 10:00:00,4.7473,18869.012,4614.7113,3006.4512,70.4134,1,NORMAL
NK-68,2026-02-13 11:00:00,4.75,18978.2331,4595.445,2992.2765,72.0463,1,NORMAL
NK-68,2026-02-13 12:00:00,4.7506,18744.6894,4589.2724,2984.282,72.7629,1,NORMAL
NK-68,2026-02-13 13:00:00,4.7462,14428.0672,4509.2138,3280.2117,87.5325,1,NORMAL
NK-68,2026-02-13 14:00:00,4.75,18496.2493,4565.9881,2998.8347,75.2659,1,NORMAL
NK-68,2026-02-13 15:00:00,4.7525,17801.7444,4578.0839,3078.9689,76.8901,1,NORMAL
NK-68,2026-02-13 16:00:00,4.7519,18294.7464,4589.5597,3025.3546,76.1807,1,NORMAL
NK-68,2026-02-13 17:00:00,4.7504,17948.2798,4583.2246,3037.405,76.5175,1,NORMAL
NK-68,2026-02-13 18:00:00,4.7486,17857.7021,4592.0507,3038.8262,76.3207,1,NORMAL
NK-68,2026-02-13 19:00:00,4.7495,17454.8595,4569.5224,3068.4419,77.3464,1,NORMAL
NK-68,2026-02-13 20:00:00,4.7509,17839.9877,4572.0058,3046.9681,76.9981,1,NORMAL
NK-68,2026-02-13 21:00:00,4.7468,16928.53,4598.949,3101.4972,77.3555,1,NORMAL
NK-68,2026-02-13 22:00:00,4.7544,16506.2697,4561.6034,3119.1872,76.9582,1,NORMAL
NK-68,2026-02-13 23:00:00,4.7491,16515.2514,4523.517,3106.139,77.4653,1,NORMAL
NK-68,2026-02-14 00:00:00,4.7547,16740.2728,4573.8693,3095.2226,77.4463,1,NORMAL
NK-68,2026-02-14 01:00:00,4.7501,16553.3073,4555.2343,3097.1125,78.1684,1,NORMAL
NK-68,2026-02-14 02:00:00,4.7506,16425.081,4570.8264,3110.947,78.5514,1,NORMAL
NK-68,2026-02-14 03:00:00,4.7489,16254.0035,4571.5522,3126.0629,77.7357,1,NORMAL
NK-68,2026-02-14 04:00:00,4.7487,16349.3759,4550.5661,3110.191,78.5863,1,NORMAL
NK-68,2026-02-14 05:00:00,4.7473,16320.7632,4569.5791,3122.1545,78.7792,1,NORMAL
NK-68,2026-02-14 06:00:00,4.7529,16475.5077,4531.5909,3107.8172,77.9838,1,NORMAL
NK-68,2026-02-14 07:00:00,4.7654,16723.522,4544.3708,3119.5539,77.7029,1,NORMAL
NK-68,2026-02-14 08:00:00,4.7539,16938.7504,4557.0297,3104.0676,77.217,1,NORMAL
NK-68,2026-02-14 09:00:00,4.7492,17003.0205,4552.6828,3095.1848,75.9526,1,NORMAL
NK-68,2026-02-14 10:00:00,4.7848,16767.457,4560.8475,3079.4792,73.4389,1,NORMAL
NK-68,2026-02-14 11:00:00,4.7487,16730.5717,4557.3699,3074.2818,72.0403,1,NORMAL
NK-68,2026-02-14 12:00:00,4.7597,16637.4463,4552.645,3125.6887,70.1364,1,NORMAL
NK-68,2026-02-14 13:00:00,4.7508,16312.4875,4574.0205,3099.1159,69.3226,1,NORMAL
NK-68,2026-02-14 14:00:00,4.7466,16359.8802,4593.2111,3092.5086,68.4166,1,NORMAL
NK-68,2026-02-14 15:00:00,4.7492,16248.8268,4599.7239,3101.535,68.0342,1,NORMAL
NK-68,2026-02-14 16:00:00,4.7525,15746.3502,4571.1288,3109.8886,67.2166,1,NORMAL
NK-68,2026-02-14 17:00:00,4.7506,15023.1225,4541.5132,3159.311,66.2078,1,NORMAL
NK-68,2026-02-14 18:00:00,4.7582,15287.9455,4552.7584,3135.1385,65.3287,1,NORMAL
NK-68,2026-02-14 19:00:00,4.7497,15134.7398,4581.7126,3168.7986,64.7272,1,NORMAL
NK-68,2026-02-14 20:00:00,4.7501,15387.376,4587.2313,3150.9952,65.487,1,NORMAL
NK-68,2026-02-14 21:00:00,4.7497,16296.278,4590.7844,3101.0814,67.4744,1,NORMAL
NK-68,2026-02-14 22:00:00,4.7592,16503.1907,4635.1682,3098.4393,65.9194,1,NORMAL
NK-68,2026-02-14 23:00:00,4.7681,16595.6783,4605.1859,3090.7623,64.8653,1,NORMAL
NK-68,2026-02-15 00:00:00,4.7501,17314.2668,4626.085,3049.1794,67.9042,1,NORMAL
NK-68,2026-02-15 01:00:00,4.7877,16775.0708,4583.9238,3062.5149,67.5293,1,NORMAL
NK-68,2026-02-15 02:00:00,4.7749,16679.944,4604.0746,3059.9068,67.6696,1,NORMAL
NK-68,2026-02-15 03:00:00,4.7487,17298.4659,4586.3619,3039.6767,69.2011,1,NORMAL
NK-68,2026-02-15 04:00:00,4.7513,17834.9883,4641.1669,3016.1467,70.4684,1,NORMAL
NK-68,2026-02-15 05:00:00,4.7478,17791.1956,4630.3828,3029.8754,71.4079,1,NORMAL
NK-68,2026-02-15 06:00:00,4.7517,17766.961,4589.6202,3020.6977,68.793,1,NORMAL
NK-68,2026-02-15 07:00:00,4.7528,17854.3646,4610.9238,3011.8263,66.5934,1,NORMAL
NK-68,2026-02-15 08:00:00,4.7514,17754.492,4629.899,3025.1127,68.1351,1,NORMAL
NK-68,2026-02-15 09:00:00,4.751,17770.1678,4608.0208,3005.7293,68.1548,1,NORMAL
NK-68,2026-02-15 10:00:00,4.7511,18147.7064,4619.1905,2998.2866,69.6851,1,NORMAL
NK-68,2026-02-15 11:00:00,4.7493,18124.1123,4610.198,3004.2059,71.1778,1,NORMAL
NK-68,2026-02-15 12:00:00,4.7494,17666.77,4602.8045,3001.5562,70.7111,1,NORMAL
NK-68,2026-02-15 13:00:00,4.7497,17857.7331,4578.1973,3024.1979,72.0761,1,NORMAL
NK-68,2026-02-15 14:00:00,4.745,18705.856,4652.9262,3016.6759,74.6106,1,NORMAL
NK-68,2026-02-15 16:00:00,4.7581,18247.9764,4550.4149,3002.3122,74.1309,1,NORMAL
NK-68,2026-02-15 17:00:00,4.7525,17723.1935,4586.0217,3022.4214,74.9514,1,NORMAL
NK-68,2026-02-15 18:00:00,2.3753,8728.0493,2287.908,1499.1149,37.732,-1,ANOMALÍA
NK-68,2026-02-15 19:00:00,4.7487,17544.7648,4539.6799,3083.9584,77.5143,1,NORMAL
NK-68,2026-02-15 20:00:00,4.7512,17465.2878,4591.3892,3068.6119,76.7984,1,NORMAL
NK-68,2026-02-15 21:00:00,4.75,17502.6056,4581.1078,3087.4359,77.9096,1,NORMAL
NK-68,2026-02-15 22:00:00,4.7506,17467.5049,4552.2292,3057.0832,77.3495,1,NORMAL
NK-68,2026-02-15 23:00:00,4.7939,17420.8732,4597.1346,3068.6875,77.1604,1,NORMAL
NK-68,2026-02-16 00:00:00,4.7472,17050.2414,4603.9839,3099.7887,78.2581,1,NORMAL
NK-68,2026-02-16 01:00:00,4.7515,16659.1103,4562.6618,3126.9361,78.2533,1,NORMAL
NK-68,2026-02-16 02:00:00,4.7515,16852.6951,4576.2128,3108.0554,78.1384,1,NORMAL
NK-68,2026-02-16 03:00:00,4.7472,17092.9661,4580.8621,3055.7565,79.4091,1,NORMAL
NK-68,2026-02-16 04:00:00,4.7482,17716.5937,4569.6925,3072.8455,78.9171,1,NORMAL
NK-68,2026-02-16 05:00:00,4.7512,17734.0955,4586.343,3035.8779,78.5735,1,NORMAL
NK-68,2026-02-16 06:00:00,4.7512,17892.2342,4580.3707,3090.0441,79.6002,1,NORMAL
NK-68,2026-02-16 07:00:00,4.7488,17767.6931,4574.818,3093.1323,79.2627,1,NORMAL
NK-68,2026-02-16 08:00:00,4.7763,17148.0115,4547.0886,3083.2969,78.625,1,NORMAL
NK-68,2026-02-16 09:00:00,4.7494,17931.3913,4592.0658,3084.2532,80.0588,1,NORMAL
NK-68,2026-02-16 10:00:00,4.7541,17678.3096,4582.461,3083.6409,80.0767,1,NORMAL
NK-68,2026-02-16 11:00:00,4.7475,17420.6966,4604.6945,3081.1613,80.1365,1,NORMAL
NK-68,2026-02-16 12:00:00,4.7553,17403.7698,4537.601,3107.1482,78.8956,1,NORMAL
NK-68,2026-02-16 13:00:00,4.7501,16279.244,4509.3083,3122.8538,78.9349,1,NORMAL
NK-68,2026-02-16 14:00:00,4.7457,16307.5795,4552.0478,3142.9251,78.436,1,NORMAL
NK-68,2026-02-16 15:00:00,4.7746,16238.4181,4542.6472,3134.7605,75.8591,1,NORMAL
NK-68,2026-02-16 16:00:00,4.7462,17132.3634,4553.4388,3122.5892,74.7848,1,NORMAL
NK-68,2026-02-16 17:00:00,4.75,16835.7847,4541.2297,3147.2342,73.2361,1,NORMAL
NK-68,2026-02-16 18:00:00,4.7527,17142.7791,4572.7202,3128.3989,77.7849,1,NORMAL
NK-68,2026-02-16 19:00:00,4.7534,17271.6278,4541.9668,3139.8067,78.6401,1,NORMAL
NK-68,2026-02-16 20:00:00,4.7634,17025.4072,4569.5791,3124.7815,81.8914,1,NORMAL
NK-68,2026-02-16 21:00:00,4.7497,16248.396,4537.6577,3153.9814,71.9033,1,NORMAL
NK-68,2026-02-16 22:00:00,4.7534,15506.1663,4481.0761,3174.4647,71.7902,1,NORMAL
NK-68,2026-02-16 23:00:00,4.7514,15295.3331,4522.383,3198.9888,70.7426,1,NORMAL
NK-68,2026-02-17 00:00:00,4.7539,15879.7875,4507.7207,3170.1405,71.1257,1,NORMAL
NK-68,2026-02-17 01:00:00,4.7454,16268.5111,4526.2045,3183.2379,82.3472,1,NORMAL
NK-68,2026-02-17 02:00:00,4.7502,17029.1784,4531.0012,3173.2703,91.8809,1,NORMAL
NK-68,2026-02-17 03:00:00,4.7475,17261.74,4535.9756,3170.2917,85.7935,1,NORMAL
NK-68,2026-02-17 04:00:00,4.7525,15065.9944,4488.9534,3175.13,70.452,1,NORMAL
NK-68,2026-02-17 05:00:00,4.7517,14118.2324,4496.2109,3302.6341,81.8797,1,NORMAL
NK-68,2026-02-17 06:00:00,4.7748,15550.1654,4490.2008,3203.9897,70.1593,1,NORMAL
NK-68,2026-02-17 07:00:00,4.7522,15770.6881,4474.3176,3149.2451,71.3352,1,NORMAL
NK-68,2026-02-17 08:00:00,4.7524,13845.6311,4467.8728,3314.3821,70.8919,1,NORMAL
NK-68,2026-02-17 09:00:00,4.7602,14638.7518,4519.0605,3257.003,70.1255,1,NORMAL
NK-68,2026-02-17 10:00:00,4.747,16013.9554,4529.8824,3173.7088,70.4695,1,NORMAL
NK-68,2026-02-17 11:00:00,4.75,13960.3777,4523.6531,3289.9639,69.9527,1,NORMAL
NK-68,2026-02-17 12:00:00,4.7602,14991.8611,4537.4422,3215.9077,67.8238,1,NORMAL
NK-68,2026-02-17 13:00:00,3.9588,14946.9417,3844.7044,2563.8419,66.6526,-1,ANOMALÍA
NK-68,2026-02-17 14:00:00,4.7545,14273.6111,4547.2284,3253.9413,67.2759,1,NORMAL
NK-68,2026-02-17 15:00:00,4.7511,14468.9161,4552.955,3234.5049,65.3074,1,NORMAL
NK-68,2026-02-17 16:00:00,4.7518,16067.7205,4601.9881,3115.5963,65.6633,1,NORMAL
NK-68,2026-02-17 17:00:00,4.7554,15450.1072,4558.9273,3122.574,64.5304,1,NORMAL
NK-68,2026-02-17 18:00:00,4.753,14288.4386,4606.4899,3262.3894,67.236,1,NORMAL
NK-68,2026-02-17 19:00:00,4.7493,15787.8687,4607.8054,3149.6496,71.2978,1,NORMAL
NK-68,2026-02-17 20:00:00,4.7514,17209.3502,4605.5714,3069.6703,72.0922,1,NORMAL
NK-68,2026-02-17 21:00:00,4.7506,15262.0544,4588.1082,3178.668,73.488,1,NORMAL
NK-68,2026-02-17 22:00:00,4.7491,16655.4708,4624.248,3117.2406,75.6088,1,NORMAL
NK-68,2026-02-17 23:00:00,4.7532,18198.0508,4647.9367,3009.8872,75.2471,1,NORMAL
NK-68,2026-02-18 00:00:00,4.7525,16410.8223,4593.676,3105.1637,74.04,1,NORMAL
NK-68,2026-02-18 01:00:00,4.7487,16679.6091,4594.7079,3085.7614,73.8233,1,NORMAL
NK-68,2026-02-18 02:00:00,4.7503,16625.043,4599.5992,3090.6413,72.5847,1,NORMAL
NK-68,2026-02-18 03:00:00,4.7729,16565.1184,4615.5958,3119.0209,71.3919,1,NORMAL
NK-68,2026-02-18 04:00:00,4.7479,16636.9203,4584.0183,3105.9386,71.4394,1,NORMAL
NK-68,2026-02-18 05:00:00,4.7596,16428.2953,4581.1683,3101.1041,70.9493,1,NORMAL
NK-68,2026-02-18 06:00:00,4.7497,17001.7455,4583.9805,3091.0495,72.3397,1,NORMAL
NK-68,2026-02-18 07:00:00,4.7531,18715.9573,4601.5647,3029.709,78.2142,1,NORMAL
NK-68,2026-02-18 08:00:00,4.7506,16750.5788,4626.9582,3118.7714,73.1848,1,NORMAL
NK-68,2026-02-18 09:00:00,4.7512,16889.4209,4598.7222,3068.7631,73.9781,1,NORMAL
NK-68,2026-02-18 10:00:00,4.7484,16720.4987,4581.928,3105.7874,75.2235,1,NORMAL
NK-68,2026-02-18 11:00:00,4.7529,16646.569,4586.1275,3107.9987,75.2523,1,NORMAL
NK-68,2026-02-18 12:00:00,4.7513,17384.7737,4612.7835,3073.6619,75.6176,1,NORMAL
NK-68,2026-02-18 13:00:00,4.7521,17156.9242,4600.2191,3072.8908,76.0474,1,NORMAL
NK-68,2026-02-18 14:00:00,4.7506,16676.5237,4569.0121,3076.1907,77.014,1,NORMAL
NK-68,2026-02-18 15:00:00,4.7522,16860.9982,4554.9168,3083.7883,76.5227,1,NORMAL
NK-68,2026-02-18 16:00:00,4.748,17678.2759,4591.5101,3049.7275,78.2248,1,NORMAL
NK-68,2026-02-18 17:00:00,4.7497,17032.4384,4538.8483,3115.3128,77.2531,1,NORMAL
NK-68,2026-02-18 18:00:00,4.758,16427.8738,4552.5354,3121.9919,77.4413,1,NORMAL
NK-68,2026-02-18 19:00:00,4.7534,16619.6255,4596.511,3122.627,77.4927,1,NORMAL
NK-68,2026-02-18 20:00:00,4.7939,16436.949,4559.2032,3133.91,77.1114,1,NORMAL
NK-68,2026-02-18 21:00:00,4.7908,16217.7388,4558.9651,3121.5724,76.8793,1,NORMAL
NK-68,2026-02-18 22:00:00,4.7506,16508.8458,4585.2657,3121.3796,77.5954,1,NORMAL
NK-68,2026-02-18 23:00:00,4.7548,16318.3556,4564.238,3105.674,76.5305,1,NORMAL
NK-68,2026-02-19 00:00:00,4.7492,16371.2781,4527.7014,3140.1809,76.1386,1,NORMAL
NK-68,2026-02-19 01:00:00,4.7537,16097.0925,4519.9299,3136.0835,74.8985,1,NORMAL
NK-68,2026-02-19 02:00:00,4.7515,15886.3516,4544.6089,3143.923,73.5211,1,NORMAL
NK-68,2026-02-19 03:00:00,4.7517,15990.1505,4518.0021,3161.6357,72.761,1,NORMAL
NK-68,2026-02-19 04:00:00,4.7512,16001.0556,4548.0335,3147.3854,77.6578,1,NORMAL
NK-68,2026-02-19 05:00:00,4.7511,15684.2174,4546.3212,3173.8599,72.4218,1,NORMAL
NK-68,2026-02-19 06:00:00,4.7493,15612.8013,4549.7345,3167.6458,72.7031,1,NORMAL
NK-68,2026-02-19 07:00:00,4.7498,15262.8687,4497.9912,3168.4395,72.471,1,NORMAL
NK-68,2026-02-19 08:00:00,4.7515,15025.6623,4559.7135,3154.5484,71.4887,1,NORMAL
NK-68,2026-02-19 09:00:00,3.9607,12367.3865,3755.3472,2662.1197,59.0256,-1,ANOMALÍA
NK-68,2026-02-19 10:00:00,4.7498,15676.4956,4557.8991,3199.9867,84.7008,1,NORMAL
NK-68,2026-02-19 11:00:00,4.7499,15795.2718,4506.496,3218.0736,81.8045,1,NORMAL
NK-68,2026-02-19 12:00:00,4.7505,19465.1124,4641.9267,3067.5838,94.7513,1,NORMAL
NK-68,2026-02-19 13:00:00,4.7498,16135.3499,4535.144,3155.0397,75.6057,1,NORMAL
NK-68,2026-02-19 14:00:00,4.7522,13589.7451,4508.987,3290.9013,70.955,1,NORMAL
NK-68,2026-02-19 15:00:00,4.7544,15253.292,4487.1844,3187.4676,70.8903,1,NORMAL
NK-68,2026-02-19 16:00:00,4.7478,13744.2685,4473.8375,3278.2764,71.9753,1,NORMAL
NK-68,2026-02-19 17:00:00,4.7518,14183.205,4531.3301,3280.8051,70.2304,1,NORMAL
NK-68,2026-02-19 18:00:00,4.7498,15238.3245,4528.9147,3181.9338,69.8029,1,NORMAL
NK-68,2026-02-19 19:00:00,4.7544,13619.5196,4522.2356,3243.2819,67.5546,1,NORMAL
NK-68,2026-02-19 20:00:00,4.7491,14538.8582,4560.6093,3220.4096,66.3369,1,NORMAL
NK-68,2026-02-19 21:00:00,4.7512,15164.8285,4569.6925,3134.2313,65.7355,1,NORMAL
NK-68,2026-02-19 22:00:00,4.7506,13631.8666,4579.7848,3256.0958,64.6122,1,NORMAL
NK-68,2026-02-19 23:00:00,4.7533,15140.6044,4572.3951,3189.3425,65.5695,1,NORMAL
NK-68,2026-02-20 00:00:00,4.7635,17979.3439,4620.8347,3022.497,70.3856,1,NORMAL
NK-68,2026-02-20 01:00:00,4.7486,14979.1845,4554.5728,3198.1875,72.495,1,NORMAL
NK-68,2026-02-20 02:00:00,4.7487,16130.9418,4608.0208,3123.8176,74.4429,1,NORMAL
NK-68,2026-02-20 03:00:00,4.7528,17266.2962,4596.2842,3030.0946,74.1514,1,NORMAL
NK-68,2026-02-20 04:00:00,4.7498,14977.8957,4560.3939,3136.0305,69.0607,1,NORMAL
NK-68,2026-02-20 05:00:00,4.7683,16306.7781,4611.2867,3084.9563,69.3693,1,NORMAL
NK-68,2026-02-20 06:00:00,4.7508,16740.0918,4594.1977,3046.5713,70.4568,1,NORMAL
NK-68,2026-02-20 07:00:00,4.7767,16110.0856,4569.8059,3097.2826,69.8724,1,NORMAL
NK-68,2026-02-20 08:00:00,4.7496,16861.6719,4578.3107,3064.0685,71.6533,1,NORMAL
NK-68,2026-02-20 09:00:00,4.7746,18361.8638,4628.9615,2987.7217,70.7405,1,NORMAL
NK-68,2026-02-20 10:00:00,4.7446,17076.8818,4611.6042,3050.9371,70.2368,1,NORMAL
NK-68,2026-02-20 11:00:00,4.745,18099.8727,4648.3903,3057.1966,67.516,1,NORMAL
NK-68,2026-02-20 12:00:00,4.7464,19492.183,4690.4608,2986.5122,67.7134,1,NORMAL
NK-68,2026-02-20 13:00:00,4.7487,16243.7622,4599.1758,3065.0588,68.7414,1,NORMAL
NK-68,2026-02-20 14:00:00,4.7506,16380.9667,4563.6257,3061.6758,70.0688,1,NORMAL
NK-68,2026-02-20 15:00:00,4.7687,16671.784,4580.6126,3019.7187,69.4896,1,NORMAL
NK-68,2026-02-20 16:00:00,4.749,17237.7893,4584.5475,3063.0744,71.6616,1,NORMAL
NK-68,2026-02-20 17:00:00,4.7555,17369.2708,4601.9578,3052.3885,72.4309,1,NORMAL
NK-68,2026-02-20 18:00:00,4.7541,17858.9731,4597.2858,3013.8636,73.7587,1,NORMAL
NK-68,2026-02-20 19:00:00,4.7501,18581.4353,4604.1086,3020.1723,74.3967,1,NORMAL
NK-68,2026-02-20 20:00:00,4.7482,17407.3152,4573.8315,3038.5616,75.1007,1,NORMAL
NK-68,2026-02-20 21:00:00,4.7514,16891.9634,4580.7487,3071.6548,75.2754,1,NORMAL
NK-68,2026-02-20 22:00:00,4.7515,16822.6367,4540.2091,3076.0773,76.337,1,NORMAL
NK-68,2026-02-20 23:00:00,4.7517,17132.3216,4619.2661,3073.9983,76.1717,1,NORMAL
NK-68,2026-02-21 00:00:00,4.746,17106.8892,4587.4165,3056.074,76.9481,1,NORMAL
NK-68,2026-02-21 01:00:00,4.7515,17017.2946,4608.6445,3122.1167,77.1103,1,NORMAL
NK-68,2026-02-21 02:00:00,4.751,16540.5345,4545.9395,3122.1658,76.21,1,NORMAL
NK-68,2026-02-21 03:00:00,4.7506,16761.2779,4561.8907,3102.4649,77.318,1,NORMAL
NK-68,2026-02-21 04:00:00,4.7478,17344.8558,4568.6719,3087.916,78.0602,1,NORMAL
NK-68,2026-02-21 05:00:00,4.7443,16923.6723,4574.5118,3095.525,78.3794,1,NORMAL
NK-68,2026-02-21 06:00:00,4.7616,16566.0019,4552.5694,3084.4687,77.8737,1,NORMAL
NK-68,2026-02-21 07:00:00,4.7504,17503.453,4593.3358,3064.0118,78.4455,1,NORMAL
NK-68,2026-02-21 08:00:00,4.7705,17832.265,4571.9906,3050.7103,78.0349,1,NORMAL
NK-68,2026-02-21 09:00:00,4.766,18403.5236,4614.201,3015.6364,77.9925,1,NORMAL
NK-68,2026-02-21 10:00:00,4.7645,19208.4696,4617.2627,3007.8687,79.0901,1,NORMAL
NK-68,2026-02-21 11:00:00,4.7513,19963.4963,4657.1673,2988.7045,84.129,1,NORMAL
NK-68,2026-02-21 12:00:00,4.7531,18137.3419,4581.9394,3043.6645,81.6177,1,NORMAL
NK-68,2026-02-21 13:00:00,4.7628,16339.2787,4551.0197,3139.6744,76.7396,1,NORMAL
NK-68,2026-02-21 14:00:00,4.7487,16319.7966,4515.942,3133.3241,76.7949,1,NORMAL
NK-68,2026-02-21 15:00:00,4.7543,15912.0939,4535.2763,3139.1036,74.2875,1,NORMAL
NK-68,2026-02-21 16:00:00,4.7487,14767.3538,4538.2435,3186.0162,64.4698,1,NORMAL
NK-68,2026-02-21 17:00:00,4.7511,17107.8559,4562.3216,3089.0613,82.4636,1,NORMAL
NK-68,2026-02-21 18:00:00,4.7478,15759.9467,4529.2662,3169.3467,73.1672,1,NORMAL
NK-68,2026-02-21 19:00:00,4.7524,16535.3211,4545.123,3136.7714,72.4613,1,NORMAL
NK-68,2026-02-21 20:00:00,4.7502,15897.0345,4529.4817,3162.5429,71.8615,1,NORMAL
NK-68,2026-02-21 21:00:00,4.7487,16169.632,4543.5997,3169.6869,72.3972,1,NORMAL
NK-68,2026-02-21 22:00:00,4.7513,16347.4272,4561.1196,3174.9939,72.1774,1,NORMAL
NK-68,2026-02-21 23:00:00,4.7515,15294.7068,4549.8706,3186.5831,71.1664,1,NORMAL
NK-68,2026-02-22 00:00:00,4.7461,15192.3572,4513.3566,3183.3551,70.8597,1,NORMAL
NK-68,2026-02-22 01:00:00,4.7497,15063.6615,4540.1411,3194.8498,71.394,1,NORMAL
NK-68,2026-02-22 02:00:00,4.7468,15361.5322,4496.5133,3202.8746,71.0504,1,NORMAL
NK-68,2026-02-22 03:00:00,4.7753,15009.1145,4563.3044,3189.4181,68.7216,1,NORMAL
NK-68,2026-02-22 04:00:00,4.7468,18422.8567,4636.6726,3091.6392,75.7873,1,NORMAL
NK-68,2026-02-22 05:00:00,4.7513,18747.9104,4590.6597,3052.4226,76.5914,1,NORMAL
NK-68,2026-02-22 06:00:00,4.7495,14096.0193,4555.8013,3226.6314,69.7639,1,NORMAL
NK-68,2026-02-22 07:00:00,4.7515,14177.8404,4536.2969,3202.799,69.0324,1,NORMAL
NK-68,2026-02-22 08:00:00,4.7483,15765.0247,4563.0587,3128.637,70.4329,1,NORMAL
NK-68,2026-02-22 09:00:00,4.7472,14430.371,4548.506,3198.4332,70.5462,1,NORMAL
NK-68,2026-02-22 10:00:00,4.7515,14443.9189,4588.2518,3203.2148,69.3825,1,NORMAL
NK-68,2026-02-22 11:00:00,4.7497,15784.6857,4568.7664,3112.5157,69.5763,1,NORMAL
NK-68,2026-02-22 12:00:00,4.7489,14761.3953,4562.1326,3191.7616,69.6902,1,NORMAL
NK-68,2026-02-22 13:00:00,4.7638,14859.7588,4601.0355,3147.204,68.1028,1,NORMAL
NK-68,2026-02-22 14:00:00,4.7525,15053.9111,4545.3687,3139.0129,68.1615,1,NORMAL
NK-68,2026-02-22 15:00:00,4.7534,14806.1796,4610.2321,3117.4674,67.5025,1,NORMAL
NK-68,2026-02-22 16:00:00,4.7506,15232.8905,4582.0528,3120.858,68.2128,1,NORMAL
NK-68,2026-02-22 17:00:00,4.752,14966.5925,4589.0267,3131.9823,68.0615,1,NORMAL
NK-68,2026-02-22 18:00:00,4.7478,15143.5664,4569.2993,3111.9298,68.2458,1,NORMAL
NK-68,2026-02-22 19:00:00,4.7622,15056.5998,4567.0465,3136.0759,67.5225,1,NORMAL
NK-68,2026-02-22 20:00:00,4.7755,15042.1129,4571.0079,3116.5413,67.0222,1,NORMAL
NK-68,2026-02-22 21:00:00,4.772,15259.6128,4575.1355,3114.2922,68.6704,1,NORMAL
NK-68,2026-02-22 22:00:00,4.7502,15526.6723,4548.1923,3099.4409,70.9551,1,NORMAL
NK-68,2026-02-22 23:00:00,4.7702,15551.7398,4600.4232,3114.7458,69.9405,1,NORMAL
NK-68,2026-02-23 00:00:00,4.7487,15769.9344,4533.0651,3109.3028,72.4312,1,NORMAL
NK-68,2026-02-23 01:00:00,4.752,15881.0878,4561.9965,3096.7648,73.2317,1,NORMAL
NK-68,2026-02-23 02:00:00,4.7501,15872.3325,4554.7429,3109.0949,73.6043,1,NORMAL
NK-68,2026-02-23 03:00:00,4.7508,15874.7696,4530.0978,3096.7345,74.8285,1,NORMAL
NK-68,2026-02-23 04:00:00,4.7467,16136.8348,4542.2654,3090.6564,76.0506,1,NORMAL
NK-68,2026-02-23 05:00:00,4.7473,16503.2528,4544.4275,3101.4367,76.1291,1,NORMAL
NK-68,2026-02-23 06:00:00,4.7725,15972.0779,4555.3288,3108.3011,75.17,1,NORMAL
NK-68,2026-02-23 07:00:00,4.7495,16269.759,4531.5229,3090.4674,76.9229,1,NORMAL
NK-68,2026-02-23 08:00:00,4.7475,16688.7276,4568.9214,3077.215,76.4572,1,NORMAL
NK-68,2026-02-23 09:00:00,4.7476,16153.6306,4566.6307,3118.6202,77.0097,1,NORMAL
NK-68,2026-02-23 10:00:00,4.7536,16321.5181,4570.6223,3087.3036,76.5723,1,NORMAL
NK-68,2026-02-23 11:00:00,4.7506,16497.5464,4552.3993,3065.5313,77.0207,1,NORMAL
NK-68,2026-02-23 12:00:00,4.748,16252.127,4572.6408,3118.7185,78.0696,1,NORMAL
NK-68,2026-02-23 13:00:00,4.7511,16016.1928,4553.4539,3117.7168,77.702,1,NORMAL
NK-68,2026-02-23 14:00:00,4.7501,16071.7545,4529.4704,3121.0281,78.3293,1,NORMAL
NK-68,2026-02-23 15:00:00,4.7652,16142.2909,4559.7135,3104.884,77.6569,1,NORMAL
NK-68,2026-02-23 16:00:00,4.7514,15453.532,4533.2238,3133.9894,72.6844,1,NORMAL
NK-68,2026-02-23 17:00:00,4.7501,15266.9389,4536.9206,3145.76,69.8009,1,NORMAL
NK-68,2026-02-23 18:00:00,4.749,14999.8557,4569.2275,3109.6996,66.9814,1,NORMAL
NK-68,2026-02-23 19:00:00,4.7493,14933.1517,4588.97,3154.159,64.9885,1,NORMAL
NK-68,2026-02-23 20:00:00,4.749,14962.3047,4579.4068,3137.8789,64.66,1,NORMAL
NK-68,2026-02-23 21:00:00,4.7472,15462.4858,4563.4367,3116.0499,68.7304,1,NORMAL
NK-68,2026-02-23 22:00:00,4.7516,15306.1626,4585.3715,3087.0579,67.1873,1,NORMAL
NK-68,2026-02-23 23:00:00,4.7496,15204.9423,4568.0142,3103.338,66.4593,1,NORMAL
NK-68,2026-02-24 00:00:00,4.7698,15337.2955,4592.7348,3086.8614,65.5757,1,NORMAL
NK-68,2026-02-24 01:00:00,4.7511,15447.9656,4606.4332,3110.4367,65.6931,1,NORMAL
NK-68,2026-02-24 02:00:00,4.766,15292.6437,4593.7327,3090.1726,65.5418,1,NORMAL
NK-68,2026-02-24 03:00:00,4.7511,15563.1392,4550.4716,3103.3494,67.5039,1,NORMAL
NK-68,2026-02-24 04:00:00,4.7663,15613.9123,4614.6886,3089.7644,66.3516,1,NORMAL
NK-68,2026-02-24 05:00:00,4.7499,15741.6976,4588.2329,3069.0807,67.6475,1,NORMAL
NK-68,2026-02-24 06:00:00,4.7492,15790.871,4589.0154,3054.4297,67.4712,1,NORMAL
NK-68,2026-02-24 07:00:00,4.7666,15971.6963,4587.7,3052.3734,67.3872,1,NORMAL
NK-68,2026-02-24 08:00:00,4.7487,16136.8944,4589.5446,3045.751,68.2797,1,NORMAL
NK-68,2026-02-24 09:00:00,4.7474,16430.1216,4604.755,3075.1588,69.2087,1,NORMAL
NK-68,2026-02-24 10:00:00,4.7636,17038.4971,4605.6319,3076.3683,65.2766,1,NORMAL
NK-68,2026-02-24 11:00:00,4.7514,18868.3182,4607.9755,3040.5801,76.9414,1,NORMAL
NK-68,2026-02-24 12:00:00,4.7461,18523.7174,4584.0713,3025.9442,72.9821,1,NORMAL
NK-68,2026-02-24 13:00:00,4.7947,18056.1612,4580.8394,3043.4642,70.078,1,NORMAL
NK-68,2026-02-24 14:00:00,4.7461,16814.9048,4598.847,3100.4918,73.3316,1,NORMAL
NK-68,2026-02-24 15:00:00,4.7523,16963.5181,4560.8097,3116.7681,72.6369,1,NORMAL
NK-68,2026-02-24 16:00:00,4.7488,16882.1691,4571.3821,3128.2061,73.836,1,NORMAL
NK-68,2026-02-24 17:00:00,4.748,16369.8837,4573.9335,3158.109,74.8398,1,NORMAL
NK-68,2026-02-24 18:00:00,4.7523,15858.7362,4515.0916,3132.3413,74.4071,1,NORMAL
NK-68,2026-02-24 19:00:00,4.7487,16253.7376,4540.7005,3126.1801,75.4006,1,NORMAL
NK-68,2026-02-24 20:00:00,4.7483,16697.1947,4554.8298,3127.0041,76.8167,1,NORMAL
NK-68,2026-02-24 21:00:00,4.754,16328.7147,4554.4518,3124.8722,76.154,1,NORMAL
NK-68,2026-02-24 22:00:00,4.7549,15955.0529,4531.1033,3144.1838,76.2924,1,NORMAL
NK-68,2026-02-24 23:00:00,4.7462,16043.9351,4518.8904,3135.8189,76.9034,1,NORMAL
NK-68,2026-02-25 00:00:00,4.7501,16607.8412,4550.8118,3104.1432,77.2599,1,NORMAL
NK-68,2026-02-25 01:00:00,4.7517,15976.3704,4565.0885,3146.191,77.1664,1,NORMAL
NK-68,2026-02-25 02:00:00,4.7624,15615.1095,4528.7333,3166.7726,77.0073,1,NORMAL
NK-68,2026-02-25 03:00:00,4.7508,16069.2143,4525.8076,3120.6992,77.7577,1,NORMAL
NK-68,2026-02-25 04:00:00,4.7475,16171.6368,4528.0378,3162.7319,78.0813,1,NORMAL
NK-68,2026-02-25 05:00:00,4.7477,15647.1353,4566.094,3189.0855,71.5373,1,NORMAL
NK-68,2026-02-25 06:00:00,4.7452,14818.7031,4562.4199,3165.3627,66.5588,1,NORMAL
NK-68,2026-02-25 07:00:00,4.7491,16043.3419,4614.87,3133.3544,68.4226,1,NORMAL
NK-68,2026-02-25 08:00:00,4.7719,15773.7341,4578.4921,3126.7168,70.2473,1,NORMAL
NK-68,2026-02-25 09:00:00,4.7472,15374.2264,4567.5152,3138.9335,69.8913,1,NORMAL
NK-68,2026-02-25 10:00:00,4.75,15985.5802,4614.8095,3134.6698,70.7592,1,NORMAL
NK-68,2026-02-25 11:00:00,4.7511,16162.3747,4600.9902,3104.6535,72.1944,1,NORMAL
NK-68,2026-02-25 12:00:00,4.7791,16358.338,4577.4942,3095.9785,70.3302,1,NORMAL
NK-68,2026-02-25 13:00:00,4.7483,16648.3603,4596.0007,3096.2507,71.3497,1,NORMAL
NK-68,2026-02-25 14:00:00,4.7497,16377.9417,4596.0007,3061.8459,69.6635,1,NORMAL
NK-68,2026-02-25 15:00:00,4.7498,16592.4444,4588.6185,3111.8882,68.0624,1,NORMAL
NK-68,2026-02-25 16:00:00,4.7509,16490.4577,4610.2547,3082.9719,69.0167,1,NORMAL
NK-68,2026-02-25 17:00:00,4.7519,16612.9388,4578.8399,3109.2083,69.4558,1,NORMAL
NK-68,2026-02-25 18:00:00,4.7517,16324.202,4580.3972,3093.892,70.4799,1,NORMAL
NK-68,2026-02-25 19:00:00,4.7742,16234.5939,4536.8223,3114.0012,70.0087,1,NORMAL
NK-68,2026-02-25 20:00:00,4.7498,16642.3512,4562.8886,3100.1969,72.2323,1,NORMAL
NK-68,2026-02-25 21:00:00,4.7473,16191.887,4528.9828,3097.8496,73.2277,1,NORMAL
NK-68,2026-02-25 22:00:00,4.7453,16339.7024,4550.6984,3113.3662,73.8907,1,NORMAL
NK-68,2026-02-25 23:00:00,4.7591,16367.8708,4538.6782,3094.9013,73.3421,1,NORMAL
NK-68,2026-02-26 00:00:00,4.748,16595.9667,4572.2099,3092.2364,74.7121,1,NORMAL
NK-68,2026-02-26 01:00:00,4.7525,16689.5384,4552.2292,3109.6618,75.4582,1,NORMAL
NK-68,2026-02-26 02:00:00,4.7489,16841.6053,4547.9768,3084.4914,76.0659,1,NORMAL
NK-68,2026-02-26 03:00:00,4.7564,16634.6088,4550.9441,3095.9181,76.7587,1,NORMAL
NK-68,2026-02-26 04:00:00,4.7475,17361.775,4586.2598,3082.2234,77.2453,1,NORMAL
NK-68,2026-02-26 05:00:00,4.7476,16502.6265,4560.666,3115.5736,77.6376,1,NORMAL
NK-68,2026-02-26 06:00:00,4.75,17188.219,4545.9546,3089.6283,77.7734,1,NORMAL
NK-68,2026-02-26 07:00:00,4.7505,17309.476,4562.556,3088.8421,78.1888,1,NORMAL
NK-68,2026-02-26 08:00:00,4.7488,17261.2025,4535.3859,3093.6804,78.2698,1,NORMAL
NK-68,2026-02-26 09:00:00,4.7475,17003.4313,4625.2572,3123.9499,78.0949,1,NORMAL
NK-68,2026-02-26 10:00:00,4.7738,15221.5171,4517.5296,3191.8675,64.5887,1,NORMAL
NK-68,2026-02-26 11:00:00,4.7513,17234.6429,4559.532,3108.2255,81.0514,1,NORMAL
NK-68,2026-02-26 12:00:00,4.7487,16524.7497,4584.4341,3142.9818,71.6426,1,NORMAL
NK-68,2026-02-26 13:00:00,4.7534,15934.3848,4580.0683,3122.2301,68.7957,1,NORMAL
NK-68,2026-02-26 14:00:00,4.7535,15728.11,4562.2082,3124.464,67.3965,1,NORMAL
NK-68,2026-02-26 15:00:00,4.7674,16528.752,4581.259,3113.3473,71.2178,1,NORMAL
NK-68,2026-02-26 16:00:00,4.766,16135.8403,4568.2561,3131.9256,72.76,1,NORMAL
NK-68,2026-02-26 17:00:00,4.7503,16095.5363,4564.8088,3130.2397,72.1452,1,NORMAL
NK-68,2026-02-26 18:00:00,4.7529,16118.5068,4573.7181,3102.0226,72.0327,1,NORMAL
NK-68,2026-02-26 19:00:00,4.7461,16494.8228,4591.805,3121.6631,73.1206,1,NORMAL
NK-68,2026-02-26 20:00:00,4.7464,16564.2333,4550.8118,3120.8126,73.6123,1,NORMAL
NK-68,2026-02-26 21:00:00,4.7511,16554.533,4546.7862,3121.3569,73.6573,1,NORMAL
NK-68,2026-02-26 22:00:00,4.7511,16411.4032,4568.6492,3109.9945,73.5084,1,NORMAL
NK-68,2026-02-26 23:00:00,4.7614,16166.49,4547.9957,3123.9046,72.8032,1,NORMAL
NK-68,2026-02-27 00:00:00,4.7532,16220.6109,4564.2607,3146.6786,74.4094,1,NORMAL
NK-68,2026-02-27 01:00:00,4.7467,16988.1103,4537.4535,3080.1029,75.051,1,NORMAL
NK-68,2026-02-27 02:00:00,4.7478,16707.5552,4557.8386,3080.7984,75.6196,1,NORMAL
NK-68,2026-02-27 03:00:00,4.751,16908.7217,4553.8962,3096.3414,75.6301,1,NORMAL
NK-68,2026-02-27 04:00:00,4.7503,17165.6183,4555.4951,3061.9895,76.9342,1,NORMAL
NK-68,2026-02-27 05:00:00,4.7478,16691.4278,4558.863,3123.1372,76.9348,1,NORMAL
NK-68,2026-02-27 06:00:00,4.7468,16906.8712,4510.0454,3065.1344,77.6271,1,NORMAL
NK-68,2026-02-27 08:00:00,4.7492,17498.6661,4543.7811,3086.113,77.8227,1,NORMAL
NK-68,2026-02-27 09:00:00,4.7458,16921.7738,4554.2591,3109.8471,77.7106,1,NORMAL
NK-68,2026-02-27 10:00:00,4.7486,17500.2775,4528.9374,3060.7686,77.7346,1,NORMAL
NK-68,2026-02-27 11:00:00,4.7474,17826.4603,4571.7903,3052.4339,78.7995,1,NORMAL
NK-68,2026-02-27 12:00:00,4.7504,17726.7319,4541.7778,3073.5447,77.8275,1,NORMAL
NK-68,2026-02-27 13:00:00,4.752,17369.916,4565.1566,3073.0156,77.8289,1,NORMAL
NK-68,2026-02-27 14:00:00,4.747,17353.5053,4540.1184,3092.6673,79.6803,1,NORMAL
NK-68,2026-02-27 15:00:00,4.7523,17103.1492,4541.6266,3102.8391,78.5828,1,NORMAL
NK-68,2026-02-27 16:00:00,4.7562,16783.0726,4549.0995,3107.5149,78.7598,1,NORMAL
NK-68,2026-02-27 17:00:00,4.7412,16284.9572,4506.6434,3157.6668,78.5952,1,NORMAL
NK-68,2026-02-27 18:00:00,4.7464,15476.1457,4518.6069,3162.9965,74.6029,1,NORMAL
NK-68,2026-02-27 19:00:00,4.7488,15543.7276,4571.3254,3123.6135,66.5426,1,NORMAL
NK-68,2026-02-27 20:00:00,4.7471,15010.4292,4584.9028,3127.5938,64.3794,1,NORMAL
NK-68,2026-02-28 08:00:00,4.7506,18510.7653,4575.3623,2985.983,75.0448,1,NORMAL
NK-68,2026-02-28 09:00:00,4.7502,17864.7217,4540.2091,3040.0055,74.8674,1,NORMAL
NK-68,2026-02-28 10:00:00,4.745,17629.5736,4555.8202,3057.1588,76.4649,1,NORMAL
NK-68,2026-02-28 11:00:00,4.7484,17714.3875,4575.5135,3033.8745,76.6746,1,NORMAL
NK-68,2026-02-28 12:00:00,4.7457,16948.32,4528.9601,3082.522,76.4673,1,NORMAL
NK-68,2026-02-28 13:00:00,4.7506,17043.9124,4577.8571,3085.6216,76.7265,1,NORMAL
NK-68,2026-02-28 14:00:00,4.7598,17465.227,4570.9171,3068.7631,76.411,1,NORMAL
NK-68,2026-02-28 15:00:00,4.153,16099.8076,4021.9825,2691.6598,75.1793,-1,ANOMALÍA
NK-68,2026-02-28 16:00:00,4.7472,16237.7331,4514.2297,3122.2414,78.0452,1,NORMAL
NK-68,2026-02-28 17:00:00,4.7476,16104.4121,4517.3028,3136.5748,76.971,1,NORMAL
NK-68,2026-02-28 18:00:00,4.752,16106.0735,4517.9265,3143.322,77.2185,1,NORMAL
NK-68,2026-02-28 19:00:00,4.7497,15508.3941,4504.3755,3164.0737,76.5685,1,NORMAL
NK-68,2026-02-28 20:00:00,4.7517,15415.9218,4486.7422,3145.2384,75.8027,1,NORMAL
NK-68,2026-02-28 21:00:00,4.7468,15110.4432,4488.5679,3195.6096,76.0797,1,NORMAL
NK-68,2026-02-28 22:00:00,4.7485,15203.323,4475.6632,3178.2598,73.958,1,NORMAL
NK-68,2026-02-28 23:00:00,4.7646,15573.6572,4520.7274,3153.5845,72.9757,1,NORMAL
NK-68,2026-03-01 00:00:00,4.7485,15447.3241,4493.5801,3166.0355,72.6132,1,NORMAL
NK-68,2026-03-01 01:00:00,4.7506,15453.3429,4495.0202,3165.2077,72.4929,1,NORMAL
NK-68,2026-03-01 02:00:00,4.7475,14835.3294,4469.8686,3173.5991,71.3918,1,NORMAL
NK-68,2026-03-01 03:00:00,4.744,15241.9858,4512.37,3185.7894,72.0959,1,NORMAL
NK-68,2026-03-01 04:00:00,4.7481,15122.2156,4499.2348,3186.7532,72.1246,1,NORMAL
NK-68,2026-03-01 05:00:00,4.7475,15257.7528,4499.9001,3183.4307,71.9606,1,NORMAL
NK-68,2026-03-01 06:00:00,4.7487,14903.908,4484.5687,3193.198,72.2173,1,NORMAL
NK-68,2026-03-01 07:00:00,4.7506,14821.2888,4492.1286,3186.6209,70.8928,1,NORMAL
NK-68,2026-03-01 08:00:00,4.7525,15417.9584,4522.9727,3177.8515,71.623,1,NORMAL
NK-68,2026-03-01 09:00:00,4.7539,15264.2003,4523.2146,3211.765,70.5602,1,NORMAL
NK-68,2026-03-01 10:00:00,4.7459,14943.2052,4495.0202,3208.9792,68.923,1,NORMAL
NK-68,2026-03-01 11:00:00,4.7524,15355.0153,4559.653,3173.3761,65.8934,1,NORMAL
NK-68,2026-03-01 12:00:00,4.7514,15188.1091,4563.9923,3189.4332,63.4238,1,NORMAL
NK-68,2026-03-01 13:00:00,4.7496,15110.8392,4584.0864,3174.873,64.0232,1,NORMAL
NK-68,2026-03-01 14:00:00,4.7546,15553.9276,4605.1178,3173.8826,67.1408,1,NORMAL
NK-68,2026-03-01 15:00:00,4.7521,17389.4819,4640.0443,3048.3516,69.3817,1,NORMAL
NK-68,2026-03-01 16:00:00,4.7519,15874.3752,4553.9642,3108.2595,71.1719,1,NORMAL
NK-68,2026-03-01 17:00:00,4.7824,14858.3249,4552.0705,3196.5168,69.9641,1,NORMAL
NK-68,2026-03-01 18:00:00,4.7646,16440.9846,4610.6857,3112.3645,71.1568,1,NORMAL
NK-68,2026-03-01 19:00:00,4.7506,16961.3838,4595.8646,3040.7766,72.3923,1,NORMAL
NK-68,2026-03-01 20:00:00,4.7525,15251.3354,4605.0725,3137.9356,69.8194,1,NORMAL
NK-68,2026-03-01 21:00:00,4.7497,15371.2721,4595.8495,3105.2923,68.1616,1,NORMAL
NK-68,2026-03-01 22:00:00,4.7512,15805.3308,4574.7575,3107.2427,67.5929,1,NORMAL
NK-68,2026-03-01 23:00:00,4.7858,15320.2458,4571.178,3105.8781,66.2882,1,NORMAL
NK-68,2026-03-02 00:00:00,4.75,15813.2764,4568.876,3114.6211,69.0653,1,NORMAL
NK-68,2026-03-02 01:00:00,4.7483,16583.747,4595.8948,3075.4309,70.1263,1,NORMAL
NK-68,2026-03-02 02:00:00,4.7473,16603.5734,4579.2178,3072.1084,71.9782,1,NORMAL
NK-68,2026-03-02 03:00:00,4.7598,16491.5692,4561.0856,3077.937,72.4388,1,NORMAL
NK-68,2026-03-02 04:00:00,4.7528,16244.8926,4565.1566,3082.3935,72.959,1,NORMAL
NK-68,2026-03-02 05:00:00,4.7512,16529.3467,4553.212,3073.299,73.7534,1,NORMAL
NK-68,2026-03-02 06:00:00,4.7836,16508.6341,4559.0331,3051.6628,72.978,1,NORMAL
NK-68,2026-03-02 07:00:00,4.745,16995.4967,4565.5648,3061.6418,76.3097,1,NORMAL
NK-68,2026-03-02 08:00:00,4.7462,17417.3653,4557.3699,3047.142,75.4209,1,NORMAL
NK-68,2026-03-02 09:00:00,4.7538,17441.6267,4562.8886,3055.6998,75.7678,1,NORMAL
NK-68,2026-03-02 10:00:00,4.7504,17511.1528,4553.4388,3060.9387,76.9583,1,NORMAL
NK-68,2026-03-02 11:00:00,4.7465,17870.5292,4609.8805,3063.2634,76.793,1,NORMAL
NK-68,2026-03-02 12:00:00,4.7513,18519.4308,4606.8112,3019.4126,76.4541,1,NORMAL
NK-68,2026-03-02 13:00:00,4.7509,16982.3728,4571.5068,3093.1549,77.1672,1,NORMAL
NK-68,2026-03-02 14:00:00,4.7498,16662.4327,4574.7727,3099.1537,77.0942,1,NORMAL
NK-68,2026-03-02 15:00:00,4.7497,16684.4097,4539.0298,3112.6253,78.0942,1,NORMAL
NK-68,2026-03-02 16:00:00,4.751,16619.2645,4563.6597,3097.8383,77.8395,1,NORMAL
NK-68,2026-03-02 17:00:00,4.7431,16125.4615,4516.3956,3157.44,78.0284,1,NORMAL
NK-68,2026-03-02 18:00:00,4.7492,16783.6688,4557.8991,3116.6169,76.9642,1,NORMAL
NK-68,2026-03-02 19:00:00,4.7521,16323.1677,4529.357,3119.0096,75.3608,1,NORMAL
NK-68,2026-03-02 20:00:00,4.7519,15474.8416,4518.845,3160.0481,74.7174,1,NORMAL
NK-68,2026-03-02 21:00:00,4.7506,15339.0827,4522.7459,3149.729,74.2263,1,NORMAL
NK-68,2026-03-02 22:00:00,4.7647,15271.5037,4535.9,3145.4766,72.835,1,NORMAL
NK-68,2026-03-02 23:00:00,4.7512,14953.596,4527.0399,3171.5164,73.0255,1,NORMAL
NK-68,2026-03-03 00:00:00,4.7489,15196.3263,4531.4775,3166.5345,72.5396,1,NORMAL
NK-68,2026-03-03 01:00:00,4.7482,15403.0433,4545.0058,3180.0515,72.3198,1,NORMAL
NK-68,2026-03-03 02:00:00,4.7648,15423.4249,4525.543,3150.7117,71.8106,1,NORMAL
NK-68,2026-03-03 03:00:00,4.7483,15187.019,4518.5275,3165.6802,72.102,1,NORMAL
NK-68,2026-03-03 04:00:00,4.7495,15418.5088,4509.9547,3147.5971,72.0591,1,NORMAL
NK-68,2026-03-03 05:00:00,4.7644,15344.0984,4513.1638,3146.3837,70.9757,1,NORMAL
NK-68,2026-03-03 06:00:00,4.7494,15379.745,4504.6023,3168.9952,72.5155,1,NORMAL
NK-68,2026-03-03 07:00:00,4.7472,15210.9233,4564.4308,3171.7281,72.3047,1,NORMAL
NK-68,2026-03-03 08:00:00,4.7491,15575.9878,4559.4413,3166.0582,72.9671,1,NORMAL
NK-68,2026-03-03 09:00:00,4.7501,16216.7857,4544.4275,3140.5664,72.7481,1,NORMAL
NK-68,2026-03-03 10:00:00,4.7483,16752.1803,4550.3922,3114.0768,72.5568,1,NORMAL
NK-68,2026-03-03 11:00:00,3.9879,13180.8463,3790.954,2670.2843,68.9266,-1,ANOMALÍA
NK-68,2026-03-03 12:00:00,4.7498,16057.6339,4539.6346,3142.1994,73.1433,1,NORMAL
NK-68,2026-03-03 13:00:00,4.7498,16171.6635,4549.0541,3165.2417,72.631,1,NORMAL
NK-68,2026-03-03 14:00:00,4.7529,16048.7872,4537.9865,3136.7449,72.6244,1,NORMAL
NK-68,2026-03-03 15:00:00,4.755,16144.9523,4572.1192,3174.4836,72.686,1,NORMAL
NK-68,2026-03-03 16:00:00,4.7443,16345.1029,4550.1125,3107.5451,72.7725,1,NORMAL
NK-68,2026-03-03 17:00:00,4.7811,15000.0802,4515.5565,3176.7856,70.6927,1,NORMAL
NK-68,2026-03-03 18:00:00,4.7521,15245.308,4539.7442,3186.5945,71.3044,1,NORMAL
NK-68,2026-03-03 19:00:00,4.7527,15234.7464,4553.3632,3167.419,70.9838,1,NORMAL
NK-68,2026-03-03 20:00:00,4.7481,15736.0006,4544.0457,3181.7071,72.2471,1,NORMAL
NK-68,2026-03-03 21:00:00,4.7515,15579.4674,4550.6795,3139.7311,71.9673,1,NORMAL
NK-68,2026-03-03 22:00:00,4.7524,15551.9108,4537.1701,3172.4538,71.4589,1,NORMAL
NK-68,2026-03-03 23:00:00,4.7493,15535.8072,4541.241,3155.2741,72.0064,1,NORMAL
NK-68,2026-03-04 00:00:00,4.7478,15453.7742,4522.5758,3181.3102,72.0058,1,NORMAL
NK-68,2026-03-04 02:00:00,4.7513,15439.8216,4559.3052,3146.1456,70.8571,1,NORMAL
NK-68,2026-03-04 03:00:00,4.7513,15527.5503,4525.6489,3144.0137,71.5116,1,NORMAL
NK-68,2026-03-04 04:00:00,4.7607,16095.8336,4536.4292,3158.952,72.0693,1,NORMAL
NK-68,2026-03-04 05:00:00,4.757,16368.3772,4521.5363,3155.928,71.7668,1,NORMAL
NK-68,2026-03-04 06:00:00,4.7512,16414.3838,4588.9474,3119.8714,72.4747,1,NORMAL
NK-68,2026-03-04 07:00:00,4.7543,16277.4857,4563.4367,3121.9655,71.0046,1,NORMAL
NK-68,2026-03-04 08:00:00,4.7534,16586.7165,4552.7962,3155.0586,71.9887,1,NORMAL
NK-68,2026-03-04 09:00:00,4.7637,16755.563,4569.1066,3103.3872,71.4373,1,NORMAL
NK-68,2026-03-04 10:00:00,4.7495,17512.3116,4585.8856,3082.2348,72.8796,1,NORMAL
NK-68,2026-03-04 11:00:00,4.7734,16239.7179,4540.228,3117.2595,71.8031,1,NORMAL
NK-68,2026-03-04 12:00:00,4.7539,15772.1232,4538.7576,3131.8802,71.1432,1,NORMAL
NK-68,2026-03-04 13:00:00,4.7578,15821.6023,4544.0079,3127.3141,71.7878,1,NORMAL
NK-68,2026-03-04 14:00:00,4.753,16412.0682,4541.2977,3100.6278,72.0853,1,NORMAL
NK-68,2026-03-04 15:00:00,4.7541,17315.5695,4584.8424,3067.2058,71.9431,1,NORMAL
NK-68,2026-03-04 16:00:00,4.7519,17412.6651,4589.9679,3091.7753,72.9567,1,NORMAL
NK-68,2026-03-04 17:00:00,4.7511,16745.6147,4574.0016,3101.2515,72.4611,1,NORMAL
NK-68,2026-03-04 18:00:00,4.7569,15929.5418,4567.0768,3131.8726,72.3707,1,NORMAL
NK-68,2026-03-04 19:00:00,4.7461,15826.5535,4575.0788,3152.1103,73.3994,1,NORMAL
NK-68,2026-03-04 20:00:00,4.7507,15713.7642,4541.3582,3148.973,72.7266,1,NORMAL
NK-68,2026-03-04 21:00:00,4.7547,15741.1432,4549.0768,3146.3951,72.3365,1,NORMAL
NK-68,2026-03-04 22:00:00,4.7587,15554.2921,4565.7802,3129.2607,71.7416,1,NORMAL
NK-68,2026-03-04 23:00:00,4.7506,15829.4723,4506.8702,3113.4418,71.5575,1,NORMAL
NK-68,2026-03-05 02:00:00,4.7544,15844.8457,4560.3939,3120.0944,71.3074,1,NORMAL
NK-68,2026-03-05 03:00:00,4.7506,15933.1995,4583.5269,3136.5748,73.336,1,NORMAL
NK-68,2026-03-05 04:00:00,4.75,15746.9866,4542.2503,3155.4744,72.5002,1,NORMAL
NK-68,2026-03-05 05:00:00,4.7476,15776.7224,4545.879,3167.8726,72.4368,1,NORMAL
NK-68,2026-03-05 06:00:00,4.7464,16389.5957,4548.317,3129.5442,73.5864,1,NORMAL
NK-68,2026-03-05 07:00:00,4.7499,15951.1134,4545.5615,3160.6151,72.8558,1,NORMAL
NK-68,2026-03-05 08:00:00,4.7465,15643.0155,4544.3821,3120.7143,72.66,1,NORMAL
NK-68,2026-03-05 09:00:00,4.8901,16218.2429,4602.8499,3096.9311,71.2166,1,NORMAL
NK-68,2026-03-05 10:00:00,5.018,16779.7643,4615.2102,3072.3692,69.5593,1,NORMAL
NK-68,2026-03-05 11:00:00,5.0187,16387.6017,4605.5412,3079.4225,69.9782,1,NORMAL
NK-68,2026-03-05 12:00:00,5.0477,16383.9594,4612.0578,3088.6304,69.3727,1,NORMAL
NK-68,2026-03-05 13:00:00,5.0195,16140.3243,4657.3865,3079.4981,68.3789,1,NORMAL
NK-68,2026-03-05 14:00:00,3.3504,10799.809,3093.7862,2051.7992,45.2876,-1,ANOMALÍA
NK-68,2026-03-05 15:00:00,3.1637,11747.6756,2888.6539,1967.6961,59.716,-1,ANOMALÍA
NK-68,2026-03-05 16:00:00,5.0167,18382.3608,4598.4954,2987.7973,76.0533,1,NORMAL
NK-68,2026-03-05 20:00:00,5.0209,15849.6476,4533.6321,3181.9338,73.5812,1,NORMAL
NK-68,2026-03-05 21:00:00,5.0188,15923.1771,4589.4614,3114.0843,72.2943,1,NORMAL
NK-68,2026-03-05 22:00:00,5.0155,15726.8049,4625.1212,3136.968,70.5896,1,NORMAL
NK-68,2026-03-05 23:00:00,5.0188,15982.0005,4615.0515,3122.9671,70.1176,1,NORMAL
NK-68,2026-03-06 00:00:00,5.0183,15566.2383,4602.0863,3138.6349,69.2495,1,NORMAL
NK-68,2026-03-06 01:00:00,5.0524,15664.4581,4615.3538,3146.327,68.5065,1,NORMAL
NK-68,2026-03-06 02:00:00,5.0236,15343.2123,4567.4245,3136.7449,67.7574,1,NORMAL
NK-68,2026-03-06 03:00:00,5.0139,15182.4033,4594.9423,3138.238,68.1506,1,NORMAL
NK-68,2026-03-06 04:00:00,5.0268,15138.7956,4563.1608,3187.3769,67.8473,1,NORMAL
NK-68,2026-03-06 05:00:00,5.0188,15017.4445,4564.4308,3183.2493,67.664,1,NORMAL
NK-68,2026-03-06 06:00:00,5.023,15026.666,4544.9718,3170.5941,66.2726,1,NORMAL
NK-68,2026-03-06 07:00:00,5.0197,14592.7686,4538.0999,3190.0078,67.8873,1,NORMAL
NK-68,2026-03-06 08:00:00,5.0216,14733.715,4592.2208,3209.376,67.0896,1,NORMAL
NK-68,2026-03-06 09:00:00,5.0167,15014.5109,4590.3308,3145.1931,67.9939,1,NORMAL
NK-68,2026-03-06 10:00:00,5.0188,15015.1893,4572.1872,3190.5899,67.5052,1,NORMAL
NK-68,2026-03-06 11:00:00,5.0204,14777.769,4537.1096,3198.1686,66.6581,1,NORMAL
NK-68,2026-03-06 12:00:00,5.0204,14008.1668,4553.3632,3259.8946,68.2608,1,NORMAL
NK-68,2026-03-06 13:00:00,5.0187,14876.5934,4588.1762,3198.4332,66.4525,1,NORMAL
NK-68,2026-03-06 14:00:00,5.0192,15557.5432,4598.5408,3162.9133,67.5815,1,NORMAL
NK-68,2026-03-06 15:00:00,5.0416,13759.9555,4553.0608,3283.2054,66.0481,1,NORMAL
NK-68,2026-03-06 16:00:00,5.0281,14601.1925,4557.1734,3221.124,66.6643,1,NORMAL
NK-68,2026-03-06 17:00:00,5.0209,15150.9621,4559.3355,3160.9931,67.0159,1,NORMAL
NK-68,2026-03-06 18:00:00,5.0194,13880.6413,4549.5417,3296.4767,66.4353,1,NORMAL
NK-68,2026-03-06 19:00:00,5.0176,14653.2748,4561.3615,3243.0627,67.5646,1,NORMAL
NK-68,2026-03-06 20:00:00,5.0226,14986.9536,4551.4581,3160.0708,67.5811,1,NORMAL
NK-68,2026-03-06 21:00:00,5.0218,13413.4607,4565.1679,3298.8127,65.4054,1,NORMAL
NK-68,2026-03-06 22:00:00,5.0359,14424.0535,4558.5795,3231.961,66.679,1,NORMAL
NK-68,2026-03-06 23:00:00,5.0209,14801.8038,4558.2393,3206.0875,66.4108,1,NORMAL
NK-68,2026-03-07 00:00:00,5.0201,13454.2914,4532.0294,3300.0487,66.0962,1,NORMAL
NK-68,2026-03-07 01:00:00,5.018,14402.6442,4565.0545,3256.6061,65.9971,1,NORMAL
NK-68,2026-03-07 02:00:00,5.0136,15340.7098,4612.6701,3147.2342,66.9391,1,NORMAL
NK-68,2026-03-07 03:00:00,5.016,13411.2222,4519.4574,3335.6631,66.529,1,NORMAL
NK-68,2026-03-07 04:00:00,5.0415,13980.3861,4522.2923,3266.8761,65.2068,1,NORMAL
NK-68,2026-03-07 05:00:00,5.0218,15021.008,4572.7164,3189.3236,66.0914,1,NORMAL
NK-68,2026-03-07 06:00:00,5.0199,13291.4133,4517.8018,3322.2179,66.3022,1,NORMAL
NK-68,2026-03-07 07:00:00,5.0199,13597.6959,4559.8836,3331.8453,66.9784,1,NORMAL
NK-68,2026-03-07 08:00:00,5.0253,15450.93,4573.6236,3218.8258,67.5736,1,NORMAL
NK-68,2026-03-07 09:00:00,2.8889,9757.2688,2626.8417,1801.6935,50.8434,-1,ANOMALÍA
NK-68,2026-03-07 10:00:00,5.0266,15679.8584,4535.2952,3168.4773,82.1915,1,NORMAL
NK-68,2026-03-07 11:00:00,5.0473,12836.5467,4523.1541,3370.5706,72.0881,1,NORMAL
NK-68,2026-03-07 12:00:00,5.0529,14226.3635,4557.5136,3283.0391,65.4851,1,NORMAL
NK-68,2026-03-07 13:00:00,5.0301,15412.9224,4585.5681,3200.5877,66.7236,1,NORMAL
NK-68,2026-03-07 14:00:00,5.0331,13389.8423,4538.9806,3292.761,65.8767,1,NORMAL
NK-68,2026-03-07 15:00:00,5.0366,13286.5953,4544.2347,3326.9126,69.9487,1,NORMAL
NK-68,2026-03-07 16:00:00,5.0204,14956.8007,4574.3418,3203.7062,67.5776,1,NORMAL
NK-68,2026-03-07 17:00:00,4.393,13448.7259,3985.3173,2804.8116,67.2039,-1,ANOMALÍA
NK-68,2026-03-07 18:00:00,5.0222,14039.6199,4576.9045,3257.9102,71.2502,1,NORMAL
NK-68,2026-03-07 19:00:00,5.0197,14766.3869,4564.1549,3188.1707,66.3596,1,NORMAL
NK-68,2026-03-07 20:00:00,5.0208,13170.4621,4499.885,3324.3951,66.5458,1,NORMAL
NK-68,2026-03-07 21:00:00,5.0199,13376.6761,4528.378,3312.0386,65.7295,1,NORMAL
NK-68,2026-03-07 22:00:00,5.0202,14630.388,4575.4077,3221.5776,67.8358,1,NORMAL
NK-68,2026-03-07 23:00:00,5.052,13370.9892,4530.2906,3284.4452,70.4316,1,NORMAL
NK-68,2026-03-08 00:00:00,5.0492,13442.9119,4587.1708,3288.3309,65.0084,1,NORMAL
NK-68,2026-03-08 01:00:00,5.0146,14529.7484,4536.6257,3182.841,67.0789,1,NORMAL
NK-68,2026-03-08 02:00:00,5.0171,13197.6695,4522.882,3295.1046,67.405,1,NORMAL
NK-68,2026-03-08 03:00:00,5.0141,13901.1122,4542.9873,3265.6779,67.5597,1,NORMAL
NK-68,2026-03-08 04:00:00,5.018,14121.142,4564.703,3225.6146,66.8872,1,NORMAL
NK-68,2026-03-08 05:00:00,5.0323,12895.9393,4540.6249,3330.8437,66.4747,1,NORMAL
NK-68,2026-03-08 06:00:00,5.0197,13648.7759,4588.5316,3261.4784,66.128,1,NORMAL
NK-68,2026-03-08 07:00:00,5.0212,14184.1682,4551.6396,3215.1366,66.8844,1,NORMAL
NK-68,2026-03-08 08:00:00,5.0213,13220.4258,4544.0193,3307.9412,66.7653,1,NORMAL
NK-68,2026-03-08 09:00:00,5.0304,13392.9431,4538.8483,3283.5834,65.6039,1,NORMAL
NK-68,2026-03-08 10:00:00,5.0167,14457.5184,4592.0393,3213.035,66.4558,1,NORMAL
NK-68,2026-03-08 11:00:00,5.02,12966.0236,4516.4334,3295.0479,66.1947,1,NORMAL
NK-68,2026-03-08 12:00:00,5.0191,12705.6773,4532.9517,3320.2901,66.1563,1,NORMAL
NK-68,2026-03-08 13:00:00,5.0187,13967.8297,4528.3477,3266.9026,75.3778,1,NORMAL
NK-68,2026-03-08 14:00:00,5.0209,14098.8279,4538.3834,3222.2807,66.0845,1,NORMAL
NK-68,2026-03-08 15:00:00,5.0218,12454.542,4511.5876,3369.9469,65.8243,1,NORMAL
NK-68,2026-03-08 16:00:00,5.0196,13432.5531,4592.0658,3298.0302,72.3529,1,NORMAL
NK-68,2026-03-09 05:00:00,5.0228,11659.1137,4498.0441,3379.34,75.5787,1,NORMAL
NK-68,2026-03-09 06:00:00,5.018,12296.8907,4499.7489,3389.7537,74.2163,1,NORMAL
NK-68,2026-03-09 07:00:00,5.0306,13382.6171,4533.0462,3290.0395,64.1043,1,NORMAL
NK-68,2026-03-09 08:00:00,5.0197,13770.7002,4485.2189,3255.7934,72.939,1,NORMAL
NK-68,2026-03-09 09:00:00,5.0176,11172.7308,4483.2836,3449.0076,82.6972,1,NORMAL
NK-68,2026-03-09 10:00:00,3.1355,9911.845,2836.1849,1993.5847,62.1027,-1,ANOMALÍA
NK-68,2026-03-09 11:00:00,5.0301,13051.2937,4365.3313,3175.8293,99.3377,1,NORMAL
NK-68,2026-03-09 12:00:00,5.1,9976.8325,4150.5866,3294.9571,99.9693,-1,ANOMALÍA
NK-68,2026-03-09 13:00:00,5.1892,6887.0284,4026.2576,3372.419,78.6094,-1,ANOMALÍA
NK-68,2026-03-09 14:00:00,5.2159,6376.5035,4052.3731,3367.8302,86.3267,-1,ANOMALÍA
NK-68,2026-03-09 15:00:00,5.2385,5570.2021,4025.5205,3403.7394,47.2554,-1,ANOMALÍA
NK-68,2026-03-09 16:00:00,5.2362,5398.698,3987.8612,3418.6171,61.6779,-1,ANOMALÍA
NK-68,2026-03-09 17:00:00,5.2213,5416.5938,4065.1492,3423.4705,99.9882,-1,ANOMALÍA
NK-68,2026-03-09 18:00:00,5.1977,5692.962,4068.3961,3453.5435,70.3283,-1,ANOMALÍA
NK-68,2026-03-09 19:00:00,5.1722,6251.0721,4038.8107,3412.0514,99.965,-1,ANOMALÍA
NK-68,2026-03-09 20:00:00,5.1556,6941.5303,4065.4365,3400.7003,84.5098,-1,ANOMALÍA
NK-68,2026-03-09 21:00:00,5.1357,6969.3873,4084.6233,3417.3244,99.9165,-1,ANOMALÍA
NK-68,2026-03-09 22:00:00,5.1205,7861.5432,4113.4565,3395.6655,99.8412,-1,ANOMALÍA
NK-68,2026-03-09 23:00:00,5.1211,7481.1866,4111.5099,3395.6541,99.9126,-1,ANOMALÍA
NK-68,2026-03-10 00:00:00,5.1156,7526.6551,4113.9706,3421.7922,99.8341,-1,ANOMALÍA
NK-68,2026-03-10 01:00:00,5.0997,7828.9392,4118.2192,3408.7477,99.7563,-1,ANOMALÍA
NK-68,2026-03-10 02:00:00,5.1003,8469.8277,4171.5765,3394.8944,99.5959,-1,ANOMALÍA
NK-68,2026-03-10 03:00:00,5.0526,8979.4223,4187.8264,3373.7457,99.7568,-1,ANOMALÍA
NK-68,2026-03-10 04:00:00,5.0471,8714.9706,4183.0977,3374.891,99.5783,-1,ANOMALÍA
NK-68,2026-03-10 05:00:00,5.0832,9279.8504,4187.2027,3391.4924,99.4791,-1,ANOMALÍA
NK-68,2026-03-10 06:00:00,5.0299,9526.9288,4248.9854,3376.0326,99.3882,-1,ANOMALÍA
NK-68,2026-03-10 07:00:00,5.0263,9985.4553,4241.7809,3340.679,99.4218,-1,ANOMALÍA
NK-68,2026-03-10 08:00:00,5.0301,11296.3066,4289.1357,3321.5942,99.4306,1,NORMAL
NK-68,2026-03-10 09:00:00,5.0197,9680.7243,4270.3079,3368.6617,99.5827,-1,ANOMALÍA
NK-68,2026-03-10 10:00:00,5.0278,11179.9919,4283.5906,3322.7735,98.852,1,NORMAL
NK-68,2026-03-10 11:00:00,5.0169,11261.4366,4312.2575,3337.4925,99.2246,1,NORMAL
NK-68,2026-03-10 12:00:00,5.0309,11443.1409,4315.0243,3301.2507,99.2881,1,NORMAL
NK-68,2026-03-10 13:00:00,5.0195,11859.824,4339.9491,3305.3859,99.0843,1,NORMAL
NK-68,2026-03-10 14:00:00,5.0169,12017.4161,4341.2041,3272.1075,98.8665,1,NORMAL
NK-68,2026-03-10 15:00:00,4.5165,11166.8378,3908.4792,2965.6924,89.0886,-1,ANOMALÍA
NK-68,2026-03-10 16:00:00,5.0176,12370.1341,4359.2078,3297.7883,99.1078,1,NORMAL
NK-68,2026-03-10 17:00:00,5.023,12453.2309,4340.913,3273.2188,99.1556,1,NORMAL
NK-68,2026-03-10 18:00:00,5.0221,13547.4322,4356.267,3264.8501,99.0034,1,NORMAL
NK-68,2026-03-10 19:00:00,5.0153,12823.6348,4382.133,3279.0777,99.1469,1,NORMAL
NK-68,2026-03-10 20:00:00,5.0201,12942.5387,4374.3766,3261.4935,98.796,1,NORMAL
NK-68,2026-03-10 21:00:00,5.0153,13230.6252,4364.5186,3242.2613,98.6698,1,NORMAL
NK-68,2026-03-10 22:00:00,5.0161,13087.7586,4383.9927,3272.89,98.9083,1,NORMAL
NK-68,2026-03-10 23:00:00,5.0259,12864.0491,4356.6186,3279.0777,98.8222,1,NORMAL
NK-68,2026-03-11 00:00:00,5.0146,13316.7825,4364.8626,3243.5541,98.7799,1,NORMAL
NK-68,2026-03-11 01:00:00,5.0206,13619.8509,4383.5845,3215.0686,98.5578,1,NORMAL
NK-68,2026-03-11 02:00:00,5.0235,13284.9198,4384.1439,3244.6956,98.572,1,NORMAL
NK-68,2026-03-11 03:00:00,5.0192,13243.7687,4405.2207,3236.3646,98.6624,1,NORMAL
NK-68,2026-03-11 04:00:00,5.0186,13639.3032,4378.8331,3231.3865,98.715,1,NORMAL
NK-68,2026-03-11 05:00:00,5.0181,13867.9981,4389.0956,3199.93,98.199,1,NORMAL
NK-68,2026-03-11 06:00:00,5.0181,14073.0132,4411.9565,3248.8837,98.5094,1,NORMAL
NK-68,2026-03-11 07:00:00,5.0445,13731.681,4409.6659,3227.9128,98.2701,1,NORMAL
NK-68,2026-03-11 08:00:00,5.0188,14108.712,4400.8322,3206.6318,98.3557,1,NORMAL
NK-68,2026-03-11 09:00:00,5.0135,14630.0471,4457.3042,3167.6004,98.0867,1,NORMAL
NK-68,2026-03-11 10:00:00,5.0209,14613.777,4468.4058,3195.723,98.4028,1,NORMAL
NK-68,2026-03-11 11:00:00,5.0184,14372.5335,4451.3962,3189.5995,98.2412,1,NORMAL
NK-68,2026-03-11 12:00:00,5.0345,14624.0364,4469.0522,3208.5256,97.6087,1,NORMAL
NK-68,2026-03-11 13:00:00,5.0173,15254.3741,4511.701,3181.7864,98.0011,1,NORMAL
NK-68,2026-03-11 14:00:00,5.0167,14524.7131,4481.0723,3239.8233,98.6286,1,NORMAL
NK-68,2026-03-11 15:00:00,5.0178,14866.3685,4486.8556,3198.8528,98.2163,1,NORMAL
NK-68,2026-03-11 16:00:00,5.0195,15334.0056,4487.7854,3156.0112,97.7901,1,NORMAL
NK-68,2026-03-11 17:00:00,5.0195,14722.0381,4458.1093,3194.4076,95.3934,1,NORMAL
NK-68,2026-03-11 18:00:00,5.019,14563.6204,4490.5599,3189.7394,93.7972,1,NORMAL
NK-68,2026-03-11 19:00:00,5.018,14779.904,4487.1277,3161.8852,93.7395,1,NORMAL
NK-68,2026-03-11 20:00:00,5.0561,14709.033,4486.9123,3149.3207,91.9052,1,NORMAL
NK-68,2026-03-11 21:00:00,5.019,14349.2418,4493.3381,3194.5134,90.1004,1,NORMAL
NK-68,2026-03-11 22:00:00,5.0184,14162.0522,4489.6641,3221.1845,88.1033,1,NORMAL
NK-68,2026-03-11 23:00:00,5.0219,13983.6487,4525.0894,3202.8595,86.309,1,NORMAL
NK-68,2026-03-12 00:00:00,5.0166,14207.3784,4515.9231,3192.6688,85.5335,1,NORMAL
NK-68,2026-03-12 01:00:00,5.0198,13674.6436,4515.942,3272.8484,84.7344,1,NORMAL
NK-68,2026-03-12 02:00:00,5.0132,13754.2017,4481.2651,3243.3613,83.8649,1,NORMAL
NK-68,2026-03-12 03:00:00,5.0197,14189.0413,4510.5935,3203.8952,83.7098,1,NORMAL
NK-68,2026-03-12 04:00:00,5.0169,13323.9023,4489.7094,3240.258,83.4344,1,NORMAL
NK-68,2026-03-12 05:00:00,5.0183,13780.9396,4518.5729,3235.9867,83.2898,1,NORMAL
NK-68,2026-03-12 06:00:00,5.0176,13385.3683,4486.8669,3262.6275,82.4289,1,NORMAL
NK-68,2026-03-12 07:00:00,5.0168,13544.8096,4495.9954,3258.171,83.2375,1,NORMAL
NK-68,2026-03-12 08:00:00,5.0181,13950.0844,4557.4077,3241.1651,82.0601,1,NORMAL
NK-68,2026-03-12 09:00:00,4.5186,12620.1414,4068.1126,2932.8827,80.7816,-1,ANOMALÍA
NK-68,2026-03-12 10:00:00,5.0194,13865.3459,4551.0801,3249.6851,82.847,1,NORMAL
NK-68,2026-03-12 11:00:00,5.0209,13502.2887,4459.1677,3262.6426,83.894,1,NORMAL
NK-68,2026-03-12 12:00:00,5.0185,13760.7686,4497.5527,3244.0001,81.0864,1,NORMAL
NK-68,2026-03-12 13:00:00,5.0188,12845.4959,4499.5561,3288.1306,81.3351,1,NORMAL
NK-68,2026-03-12 14:00:00,5.0468,13527.1844,4515.9798,3287.0911,76.9617,1,NORMAL
NK-68,2026-03-12 15:00:00,5.0177,12140.0191,4490.8132,3345.3737,68.957,1,NORMAL
NK-68,2026-03-12 16:00:00,5.0192,12361.7498,4496.7325,3313.1234,68.1434,1,NORMAL
NK-68,2026-03-12 17:00:00,5.0226,12591.8896,4521.9143,3288.6182,68.5358,1,NORMAL
NK-68,2026-03-12 18:00:00,5.0167,11931.2904,4476.1773,3335.2473,67.1665,1,NORMAL
NK-68,2026-03-12 19:00:00,5.0225,11865.7136,4514.5813,3346.3035,67.527,1,NORMAL
NK-68,2026-03-12 20:00:00,5.0238,11754.1151,4522.916,3345.6912,66.3881,1,NORMAL
NK-68,2026-03-12 21:00:00,5.0222,12540.8029,4532.7551,3271.8203,64.4654,1,NORMAL
NK-68,2026-03-12 22:00:00,5.0209,11434.2822,4506.2655,3382.1938,62.8644,1,NORMAL
NK-68,2026-03-12 23:00:00,5.0146,12569.6042,4591.1813,3281.8181,62.7585,1,NORMAL
NK-68,2026-03-13 00:00:00,5.022,11710.1877,4534.1423,3339.8285,62.2368,1,NORMAL
NK-68,2026-03-13 01:00:00,5.0451,11649.4811,4547.013,3353.0393,62.021,1,NORMAL
NK-68,2026-03-13 02:00:00,5.0174,13096.8843,4601.1603,3234.5314,65.4928,1,NORMAL
NK-68,2026-03-13 03:00:00,5.0216,12747.7322,4571.1288,3261.7657,66.4603,1,NORMAL
NK-68,2026-03-13 04:00:00,5.0182,12188.2056,4551.1746,3332.1062,65.8783,1,NORMAL
NK-68,2026-03-13 05:00:00,5.0327,13398.4633,4613.7134,3209.3987,65.5578,1,NORMAL
NK-68,2026-03-13 06:00:00,5.0155,12692.9409,4592.731,3233.3596,65.8103,1,NORMAL
NK-68,2026-03-13 07:00:00,5.0171,12765.9362,4583.1641,3245.3911,65.4508,1,NORMAL
NK-68,2026-03-13 08:00:00,5.0223,13747.9398,4620.5701,3172.1817,65.4459,1,NORMAL
NK-68,2026-03-13 09:00:00,5.0484,12970.1588,4625.1627,3238.3869,65.8849,1,NORMAL
NK-68,2026-03-13 10:00:00,5.0163,14278.3263,4644.1719,3128.8638,68.4119,1,NORMAL
NK-68,2026-03-13 11:00:00,5.0233,13875.6698,4645.9712,3189.6751,67.6368,1,NORMAL
NK-68,2026-03-13 12:00:00,5.0234,14237.7294,4603.0653,3160.8419,68.8814,1,NORMAL
NK-68,2026-03-13 13:00:00,5.0213,14161.3219,4583.3002,3156.3363,70.4897,1,NORMAL
NK-68,2026-03-13 14:00:00,5.0176,13958.1398,4594.776,3151.3165,70.3405,1,NORMAL
NK-68,2026-03-13 15:00:00,5.023,14538.5138,4585.4925,3190.1741,70.5392,1,NORMAL
NK-68,2026-03-13 16:00:00,5.0263,14278.8637,4589.983,3141.2468,69.8922,1,NORMAL
NK-68,2026-03-13 17:00:00,5.0185,14030.2717,4590.7239,3188.4504,70.1649,1,NORMAL
NK-68,2026-03-13 18:00:00,5.0213,14066.4085,4615.3916,3197.1669,68.624,1,NORMAL
NK-68,2026-03-13 19:00:00,5.0198,13992.6874,4629.3244,3180.8906,68.3129,1,NORMAL
NK-68,2026-03-13 20:00:00,5.0181,14008.6052,4554.346,3198.0817,68.9679,1,NORMAL
NK-68,2026-03-13 21:00:00,5.0352,14106.9317,4554.8449,3186.6965,69.8355,1,NORMAL
NK-68,2026-03-13 22:00:00,5.0177,14278.373,4571.658,3208.7864,71.0656,1,NORMAL
NK-68,2026-03-13 23:00:00,5.0241,14091.9676,4578.3674,3176.2073,71.4499,1,NORMAL
NK-68,2026-03-14 00:00:00,5.018,14299.9856,4534.2935,3193.1035,72.3477,1,NORMAL
NK-68,2026-03-14 01:00:00,5.0184,13988.7575,4557.2641,3218.5386,72.9581,1,NORMAL
NK-68,2026-03-14 02:00:00,5.0298,14150.0955,4546.0302,3201.7709,72.6164,1,NORMAL
NK-68,2026-03-14 03:00:00,5.0199,14008.5781,4550.1503,3232.3201,74.048,1,NORMAL
NK-68,2026-03-14 04:00:00,5.0223,14482.2419,4530.9559,3207.7734,74.1294,1,NORMAL
NK-68,2026-03-14 05:00:00,5.044,13801.5572,4569.6925,3259.9967,73.5832,1,NORMAL
NK-68,2026-03-14 06:00:00,5.0167,14064.5693,4553.1364,3204.2165,74.6346,1,NORMAL
NK-68,2026-03-14 07:00:00,5.0208,14182.2026,4524.3486,3221.4718,75.0051,1,NORMAL
NK-68,2026-03-14 08:00:00,5.0204,13912.2378,4536.1268,3228.2907,74.0344,1,NORMAL
NK-68,2026-03-14 09:00:00,5.041,14041.7685,4541.207,3231.9648,75.4351,1,NORMAL
NK-68,2026-03-14 10:00:00,5.0202,14433.9266,4534.4939,3174.6764,75.3092,1,NORMAL
NK-68,2026-03-14 11:00:00,3.7631,11034.0539,3431.9186,2436.2319,63.5498,-1,ANOMALÍA
NK-68,2026-03-14 12:00:00,5.0599,14111.9679,4556.8974,3213.0804,73.6873,1,NORMAL
NK-68,2026-03-14 13:00:00,5.0291,14719.9611,4565.7462,3249.1786,75.1093,1,NORMAL
NK-68,2026-03-14 14:00:00,5.0279,13835.4103,4542.0235,3262.3402,75.098,1,NORMAL
NK-68,2026-03-14 15:00:00,5.0188,14315.2,4547.1604,3247.1714,76.3016,1,NORMAL
NK-68,2026-03-14 16:00:00,5.0147,13996.9787,4561.7093,3251.3898,76.4825,1,NORMAL
NK-68,2026-03-14 17:00:00,5.0187,13350.7443,4515.1142,3316.7181,74.1382,1,NORMAL
NK-68,2026-03-14 18:00:00,5.0187,14212.54,4560.8815,3239.5738,74.3779,1,NORMAL
NK-68,2026-03-14 19:00:00,5.022,13319.7721,4495.9954,3278.8547,73.4267,1,NORMAL
NK-68,2026-03-14 20:00:00,5.0206,13736.42,4502.6972,3247.0127,71.7079,1,NORMAL
NK-68,2026-03-14 21:00:00,5.0246,13487.0343,4531.6816,3293.1201,70.8503,1,NORMAL
NK-68,2026-03-14 22:00:00,5.0173,12996.5389,4527.089,3260.3142,69.5663,1,NORMAL
NK-68,2026-03-14 23:00:00,5.0204,13269.9245,4543.1574,3281.3041,69.0653,1,NORMAL
NK-68,2026-03-15 00:00:00,5.0177,13336.0364,4519.0151,3279.0134,68.6666,1,NORMAL
NK-68,2026-03-15 01:00:00,5.0306,12803.0975,4539.9823,3336.06,68.2735,1,NORMAL
NK-68,2026-03-15 02:00:00,5.0157,13510.5303,4525.5128,3221.8044,68.8879,1,NORMAL
NK-68,2026-03-15 03:00:00,5.0213,12375.9578,4516.7925,3343.96,69.0397,1,NORMAL
NK-68,2026-03-15 04:00:00,5.0202,13683.4847,4546.9374,3248.2336,68.6128,1,NORMAL
NK-68,2026-03-15 05:00:00,5.0209,12107.3354,4505.6002,3326.7651,66.5644,1,NORMAL
NK-68,2026-03-15 06:00:00,5.0218,12791.0782,4527.7354,3282.6762,64.489,1,NORMAL
NK-68,2026-03-15 07:00:00,5.0215,13227.3187,4594.5265,3214.3088,65.0636,1,NORMAL
NK-68,2026-03-15 08:00:00,5.0229,12196.4469,4580.9188,3323.2082,62.0967,1,NORMAL
NK-68,2026-03-15 09:00:00,5.0203,13305.8328,4621.2656,3227.1908,61.3051,1,NORMAL
NK-68,2026-03-15 10:00:00,5.0206,13502.3116,4644.119,3209.2815,64.6699,1,NORMAL
NK-68,2026-03-15 11:00:00,5.0199,12756.7074,4619.1791,3315.0965,64.8141,1,NORMAL
NK-68,2026-03-15 12:00:00,5.0157,14707.434,4665.1391,3114.3603,66.2594,1,NORMAL
NK-68,2026-03-15 13:00:00,5.0236,13410.8856,4648.859,3208.9376,67.4676,1,NORMAL
NK-68,2026-03-15 14:00:00,5.0195,13914.9471,4619.7688,3196.3429,67.2066,1,NORMAL
NK-68,2026-03-15 15:00:00,5.0237,15068.3543,4671.8258,3135.5165,68.2438,1,NORMAL
NK-68,2026-03-15 16:00:00,5.0202,13478.3519,4621.1749,3223.6792,69.2782,1,NORMAL
NK-68,2026-03-15 17:00:00,5.0237,14196.1277,4608.5765,3213.345,68.3479,1,NORMAL
NK-68,2026-03-15 18:00:00,5.0258,14047.9834,4597.0591,3165.6046,66.6052,1,NORMAL
NK-68,2026-03-15 19:00:00,5.0215,14396.2165,4673.8367,3132.4018,65.8711,1,NORMAL
NK-68,2026-03-15 20:00:00,5.0652,13595.8156,4589.6882,3196.7133,64.8335,1,NORMAL
NK-68,2026-03-15 21:00:00,5.0289,14351.2189,4618.1585,3185.744,66.0136,1,NORMAL
NK-68,2026-03-15 22:00:00,5.0233,14219.8214,4589.091,3161.8549,67.7309,1,NORMAL
NK-68,2026-03-15 23:00:00,5.0178,14472.1182,4600.461,3185.2148,68.8151,1,NORMAL
NK-68,2026-03-16 00:00:00,5.0178,14634.9283,4584.0372,3166.9087,68.9843,1,NORMAL
NK-68,2026-03-16 01:00:00,5.0212,14618.479,4587.3069,3147.5215,69.4577,1,NORMAL
NK-68,2026-03-16 02:00:00,5.0181,14434.9652,4582.015,3193.954,69.956,1,NORMAL
NK-68,2026-03-16 03:00:00,5.0447,14581.7526,4583.5269,3166.1489,69.5054,1,NORMAL
NK-68,2026-03-16 04:00:00,5.0216,14565.0423,4561.1423,3168.3375,71.0936,1,NORMAL
NK-68,2026-03-16 05:00:00,5.0195,16974.8569,4632.7604,3132.7193,76.2674,1,NORMAL
NK-68,2026-03-16 06:00:00,5.022,16389.6854,4602.7138,3149.264,72.5957,1,NORMAL
NK-68,2026-03-16 07:00:00,5.0174,15379.1974,4593.0523,3170.5185,72.3981,1,NORMAL
NK-68,2026-03-16 08:00:00,5.0183,15472.9745,4610.8482,3192.3664,73.4117,1,NORMAL
NK-68,2026-03-16 09:00:00,5.0349,15394.1983,4586.8722,3173.5991,71.909,1,NORMAL
NK-68,2026-03-16 10:00:00,3.7858,14213.6879,3471.4944,2286.2637,63.8133,-1,ANOMALÍA
NK-68,2026-03-16 11:00:00,5.0231,17636.3455,4648.7419,3123.262,92.0367,1,NORMAL
NK-68,2026-03-16 12:00:00,5.0188,15225.2073,4562.2082,3198.093,74.0779,1,NORMAL
NK-68,2026-03-16 13:00:00,5.0215,15161.1958,4565.2586,3170.1972,74.9533,1,NORMAL
NK-68,2026-03-16 14:00:00,5.0201,14778.8707,4563.7051,3238.3604,73.2425,1,NORMAL
NK-68,2026-03-16 15:00:00,5.0188,14338.9344,4554.2099,3209.8448,73.9684,1,NORMAL
NK-68,2026-03-16 16:00:00,5.0223,14725.6093,4552.6072,3199.3971,73.1305,1,NORMAL
NK-68,2026-03-16 17:00:00,5.0229,14107.0555,4516.8114,3204.9157,71.9034,1,NORMAL
NK-68,2026-03-16 18:00:00,5.0223,14096.7392,4561.7546,3215.8019,71.051,1,NORMAL
NK-68,2026-03-16 19:00:00,5.0352,14707.1001,4614.9759,3182.3118,69.4669,1,NORMAL
NK-68,2026-03-16 20:00:00,5.0218,13774.066,4540.2545,3241.5356,69.1757,1,NORMAL
NK-68,2026-03-16 21:00:00,5.0214,14158.3787,4568.2183,3225.4785,69.2394,1,NORMAL
NK-68,2026-03-16 22:00:00,5.0188,13473.4038,4532.3166,3253.4801,68.9215,1,NORMAL
NK-68,2026-03-16 23:00:00,5.023,15989.0949,4612.7835,3153.3577,75.6309,1,NORMAL
NK-68,2026-03-17 00:00:00,5.0206,18032.9734,4647.9934,3160.1615,94.9309,1,NORMAL
NK-68,2026-03-17 01:00:00,5.0182,15882.114,4621.8099,3203.0711,80.1136,1,NORMAL
NK-68,2026-03-17 02:00:00,5.0197,13573.0267,4570.577,3268.717,67.3912,1,NORMAL
NK-68,2026-03-17 03:00:00,5.0359,13630.8623,4555.858,3247.4171,67.5906,1,NORMAL
NK-68,2026-03-17 04:00:00,5.0201,12904.0294,4526.7942,3325.3023,67.2121,1,NORMAL
NK-68,2026-03-17 05:00:00,5.0184,14290.8195,4559.4413,3232.6906,67.5324,1,NORMAL
NK-68,2026-03-17 06:00:00,5.0241,13016.8105,4534.1461,3275.8875,66.3006,1,NORMAL
NK-68,2026-03-17 07:00:00,5.0223,13494.5695,4554.6786,3317.9957,67.876,1,NORMAL
NK-68,2026-03-17 08:00:00,5.0234,14511.3827,4574.663,3192.1774,67.8713,1,NORMAL
NK-68,2026-03-17 09:00:00,5.0161,12736.9063,4504.7837,3327.2641,67.212,1,NORMAL
NK-68,2026-03-17 10:00:00,2.5168,6831.2261,2298.2649,1638.9719,32.9224,-1,ANOMALÍA
NK-68,2026-03-17 11:00:00,2.9275,11276.7922,2707.2822,1815.0026,58.0354,-1,ANOMALÍA
NK-68,2026-03-17 12:00:00,5.0197,16636.0334,4591.4648,3182.7957,94.6215,1,NORMAL
NK-68,2026-03-17 13:00:00,5.0192,14004.0105,4558.4548,3320.7097,77.6148,1,NORMAL
NK-68,2026-03-17 14:00:00,5.0209,15076.0741,4552.6828,3194.2942,67.7691,1,NORMAL
NK-68,2026-03-17 15:00:00,5.0209,15125.5718,4551.2465,3240.9005,82.4337,1,NORMAL
NK-68,2026-03-17 16:00:00,5.0211,13395.4974,4565.8369,3320.43,72.4386,1,NORMAL
NK-68,2026-03-17 17:00:00,5.0211,14367.6489,4604.789,3272.3306,67.1503,1,NORMAL
NK-68,2026-03-17 18:00:00,5.0234,15299.3722,4570.1007,3154.5824,66.7445,1,NORMAL
NK-68,2026-03-17 19:00:00,5.0249,13299.0475,4520.0848,3323.0155,66.9883,1,NORMAL
NK-68,2026-03-17 20:00:00,5.0203,14674.0701,4613.7134,3223.2105,68.833,1,NORMAL
NK-68,2026-03-17 21:00:00,5.0443,14814.4355,4569.4997,3214.1274,67.0423,1,NORMAL
NK-68,2026-03-17 22:00:00,5.0354,14446.8587,4560.3825,3207.6637,67.1151,1,NORMAL
NK-68,2026-03-17 23:00:00,5.0209,13151.6616,4554.7996,3307.5783,66.8695,1,NORMAL
NK-68,2026-03-18 00:00:00,5.0209,13382.74,4595.3959,3318.54,67.4578,1,NORMAL
NK-68,2026-03-18 01:00:00,5.0449,14821.3352,4595.3505,3179.046,66.8389,1,NORMAL
NK-68,2026-03-18 02:00:00,5.0196,13971.9404,4565.6895,3227.7011,67.4491,1,NORMAL
NK-68,2026-03-18 03:00:00,5.0354,13369.4654,4585.8629,3304.2557,65.884,1,NORMAL
NK-68,2026-03-18 04:00:00,5.0227,14713.1721,4597.4824,3219.7633,67.8559,1,NORMAL
NK-68,2026-03-18 05:00:00,5.0146,14819.9873,4577.5736,3161.0687,68.7763,1,NORMAL
NK-68,2026-03-18 06:00:00,5.0212,13560.8956,4555.7559,3253.3856,66.6623,1,NORMAL
NK-68,2026-03-18 07:00:00,5.0188,15320.2034,4659.4352,3179.0195,67.9764,1,NORMAL
NK-68,2026-03-18 08:00:00,5.0234,14854.6737,4589.3329,3187.6377,67.3781,1,NORMAL
NK-68,2026-03-18 09:00:00,5.019,14581.9122,4568.8306,3233.8397,72.3182,1,NORMAL
NK-68,2026-03-18 10:00:00,5.0164,16257.6803,4610.7801,3160.3505,68.8594,1,NORMAL
NK-68,2026-03-18 11:00:00,5.0223,14868.796,4589.726,3165.3778,69.0216,1,NORMAL
NK-68,2026-03-18 12:00:00,5.0251,14105.7698,4602.2149,3205.3845,67.2873,1,NORMAL
NK-68,2026-03-18 13:00:00,5.0195,15690.7365,4624.9057,3127.5938,68.3926,1,NORMAL
NK-68,2026-03-18 14:00:00,5.0185,14503.492,4591.4648,3174.1283,67.6721,1,NORMAL
NK-68,2026-03-18 15:00:00,5.0209,14426.3738,4571.4161,3265.092,82.0646,1,NORMAL
NK-68,2026-03-18 16:00:00,5.0638,15755.1555,4633.6033,3167.555,68.3847,1,NORMAL
NK-68,2026-03-18 17:00:00,5.0492,14487.4315,4569.8815,3202.0241,66.3355,1,NORMAL
NK-68,2026-03-18 18:00:00,5.0218,14849.0354,4607.3026,3195.0124,67.7968,1,NORMAL
NK-68,2026-03-18 19:00:00,5.0251,14743.8035,4581.9847,3200.3496,67.9374,1,NORMAL
NK-68,2026-03-18 20:00:00,5.0194,14543.155,4565.7916,3214.6377,68.5831,1,NORMAL
NK-68,2026-03-18 21:00:00,5.0445,15366.5111,4606.4521,3144.645,66.6455,1,NORMAL
NK-68,2026-03-18 22:00:00,5.0202,14466.8691,4551.4128,3210.2492,67.3694,1,NORMAL
NK-68,2026-03-18 23:00:00,5.0192,15019.0412,4615.9586,3139.2964,68.1728,1,NORMAL
NK-68,2026-03-19 00:00:00,5.0228,14681.7913,4613.823,3179.2501,67.4892,1,NORMAL
NK-68,2026-03-19 01:00:00,5.016,15260.2614,4600.7634,3162.4295,67.94,1,NORMAL
NK-68,2026-03-19 02:00:00,5.0284,14816.5927,4604.5622,3176.5361,68.2858,1,NORMAL
NK-68,2026-03-19 03:00:00,5.0204,15252.5444,4612.4773,3135.8945,68.2168,1,NORMAL
NK-68,2026-03-19 04:00:00,5.0146,15086.2746,4579.9927,3153.1876,68.321,1,NORMAL
NK-68,2026-03-19 05:00:00,5.0209,15148.6396,4591.7936,3155.7844,68.9879,1,NORMAL
NK-68,2026-03-19 06:00:00,5.0184,15095.9625,4572.5198,3140.1885,69.1891,1,NORMAL
NK-68,2026-03-19 07:00:00,5.0236,15439.5189,4623.8662,3119.792,68.1479,1,NORMAL
NK-68,2026-03-19 08:00:00,5.0162,15494.0253,4641.0195,3144.7395,68.6509,1,NORMAL
NK-68,2026-03-19 09:00:00,5.0376,15671.444,4613.3127,3142.9553,68.4296,1,NORMAL
NK-68,2026-03-19 10:00:00,5.0185,15972.164,4616.8545,3074.6485,69.4362,1,NORMAL
NK-68,2026-03-19 11:00:00,5.0218,16063.4835,4630.3374,3099.698,70.3597,1,NORMAL
NK-68,2026-03-19 12:00:00,5.0205,15859.9477,4595.9553,3109.6316,71.2971,1,NORMAL
NK-68,2026-03-19 13:00:00,5.0246,16036.9493,4581.7315,3128.8827,73.2529,1,NORMAL
NK-68,2026-03-19 14:00:00,5.0205,16160.881,4652.6692,3126.1574,71.2234,1,NORMAL
NK-68,2026-03-19 15:00:00,5.0225,15957.5919,4574.3644,3149.1695,70.693,1,NORMAL
NK-68,2026-03-19 16:00:00,5.0204,15832.0915,4561.1309,3172.2384,71.1437,1,NORMAL
NK-68,2026-03-19 17:00:00,5.0187,15497.6549,4588.3123,3159.7987,70.7526,1,NORMAL
NK-68,2026-03-19 18:00:00,5.0209,15610.057,4587.6093,3106.808,69.2431,1,NORMAL
NK-68,2026-03-19 19:00:00,5.0214,15218.7055,4602.0107,3147.0641,69.0318,1,NORMAL
NK-68,2026-03-19 20:00:00,5.0222,15120.083,4597.4522,3175.6063,68.5816,1,NORMAL
NK-68,2026-03-19 21:00:00,5.0212,14974.909,4557.5665,3155.9431,69.3504,1,NORMAL
NK-68,2026-03-19 22:00:00,5.0186,14883.323,4567.4434,3186.0918,66.9865,1,NORMAL
NK-68,2026-03-19 23:00:00,5.0171,14433.6524,4610.3833,3154.8507,63.0295,1,NORMAL
NK-68,2026-03-20 00:00:00,5.0211,14501.7893,4662.8863,3143.7,61.4229,1,NORMAL
NK-68,2026-03-20 01:00:00,5.0199,14665.5905,4652.6541,3137.2666,63.8974,1,NORMAL
NK-68,2026-03-20 02:00:00,5.0201,15042.6459,4645.5781,3125.0537,65.1076,1,NORMAL
NK-68,2026-03-20 03:00:00,5.0208,15409.0736,4682.3415,3088.9366,67.488,1,NORMAL
NK-68,2026-03-20 04:00:00,5.0171,15631.3275,4669.2933,3079.7627,69.3027,1,NORMAL
NK-68,2026-03-20 05:00:00,5.0195,15796.2628,4653.7578,3122.6648,70.807,1,NORMAL
NK-68,2026-03-20 06:00:00,5.0209,15824.4499,4665.2298,3068.423,69.7523,1,NORMAL
NK-68,2026-03-20 07:00:00,5.0183,15996.1065,4670.809,3094.6858,69.8265,1,NORMAL
NK-68,2026-03-20 08:00:00,5.0449,16414.6757,4684.859,3124.7362,67.5263,1,NORMAL
NK-68,2026-03-20 09:00:00,5.0201,16585.1492,4683.158,3075.3629,68.3396,1,NORMAL
NK-68,2026-03-20 10:00:00,5.0168,16688.5963,4678.0097,3063.9211,69.6055,1,NORMAL
NK-68,2026-03-20 11:00:00,5.0438,16599.5423,4693.1143,3104.5514,68.2214,1,NORMAL
NK-68,2026-03-20 12:00:00,5.0173,17290.5897,4683.982,3053.5528,68.8576,1,NORMAL
NK-68,2026-03-20 13:00:00,5.0217,16603.6942,4660.4105,3059.2491,68.0786,1,NORMAL
NK-68,2026-03-20 14:00:00,5.0208,16603.7098,4672.4004,3078.2885,68.4959,1,NORMAL
NK-68,2026-03-20 15:00:00,5.0187,16565.4342,4672.1471,3068.4419,67.4243,1,NORMAL
NK-68,2026-03-20 16:00:00,5.0216,16510.171,4667.5469,3047.1723,67.5505,1,NORMAL
NK-68,2026-03-20 17:00:00,5.0188,16473.3305,4668.1971,3083.8828,67.8315,1,NORMAL
NK-68,2026-03-20 18:00:00,5.0211,16359.4997,4638.5625,3081.4637,68.052,1,NORMAL
NK-68,2026-03-20 19:00:00,5.0216,16334.5043,4645.5176,3066.344,68.5193,1,NORMAL
NK-68,2026-03-20 20:00:00,5.019,16330.5741,4627.6008,3085.5649,69.4846,1,NORMAL
NK-68,2026-03-20 21:00:00,4.016,13049.7179,3679.3973,2519.4883,56.3152,-1,ANOMALÍA
NK-68,2026-03-20 22:00:00,5.0192,16065.8609,4642.6826,3078.0995,70.9423,1,NORMAL
NK-68,2026-03-20 23:00:00,5.023,16205.8232,4645.2152,3096.9991,71.5119,1,NORMAL
NK-68,2026-03-21 00:00:00,5.0145,16059.7629,4595.0595,3104.3926,72.9934,1,NORMAL
NK-68,2026-03-21 01:00:00,5.0354,16345.4328,4568.7853,3086.9067,72.2024,1,NORMAL
NK-68,2026-03-21 02:00:00,5.0176,15772.6328,4577.086,3128.5917,72.5114,1,NORMAL
NK-68,2026-03-21 03:00:00,5.0139,15619.5499,4591.427,3132.8705,72.6699,1,NORMAL
NK-68,2026-03-21 04:00:00,5.018,15718.4962,4586.2938,3162.8377,72.9765,1,NORMAL
NK-68,2026-03-21 05:00:00,5.0392,16073.4577,4603.2581,3154.2649,71.502,1,NORMAL
NK-68,2026-03-21 06:00:00,5.0183,15816.8611,4583.8671,3164.3005,71.9614,1,NORMAL
NK-68,2026-03-21 07:00:00,5.0223,15437.0866,4602.5928,3161.5828,71.4218,1,NORMAL
NK-68,2026-03-21 08:00:00,5.0186,15675.4867,4583.7878,3179.3484,70.4555,1,NORMAL
NK-68,2026-03-21 09:00:00,5.019,15616.1328,4631.4601,3156.3287,69.2134,1,NORMAL
NK-68,2026-03-21 10:00:00,5.018,15503.7685,4617.274,3152.9948,69.5207,1,NORMAL
NK-68,2026-03-21 11:00:00,5.0328,15646.7704,4593.8234,3153.9322,69.3212,1,NORMAL
NK-68,2026-03-21 12:00:00,5.0183,15859.2282,4625.2572,3134.2502,72.2831,1,NORMAL
NK-68,2026-03-21 13:00:00,5.0216,15745.9892,4582.4686,3171.1233,67.8969,1,NORMAL
NK-68,2026-03-21 14:00:00,5.0214,15800.0671,4590.3875,3173.7125,68.4467,1,NORMAL
NK-68,2026-03-21 15:00:00,5.0183,16549.9452,4643.4764,3113.7253,75.7186,1,NORMAL
NK-68,2026-03-21 16:00:00,5.0178,16526.8074,4627.2833,3140.9596,73.0122,1,NORMAL
NK-68,2026-03-21 17:00:00,5.0239,15714.1355,4595.2636,3147.083,67.5576,1,NORMAL
NK-68,2026-03-21 18:00:00,5.0179,15708.6029,4618.1585,3134.5791,68.0507,1,NORMAL
NK-68,2026-03-21 19:00:00,5.0247,15108.8321,4578.9457,3204.825,66.4296,1,NORMAL
NK-68,2026-03-21 20:00:00,5.02,14893.7099,4602.4417,3169.9818,67.5381,1,NORMAL
NK-68,2026-03-21 21:00:00,5.0214,14888.7051,4638.2979,3166.5685,66.5607,1,NORMAL
NK-68,2026-03-21 22:00:00,5.0195,14896.1896,4593.4303,3212.0976,67.8233,1,NORMAL
NK-68,2026-03-21 23:00:00,5.0239,14867.4079,4607.3291,3207.4483,66.3891,1,NORMAL
NK-68,2026-03-22 00:00:00,5.0176,14700.0542,4579.2178,3222.258,67.3819,1,NORMAL
NK-68,2026-03-22 01:00:00,5.0168,15063.6942,4605.458,3189.5655,67.3289,1,NORMAL
NK-68,2026-03-22 02:00:00,5.0199,14885.737,4621.4584,3152.5261,67.4473,1,NORMAL
NK-68,2026-03-22 03:00:00,5.0507,14568.7674,4608.051,3234.5049,65.9134,1,NORMAL
NK-68,2026-03-22 04:00:00,5.018,17685.4366,4696.5616,3106.7286,77.4413,1,NORMAL
NK-68,2026-03-22 05:00:00,5.0172,15373.5226,4608.7012,3158.8008,71.9422,1,NORMAL
NK-68,2026-03-22 06:00:00,5.0213,14054.3811,4571.5975,3217.9943,67.0308,1,NORMAL
NK-68,2026-03-22 07:00:00,5.0536,14541.6028,4606.2972,3171.4559,65.9279,1,NORMAL
NK-68,2026-03-22 08:00:00,5.0164,14982.0265,4650.6809,3162.713,66.9091,1,NORMAL
NK-68,2026-03-22 09:00:00,5.0187,14729.4955,4617.5235,3230.8422,67.0146,1,NORMAL
NK-68,2026-03-22 10:00:00,5.0161,15550.7489,4645.9069,3112.6707,66.303,1,NORMAL
NK-68,2026-03-22 11:00:00,5.0176,14920.4408,4626.1039,3164.0624,67.6414,1,NORMAL
NK-68,2026-03-22 12:00:00,5.0273,15058.3533,4635.841,3188.0762,66.8738,1,NORMAL
NK-68,2026-03-22 13:00:00,5.0395,15434.2808,4646.7272,3160.9931,67.2166,1,NORMAL
NK-68,2026-03-22 14:00:00,5.0206,15255.1428,4630.5794,3207.0627,67.0361,1,NORMAL
NK-68,2026-03-22 15:00:00,5.0236,15481.5585,4628.4135,3133.5509,67.3584,1,NORMAL
NK-68,2026-03-22 16:00:00,5.0203,14975.126,4625.9263,3132.2771,67.6771,1,NORMAL
NK-68,2026-03-22 17:00:00,5.0231,14955.6251,4602.4076,3148.0167,66.7426,1,NORMAL
NK-68,2026-03-22 18:00:00,5.0192,15143.4366,4627.9334,3168.5529,67.9018,1,NORMAL
NK-68,2026-03-22 19:00:00,5.023,14956.438,4622.3089,3160.1993,66.7045,1,NORMAL
NK-68,2026-03-22 20:00:00,5.0221,15038.8809,4603.3488,3124.7928,67.8184,1,NORMAL
NK-68,2026-03-22 21:00:00,4.3937,14707.9811,4072.7166,2694.4267,70.5646,-1,ANOMALÍA
NK-68,2026-03-22 22:00:00,5.0188,15124.5241,4611.8196,3149.9558,68.7801,1,NORMAL
NK-68,2026-03-22 23:00:00,5.0195,15117.4173,4629.4907,3155.0511,67.9335,1,NORMAL
NK-68,2026-03-23 00:00:00,5.0198,15002.4191,4609.1699,3145.2535,68.6823,1,NORMAL
NK-68,2026-03-23 01:00:00,5.0211,15035.4019,4561.8302,3132.2204,67.3718,1,NORMAL
NK-68,2026-03-23 02:00:00,5.0213,15093.8181,4590.6634,3135.0478,67.9193,1,NORMAL
NK-68,2026-03-23 03:00:00,5.0236,15318.2224,4637.164,3145.6467,67.7219,1,NORMAL
NK-68,2026-03-23 04:00:00,5.0192,15347.7709,4632.3332,3158.075,67.8076,1,NORMAL
NK-68,2026-03-23 05:00:00,5.0232,15252.1073,4619.4059,3124.086,67.7321,1,NORMAL
NK-68,2026-03-23 06:00:00,5.0226,15213.9579,4590.4555,3161.511,68.4756,1,NORMAL
NK-68,2026-03-23 07:00:00,5.0204,16018.2405,4637.1073,3062.6397,68.1793,1,NORMAL
NK-68,2026-03-23 08:00:00,5.022,16576.801,4693.6813,3057.0945,69.0106,1,NORMAL
NK-68,2026-03-23 09:00:00,5.0199,16877.0851,4685.6414,3082.711,68.9196,1,NORMAL
NK-68,2026-03-23 10:00:00,5.0232,17224.1787,4688.6011,3079.1617,68.2492,1,NORMAL
NK-68,2026-03-23 11:00:00,5.0217,16870.1672,4650.6923,3100.6959,67.3176,1,NORMAL
NK-68,2026-03-23 12:00:00,5.02,16269.0757,4639.6927,3058.1718,67.8213,1,NORMAL
NK-68,2026-03-23 13:00:00,5.0458,16331.4951,4673.077,3074.0021,67.3206,1,NORMAL
NK-68,2026-03-23 14:00:00,5.0174,16156.9527,4667.5167,3081.5771,66.6237,1,NORMAL
NK-68,2026-03-23 15:00:00,5.0174,16024.4565,4657.0199,3100.0382,67.4298,1,NORMAL
NK-68,2026-03-23 16:00:00,5.0246,15807.6256,4615.8263,3116.1822,66.9928,1,NORMAL
NK-68,2026-03-23 17:00:00,5.0171,15654.7596,4647.0296,3117.1612,67.6881,1,NORMAL
NK-68,2026-03-23 18:00:00,5.0197,15645.6155,4620.812,3121.1981,66.8812,1,NORMAL
NK-68,2026-03-23 19:00:00,5.0213,15813.1857,4623.9418,3081.5241,66.183,1,NORMAL
NK-68,2026-03-23 20:00:00,5.0201,15643.9839,4647.3017,3099.2444,67.9746,1,NORMAL
NK-68,2026-03-23 21:00:00,5.0188,15823.3244,4645.6688,3083.845,67.1006,1,NORMAL
NK-68,2026-03-23 22:00:00,5.0213,15667.6351,4635.8221,3145.4577,67.5124,1,NORMAL
NK-68,2026-03-23 23:00:00,5.0165,15740.8429,4619.8519,3087.6438,67.7748,1,NORMAL
NK-68,2026-03-24 00:00:00,5.0176,15800.8835,4650.4466,3065.1193,68.0369,1,NORMAL
NK-68,2026-03-24 01:00:00,5.0184,15779.5027,4614.5979,3059.2378,67.3384,1,NORMAL
NK-68,2026-03-24 02:00:00,5.0215,15943.3572,4635.9922,3072.3541,66.803,1,NORMAL
NK-68,2026-03-24 03:00:00,5.0236,15814.4857,4675.6624,3044.6662,67.2568,1,NORMAL
NK-68,2026-03-24 04:00:00,5.0223,15901.6933,4649.6755,3080.4053,67.9788,1,NORMAL
NK-68,2026-03-24 05:00:00,5.0226,15674.0462,4665.4907,3089.8551,67.1959,1,NORMAL
NK-68,2026-03-24 06:00:00,5.0201,15871.0102,4600.6046,3080.4544,68.0938,1,NORMAL
NK-68,2026-03-24 07:00:00,5.0234,15921.2282,4682.9539,3108.1915,67.9017,1,NORMAL
NK-68,2026-03-24 08:00:00,5.0208,16334.9611,4707.856,3097.3242,68.6474,1,NORMAL
NK-68,2026-03-24 09:00:00,5.0232,16618.9818,4693.3713,3062.9988,67.7848,1,NORMAL
NK-68,2026-03-24 10:00:00,5.0184,16198.2465,4663.5402,3077.1546,67.8788,1,NORMAL
NK-68,2026-03-24 11:00:00,5.0138,17371.7586,4711.4733,3036.8304,68.7467,1,NORMAL
NK-68,2026-03-24 12:00:00,5.0269,17001.688,4693.5679,3064.5901,67.9421,1,NORMAL
NK-68,2026-03-24 13:00:00,5.0193,16296.4859,4656.6683,3109.4728,68.2545,1,NORMAL
NK-68,2026-03-24 14:00:00,5.0243,16713.6809,4632.1972,3076.7463,68.2769,1,NORMAL
NK-68,2026-03-24 15:00:00,5.0206,16933.5702,4672.9976,3066.6653,68.5167,1,NORMAL
NK-68,2026-03-24 16:00:00,5.0186,16108.9042,4665.3999,3126.7773,68.064,1,NORMAL
NK-68,2026-03-24 17:00:00,5.0222,15618.6698,4649.2068,3109.1629,68.4228,1,NORMAL
NK-68,2026-03-24 18:00:00,5.0199,16140.7199,4659.4352,3080.0349,68.4929,1,NORMAL
NK-68,2026-03-24 19:00:00,5.0201,16321.6913,4672.5553,3076.9278,69.0205,1,NORMAL
NK-68,2026-03-24 20:00:00,5.0222,15746.0852,4613.3505,3073.6203,68.0676,1,NORMAL
NK-68,2026-03-24 21:00:00,5.0199,15628.1965,4650.4882,3101.6673,68.149,1,NORMAL
NK-68,2026-03-24 22:00:00,5.0258,16149.4385,4708.2642,3071.4998,67.7228,1,NORMAL
NK-68,2026-03-24 23:00:00,5.0218,15919.938,4657.3676,3051.6401,67.9953,1,NORMAL
NK-68,2026-03-25 00:00:00,5.025,15462.0818,4683.4301,3115.3884,67.6874,1,NORMAL
NK-68,2026-03-25 01:00:00,5.0187,15831.8298,4631.2597,3070.4263,67.8624,1,NORMAL
NK-68,2026-03-25 02:00:00,5.0168,15939.0333,4687.7052,3086.3511,68.1497,1,NORMAL
NK-68,2026-03-25 03:00:00,5.022,15650.3449,4648.8439,3110.947,67.7381,1,NORMAL
NK-68,2026-03-25 04:00:00,5.0155,15763.311,4609.9712,3094.3003,68.3696,1,NORMAL
NK-68,2026-03-25 05:00:00,5.0393,16363.4282,4700.3717,3070.895,67.5111,1,NORMAL
NK-68,2026-03-25 06:00:00,5.0184,16331.4913,4668.6658,3053.0689,68.7251,1,NORMAL
NK-68,2026-03-25 07:00:00,5.019,15978.2405,4647.9481,3052.5473,69.1677,1,NORMAL
NK-68,2026-03-25 08:00:00,5.0456,16514.0797,4660.6372,3066.0038,68.0641,1,NORMAL
NK-68,2026-03-25 09:00:00,5.0218,16811.3563,4691.8216,3048.465,69.1387,1,NORMAL
NK-68,2026-03-25 10:00:00,5.019,16548.2795,4640.4979,3060.024,69.6346,1,NORMAL
NK-68,2026-03-25 11:00:00,4.184,13469.248,3890.6229,2627.9795,68.2524,-1,ANOMALÍA
NK-68,2026-03-25 12:00:00,5.0209,16859.179,4666.3525,3072.1651,70.9603,1,NORMAL
NK-68,2026-03-25 13:00:00,5.0194,16930.8453,4631.4941,3041.5477,71.3762,1,NORMAL
NK-68,2026-03-25 14:00:00,5.0188,16414.2085,4668.9342,3108.7736,70.929,1,NORMAL
NK-68,2026-03-25 15:00:00,5.0213,16841.8855,4670.1173,3072.9362,70.7909,1,NORMAL
NK-68,2026-03-25 16:00:00,5.0192,16648.9254,4635.9733,3069.5758,70.8493,1,NORMAL
NK-68,2026-03-25 17:00:00,5.0213,16709.4798,4633.1497,3059.4192,71.0706,1,NORMAL
NK-68,2026-03-25 18:00:00,5.0408,15806.5152,4598.4576,3127.5597,69.39,1,NORMAL
NK-68,2026-03-25 19:00:00,5.022,15853.7222,4660.8829,3098.9269,71.552,1,NORMAL
NK-68,2026-03-25 20:00:00,5.018,16182.7896,4615.8528,3061.0068,72.0401,1,NORMAL
NK-68,2026-03-25 21:00:00,5.0226,16400.2192,4620.1543,3058.8976,71.7999,1,NORMAL
NK-68,2026-03-25 22:00:00,5.0193,16197.0892,4609.1359,3083.6371,70.9068,1,NORMAL
NK-68,2026-03-25 23:00:00,5.0308,15912.791,4636.9712,3119.5539,70.8229,1,NORMAL
NK-68,2026-03-26 00:00:00,5.017,16317.959,4628.8708,3097.6871,71.4773,1,NORMAL
NK-68,2026-03-26 01:00:00,5.0179,16324.4066,4627.8881,3104.7328,70.8155,1,NORMAL
NK-68,2026-03-26 02:00:00,5.0215,15934.2434,4628.7159,3064.1138,69.6281,1,NORMAL
NK-68,2026-03-26 03:00:00,5.0426,15972.3747,4603.0767,3131.6761,68.9407,1,NORMAL
NK-68,2026-03-26 04:00:00,5.0178,16075.5851,4639.8477,3075.4914,69.6811,1,NORMAL
NK-68,2026-03-26 05:00:00,5.0226,16117.4205,4634.2837,3082.8698,70.2904,1,NORMAL
NK-68,2026-03-26 06:00:00,5.0402,16174.3491,4627.6953,3095.2868,69.3359,1,NORMAL
NK-68,2026-03-26 07:00:00,5.0189,16058.2025,4667.4865,3103.6442,68.9715,1,NORMAL
NK-68,2026-03-26 08:00:00,5.0185,16275.2015,4624.4861,3088.8874,69.3524,1,NORMAL
NK-68,2026-03-26 09:00:00,5.0187,16575.9238,4618.6991,3082.4842,69.2608,1,NORMAL
NK-68,2026-03-26 10:00:00,5.0273,16794.8924,4645.1396,3040.8485,68.2498,1,NORMAL
NK-68,2026-03-26 11:00:00,5.0197,17111.1393,4690.8463,3086.9219,69.7983,1,NORMAL
NK-68,2026-03-26 12:00:00,5.0232,16621.6467,4643.7524,3082.11,67.7548,1,NORMAL
NK-68,2026-03-26 13:00:00,5.0398,16721.4337,4658.0518,3095.1167,68.0037,1,NORMAL
NK-68,2026-03-26 14:00:00,5.0236,16944.9534,4684.394,3073.5258,69.1514,1,NORMAL
NK-68,2026-03-26 15:00:00,5.0202,17077.393,4699.2113,3089.2314,67.4186,1,NORMAL
NK-68,2026-03-26 16:00:00,5.0228,16702.554,4692.2185,3068.9521,67.9616,1,NORMAL
NK-68,2026-03-26 17:00:00,5.0225,16273.7584,4640.736,3143.1632,69.2415,1,NORMAL
NK-68,2026-03-26 18:00:00,5.016,15944.6397,4646.954,3090.4599,67.9791,1,NORMAL
NK-68,2026-03-26 19:00:00,5.0216,16115.5778,4599.1002,3103.1604,68.5576,1,NORMAL
NK-68,2026-03-26 20:00:00,5.0202,16014.3504,4609.3816,3156.3438,65.095,1,NORMAL
NK-68,2026-03-26 21:00:00,5.0222,16116.3745,4636.5516,3118.7941,70.2283,1,NORMAL
NK-68,2026-03-26 22:00:00,5.0202,15912.3224,4610.6101,3138.427,68.6089,1,NORMAL
NK-68,2026-03-26 23:00:00,5.0188,15997.3015,4639.8023,3132.9915,68.116,1,NORMAL
NK-68,2026-03-27 00:00:00,5.052,15834.8542,4615.5428,3087.6249,66.536,1,NORMAL
NK-68,2026-03-27 01:00:00,5.0239,15689.0021,4597.2707,3093.6652,67.022,1,NORMAL
NK-68,2026-03-27 02:00:00,5.0212,15837.4641,4606.025,3102.9487,67.8191,1,NORMAL
NK-68,2026-03-27 03:00:00,5.0188,15503.1546,4644.1946,3119.8109,68.1262,1,NORMAL
NK-68,2026-03-27 04:00:00,5.0228,15708.2363,4629.8725,3103.0999,66.4843,1,NORMAL
NK-68,2026-03-27 05:00:00,5.0242,15960.3195,4625.1779,3116.7756,67.5993,1,NORMAL
NK-68,2026-03-27 06:00:00,5.022,16013.4949,4649.1652,3110.2855,67.0315,1,NORMAL
NK-68,2026-03-27 07:00:00,5.0164,16249.5451,4608.3837,3093.1323,68.0518,1,NORMAL
NK-68,2026-03-27 08:00:00,5.0183,16201.3087,4648.0123,3089.2881,68.9132,1,NORMAL
NK-68,2026-03-27 09:00:00,5.0353,16575.672,4650.7036,3074.8866,66.8521,1,NORMAL
NK-68,2026-03-27 10:00:00,5.0205,16851.658,4659.5638,3074.055,67.9024,1,NORMAL
NK-68,2026-03-27 11:00:00,5.0232,17040.3785,4633.4672,3034.2676,68.5537,1,NORMAL
NK-68,2026-03-27 12:00:00,5.0188,16973.1732,4683.5435,3045.5167,67.7056,1,NORMAL
NK-68,2026-03-27 13:00:00,5.0213,16896.964,4647.5776,3106.0898,67.8461,1,NORMAL
NK-68,2026-03-27 14:00:00,5.0219,16878.3326,4643.5936,3104.9369,67.2078,1,NORMAL
NK-68,2026-03-27 15:00:00,5.019,16692.5126,4663.8124,3120.0793,74.2122,1,NORMAL
NK-68,2026-03-27 16:00:00,5.0244,16846.6238,4637.5798,3056.2138,67.7395,1,NORMAL
NK-68,2026-03-27 17:00:00,5.0404,16271.9228,4675.7872,3141.7458,66.853,1,NORMAL
NK-68,2026-03-27 18:00:00,5.0401,16425.5204,4595.154,3060.6439,66.185,1,NORMAL
NK-68,2026-03-27 19:00:00,5.0398,15917.6527,4637.3908,3114.6135,66.5341,1,NORMAL
NK-68,2026-03-27 20:00:00,5.0503,15887.1551,4628.9426,3143.957,66.4741,1,NORMAL
NK-68,2026-03-27 21:00:00,5.0194,16196.2723,4607.2837,3082.3141,67.1248,1,NORMAL
NK-68,2026-03-27 22:00:00,5.0174,16529.5502,4628.2509,3083.399,67.1253,1,NORMAL
NK-68,2026-03-27 23:00:00,5.0227,16439.3482,4655.3454,3118.5824,66.8918,1,NORMAL
NK-68,2026-03-28 00:00:00,5.0152,16379.1123,4618.2833,3079.0256,68.7651,1,NORMAL
NK-68,2026-03-28 01:00:00,5.0194,16267.5903,4641.0195,3113.5552,67.4066,1,NORMAL
NK-68,2026-03-28 02:00:00,5.0218,16226.6975,4625.9376,3106.5926,67.8843,1,NORMAL
NK-68,2026-03-28 03:00:00,5.0616,16113.0612,4624.8944,3120.892,66.5533,1,NORMAL
NK-68,2026-03-28 04:00:00,5.0197,16069.4352,4613.9628,3107.7719,67.8146,1,NORMAL
NK-68,2026-03-28 05:00:00,5.019,15963.5798,4596.2048,3099.0516,66.7834,1,NORMAL
NK-68,2026-03-28 06:00:00,5.0173,16004.5911,4624.2556,3117.8454,68.2406,1,NORMAL
NK-68,2026-03-28 07:00:00,5.019,16553.3695,4642.6864,3098.8929,67.876,1,NORMAL
NK-68,2026-03-28 08:00:00,5.0176,16990.6153,4611.1052,3041.457,68.1657,1,NORMAL
NK-68,2026-03-28 09:00:00,5.0167,17254.3884,4676.6943,3113.9407,75.139,1,NORMAL
NK-68,2026-03-28 10:00:00,5.0395,17387.1401,4680.4251,3054.9627,67.4244,1,NORMAL
NK-68,2026-03-28 11:00:00,5.0213,17705.4264,4723.4784,3061.26,67.2883,1,NORMAL
NK-68,2026-03-28 12:00:00,5.0262,17605.1675,4654.6839,3042.1714,68.3018,1,NORMAL
NK-68,2026-03-28 13:00:00,5.0204,17640.0354,4672.544,3087.4737,68.5714,1,NORMAL
NK-68,2026-03-28 14:00:00,5.0222,17485.6166,4618.0451,3057.6955,75.085,1,NORMAL
NK-68,2026-03-28 15:00:00,5.0183,17330.5024,4657.4621,3048.8619,67.5758,1,NORMAL
NK-68,2026-03-28 16:00:00,5.0173,15752.7467,4629.056,3212.9481,80.0562,1,NORMAL
NK-68,2026-03-28 17:00:00,5.0241,17381.1501,4653.2853,3098.53,70.3458,1,NORMAL
NK-68,2026-03-28 18:00:00,5.0214,16220.6218,4584.4341,3085.546,69.8159,1,NORMAL
NK-68,2026-03-28 19:00:00,5.0327,16378.4597,4633.3652,3132.6059,67.6066,1,NORMAL
NK-68,2026-03-28 20:00:00,5.0227,16249.1515,4643.9489,3100.5333,72.4536,1,NORMAL
NK-68,2026-03-28 21:00:00,5.0226,16258.3527,4625.9149,3071.9496,68.6392,1,NORMAL
NK-68,2026-03-28 22:00:00,5.0217,16262.4721,4627.1396,3119.5425,67.4764,1,NORMAL
NK-68,2026-03-28 23:00:00,5.0211,15943.6009,4607.7713,3125.2238,68.4954,1,NORMAL
NK-68,2026-03-29 00:00:00,5.0361,16170.0618,4603.7684,3093.3137,67.3633,1,NORMAL
NK-68,2026-03-29 01:00:00,5.0194,15934.4139,4614.1594,3062.7758,68.383,1,NORMAL
NK-68,2026-03-29 02:00:00,5.0236,15934.3377,4632.9002,3108.8151,67.1961,1,NORMAL
NK-68,2026-03-29 03:00:00,5.0195,16259.3689,4643.8544,3090.5355,67.8194,1,NORMAL
NK-68,2026-03-29 04:00:00,5.0194,15901.379,4617.773,3084.8089,67.6295,1,NORMAL
NK-68,2026-03-29 05:00:00,5.0173,15893.4368,4648.5037,3136.2914,68.138,1,NORMAL
NK-68,2026-03-29 06:00:00,5.0256,16172.8295,4602.5475,3131.2527,70.952,1,NORMAL
NK-68,2026-03-29 07:00:00,5.0239,16586.319,4678.2592,3130.1792,68.779,1,NORMAL
NK-68,2026-03-29 08:00:00,5.0162,16924.1361,4660.0325,3044.239,68.327,1,NORMAL
NK-68,2026-03-29 09:00:00,5.02,17242.6288,4690.1886,3076.3041,67.9683,1,NORMAL
NK-68,2026-03-29 10:00:00,5.0196,17491.271,4702.0727,3036.9551,67.8763,1,NORMAL
NK-68,2026-03-29 11:00:00,5.0229,17270.577,4668.439,3092.8639,67.6214,1,NORMAL
NK-68,2026-03-29 12:00:00,5.0447,17362.3188,4693.2201,3108.3011,67.7186,1,NORMAL
NK-68,2026-03-29 13:00:00,5.0461,17032.4851,4661.8619,3072.785,67.1915,1,NORMAL
NK-68,2026-03-29 14:00:00,5.036,17291.6619,4655.8972,3063.8644,67.6693,1,NORMAL
NK-68,2026-03-29 15:00:00,5.0311,17160.839,4690.4268,3068.2869,67.8275,1,NORMAL
NK-68,2026-03-29 16:00:00,5.041,16944.4867,4701.5511,3105.1864,67.2393,1,NORMAL
NK-68,2026-03-29 17:00:00,5.0505,16523.1451,4677.5713,3127.4275,66.5663,1,NORMAL
NK-68,2026-03-29 18:00:00,5.0197,16521.0403,4674.0635,3087.2243,68.3403,1,NORMAL
NK-68,2026-03-29 19:00:00,5.0175,16508.9771,4642.2328,3120.8126,67.3181,1,NORMAL
NK-68,2026-03-29 20:00:00,5.0184,16431.3868,4612.8742,3126.5505,68.5764,1,NORMAL
NK-68,2026-03-29 21:00:00,5.0489,16048.4585,4650.9229,3150.0125,67.4628,1,NORMAL
NK-68,2026-03-29 22:00:00,5.0362,15983.1154,4639.6965,3123.1032,66.8568,1,NORMAL
NK-68,2026-03-29 23:00:00,5.0178,16249.504,4620.6646,3101.3649,68.613,1,NORMAL
NK-68,2026-03-30 00:00:00,5.0197,15981.5751,4673.1299,3101.6295,67.8446,1,NORMAL
NK-68,2026-03-30 01:00:00,5.0199,16040.4091,4630.757,3098.3599,68.7934,1,NORMAL
NK-68,2026-03-30 02:00:00,5.0216,16203.8031,4654.922,3158.1657,66.7521,1,NORMAL
NK-68,2026-03-30 03:00:00,5.0174,16103.391,4635.0397,3103.4325,67.8566,1,NORMAL
NK-68,2026-03-30 04:00:00,5.0293,16010.5314,4653.1077,3147.4912,67.4541,1,NORMAL
NK-68,2026-03-30 05:00:00,5.0189,16106.4952,4648.5151,3116.7756,68.1297,1,NORMAL
NK-68,2026-03-30 06:00:00,5.0193,15829.3873,4645.8351,3116.5262,67.4391,1,NORMAL
NK-68,2026-03-30 07:00:00,5.0224,16539.2204,4658.358,3090.4788,67.4813,1,NORMAL
NK-68,2026-03-30 08:00:00,5.0372,17113.2403,4658.8229,3082.144,73.3113,1,NORMAL
NK-68,2026-03-30 09:00:00,5.0239,17732.9144,4694.9891,3061.3999,72.8942,1,NORMAL
NK-68,2026-03-30 10:00:00,5.0215,17451.0138,4687.5125,3082.5409,75.8389,1,NORMAL
NK-68,2026-03-30 11:00:00,5.0202,17102.8217,4674.5473,3105.5795,68.863,1,NORMAL
NK-68,2026-03-30 12:00:00,5.0196,17442.1009,4701.2449,3031.0471,68.0876,1,NORMAL
NK-68,2026-03-30 13:00:00,5.0223,17499.7577,4683.1656,3079.1957,67.9551,1,NORMAL
NK-68,2026-03-30 14:00:00,5.0159,17411.1625,4695.3936,3086.9445,68.7512,1,NORMAL
NK-68,2026-03-30 15:00:00,5.0192,17415.9997,4662.1303,3035.5755,66.5049,1,NORMAL
NK-68,2026-03-30 16:00:00,5.0166,17162.231,4658.1765,3097.6228,68.6647,1,NORMAL
NK-68,2026-03-30 17:00:00,5.0405,16602.4095,4675.3222,3119.2817,66.9145,1,NORMAL
NK-68,2026-03-30 18:00:00,5.0488,16478.6823,4701.9744,3113.1242,66.5683,1,NORMAL
NK-68,2026-03-30 19:00:00,3.5159,11776.4816,3302.4074,2166.9809,54.124,-1,ANOMALÍA
NK-68,2026-03-30 20:00:00,5.0167,19437.4369,4762.0902,3047.2176,85.0792,1,NORMAL
NK-68,2026-03-30 21:00:00,0.0,0.0,0.0,0.0,0.0,-1,ANOMALÍA
NK-68,2026-03-30 22:00:00,0.0,0.0,0.0,0.0,0.0,-1,ANOMALÍA
NK-68,2026-03-30 23:00:00,5.0327,20487.7966,4672.6574,2969.03,97.5216,-1,ANOMALÍA
NK-68,2026-03-31 00:00:00,5.0218,16721.4848,4682.4096,3100.0798,85.0466,1,NORMAL
NK-68,2026-03-31 01:00:00,5.0211,17970.5514,4681.8426,3079.3091,78.6118,1,NORMAL
NK-68,2026-03-31 02:00:00,5.0211,17342.6668,4606.8188,3064.0458,76.7788,1,NORMAL
NK-68,2026-03-31 03:00:00,5.019,15761.263,4611.1733,3145.7714,76.0816,1,NORMAL
NK-68,2026-03-31 04:00:00,5.0202,16077.5346,4645.6574,3159.9688,74.5131,1,NORMAL
NK-68,2026-03-31 05:00:00,5.0183,16997.951,4613.7701,3066.4045,72.8949,1,NORMAL
NK-68,2026-03-31 06:00:00,5.0183,16569.3746,4632.7868,3115.1805,72.3319,1,NORMAL
NK-68,2026-03-31 07:00:00,5.0202,16197.2355,4635.5386,3112.3645,70.4374,1,NORMAL
NK-68,2026-03-31 08:00:00,2.5094,8272.7608,2368.3635,1552.5252,35.098,-1,ANOMALÍA
NK-68,2026-03-31 09:00:00,1.005,4326.7027,933.5789,591.8442,19.7223,-1,ANOMALÍA
NK-68,2026-03-31 10:00:00,5.0194,22706.2553,4776.5295,2874.3998,97.6346,-1,ANOMALÍA
NK-68,2026-03-31 11:00:00,5.0195,19061.8178,4726.9634,2995.2816,82.4078,1,NORMAL
NK-68,2026-03-31 12:00:00,5.023,18328.164,4702.9723,3063.3957,77.9202,1,NORMAL
NK-68,2026-03-31 13:00:00,5.0188,17688.858,4646.8028,3089.4015,76.297,1,NORMAL
NK-68,2026-03-31 14:00:00,5.0232,17363.7185,4656.4075,3098.0991,73.8895,1,NORMAL
NK-68,2026-03-31 15:00:00,5.0204,16681.2964,4652.7901,3063.94,70.0743,1,NORMAL
NK-68,2026-03-31 16:00:00,5.0213,16814.7395,4652.5633,3075.8391,67.1632,1,NORMAL
NK-68,2026-03-31 17:00:00,5.0197,16392.1716,4699.147,3150.1825,67.6969,1,NORMAL
NK-68,2026-03-31 18:00:00,5.0211,16603.1874,4659.2916,3081.7963,70.6185,1,NORMAL
NK-68,2026-03-31 19:00:00,5.0211,16524.2965,4635.962,3152.1632,70.4569,1,NORMAL
NK-68,2026-03-31 20:00:00,5.0209,16602.6345,4630.3034,3090.1386,67.9416,1,NORMAL
NK-68,2026-03-31 21:00:00,5.0215,16106.6993,4655.4588,3093.0491,66.4679,1,NORMAL
NK-68,2026-03-31 22:00:00,5.0221,16079.5933,4618.7369,3150.6815,76.3456,1,NORMAL
NK-68,2026-03-31 23:00:00,5.0193,15734.9528,4626.2211,3128.9205,83.6732,1,NORMAL
NK-68,2026-04-01 00:00:00,5.0218,15633.7293,4596.1216,3181.2988,66.6008,1,NORMAL
NK-68,2026-04-01 01:00:00,5.0199,15129.6238,4633.2102,3182.4177,66.0841,1,NORMAL
NK-68,2026-04-01 02:00:00,5.0202,17603.5556,4713.7867,3097.8723,73.8041,1,NORMAL
NK-68,2026-04-01 03:00:00,5.0201,17630.9204,4672.0904,3076.6896,75.7159,1,NORMAL
NK-68,2026-04-01 04:00:00,5.0546,14665.6073,4595.5357,3162.4975,65.9224,1,NORMAL
NK-68,2026-04-01 05:00:00,5.0222,14826.2671,4624.1913,3228.098,65.3712,1,NORMAL
NK-68,2026-04-01 06:00:00,5.0203,17071.0747,4708.491,3066.5519,66.6342,1,NORMAL
NK-68,2026-04-01 07:00:00,5.0191,16374.0124,4667.0329,3092.2591,66.0946,1,NORMAL
NK-68,2026-04-01 08:00:00,5.0191,14895.6149,4674.0862,3205.3504,68.8856,1,NORMAL
NK-68,2026-04-01 09:00:00,5.0205,15996.9436,4719.4225,3157.3946,65.5724,1,NORMAL
NK-68,2026-04-01 10:00:00,5.0255,17802.3782,4782.7853,3072.7321,64.7134,1,NORMAL
NK-68,2026-04-01 11:00:00,5.0185,17232.1417,4763.33,3064.6355,65.3619,1,NORMAL
NK-68,2026-04-01 12:00:00,5.0218,15167.7254,4715.6161,3199.6617,63.3031,1,NORMAL
NK-68,2026-04-01 13:00:00,5.0226,16833.0041,4758.7034,3085.3192,65.6813,1,NORMAL
NK-68,2026-04-01 14:00:00,5.0302,18399.7629,4801.7037,3023.7065,67.8521,1,NORMAL
NK-68,2026-04-01 15:00:00,5.0199,16410.7935,4725.4893,3083.2894,68.3359,1,NORMAL
NK-68,2026-04-01 16:00:00,5.0188,16933.2586,4757.4787,3055.609,69.8385,1,NORMAL
NK-68,2026-04-01 17:00:00,5.0211,19276.3267,4732.021,2974.6659,72.0926,1,NORMAL
NK-68,2026-04-01 18:00:00,5.0217,18022.0423,4727.0542,2968.8713,70.7207,1,NORMAL
NK-68,2026-04-01 19:00:00,5.0197,17055.7093,4680.8825,3024.145,70.3335,1,NORMAL
NK-68,2026-04-01 20:00:00,5.0241,17335.6169,4701.6304,3028.4503,70.0186,1,NORMAL
NK-68,2026-04-01 21:00:00,5.0184,17339.3077,4713.3671,2982.0821,70.0533,1,NORMAL
NK-68,2026-04-01 22:00:00,5.018,16902.2153,4739.0327,3047.142,67.5996,1,NORMAL
NK-68,2026-04-01 23:00:00,5.0199,17257.7272,4739.2217,3038.4293,68.1827,1,NORMAL
NK-68,2026-04-02 00:00:00,5.0174,17863.2783,4812.8167,2971.2413,68.3232,1,NORMAL
NK-68,2026-04-02 01:00:00,5.0358,17567.7536,4716.4439,2983.6243,68.8596,1,NORMAL
NK-68,2026-04-02 02:00:00,5.0186,17229.9319,4711.1332,3009.581,69.8507,1,NORMAL
NK-68,2026-04-02 03:00:00,5.0199,17679.1619,4645.2379,3017.4054,70.1632,1,NORMAL
NK-68,2026-04-02 04:00:00,5.0152,17939.0418,4706.7333,2982.9212,71.4398,1,NORMAL
NK-68,2026-04-02 05:00:00,5.0197,17522.466,4680.0509,3023.7217,71.1005,1,NORMAL
NK-68,2026-04-02 06:00:00,5.0535,17924.1413,4676.649,2989.7024,70.3709,1,NORMAL
NK-68,2026-04-02 07:00:00,5.0178,17344.7805,4702.7077,3009.2295,74.4248,1,NORMAL
NK-68,2026-04-02 08:00:00,5.0236,17639.1432,4718.8669,3008.7759,70.3251,1,NORMAL
NK-68,2026-04-02 09:00:00,5.0194,17419.3812,4676.15,3037.6922,70.059,1,NORMAL
NK-68,2026-04-02 10:00:00,4.0145,15961.518,3757.4035,2386.8133,65.9435,-1,ANOMALÍA
NK-68,2026-04-02 11:00:00,5.0193,17497.6963,4676.1387,3038.2479,72.2733,1,NORMAL
NK-68,2026-04-02 12:00:00,5.0237,17828.3378,4699.0412,3028.0912,71.7292,1,NORMAL
NK-68,2026-04-02 13:00:00,5.0209,17940.8427,4701.1202,3046.5372,72.2354,1,NORMAL
NK-68,2026-04-02 14:00:00,5.0174,18343.3498,4749.5409,3044.2693,71.0155,1,NORMAL
NK-68,2026-04-02 15:00:00,5.0306,17587.3504,4762.6496,3065.1193,69.2829,1,NORMAL
NK-68,2026-04-02 16:00:00,5.0248,17124.1321,4700.3113,3065.4671,69.1902,1,NORMAL
NK-68,2026-04-02 17:00:00,5.0224,16948.3733,4703.4221,3076.9164,68.1734,1,NORMAL
NK-68,2026-04-02 18:00:00,5.02,16719.9909,4680.3344,3077.7782,68.3512,1,NORMAL
NK-68,2026-04-02 19:00:00,5.0181,16254.4457,4644.8372,3106.2599,69.1165,1,NORMAL
NK-68,2026-04-02 20:00:00,5.0165,16298.5342,4687.1269,3084.3666,68.472,1,NORMAL
NK-68,2026-04-02 21:00:00,5.0225,16868.584,4752.2057,3072.7321,69.2759,1,NORMAL
NK-68,2026-04-02 22:00:00,5.0188,16699.8789,4661.9224,3109.5106,68.4489,1,NORMAL
NK-68,2026-04-02 23:00:00,5.0201,16474.0187,4629.3962,3089.3826,67.3686,1,NORMAL
NK-68,2026-04-03 00:00:00,5.0197,16329.3134,4633.7809,3092.8412,68.1439,1,NORMAL
NK-68,2026-04-03 01:00:00,5.0196,15951.7967,4637.9918,3108.3049,66.6754,1,NORMAL
NK-68,2026-04-03 02:00:00,5.0525,16155.529,4632.2312,3139.9579,71.9815,1,NORMAL
NK-68,2026-04-03 03:00:00,5.0173,16096.0123,4582.1889,3116.9684,67.9572,1,NORMAL
NK-68,2026-04-03 04:00:00,5.0204,16183.3296,4639.5075,3127.0684,68.5108,1,NORMAL
NK-68,2026-04-03 05:00:00,5.0228,15884.1275,4620.5512,3143.8096,66.4897,1,NORMAL
NK-68,2026-04-03 06:00:00,5.0188,16282.372,4652.2458,3107.6963,71.9613,1,NORMAL
NK-68,2026-04-03 07:00:00,5.023,16508.2076,4695.2802,3056.2327,65.8659,1,NORMAL
NK-68,2026-04-03 08:00:00,5.0205,15977.218,4668.3936,3156.805,66.3189,1,NORMAL
NK-68,2026-04-03 09:00:00,5.0198,18495.0999,4789.5173,3072.029,66.1951,1,NORMAL
NK-68,2026-04-03 10:00:00,5.0317,21294.1624,4840.9393,2943.3455,74.8411,1,NORMAL
NK-68,2026-04-03 11:00:00,5.022,15430.3409,4687.3424,3131.5287,66.0001,1,NORMAL
NK-68,2026-04-03 12:00:00,5.0202,16312.9908,4750.2213,3124.7059,65.6526,1,NORMAL
NK-68,2026-04-03 13:00:00,5.0136,18847.7499,4812.9679,2984.6978,66.5834,1,NORMAL
NK-68,2026-04-03 14:00:00,5.0298,15863.6594,4731.8169,3026.5339,64.3428,1,NORMAL
NK-68,2026-04-03 15:00:00,5.0228,15610.1824,4700.7044,3124.5736,64.6814,1,NORMAL
NK-68,2026-04-03 16:00:00,5.0246,17710.5639,4810.9078,3044.2126,67.6533,1,NORMAL
NK-68,2026-04-03 17:00:00,5.0202,17386.3398,4725.6707,3037.1479,67.2961,1,NORMAL
NK-68,2026-04-03 18:00:00,5.0223,16088.8171,4689.0244,3062.3751,68.8222,1,NORMAL
NK-68,2026-04-03 19:00:00,5.0223,16527.6141,4686.1139,3052.8119,69.48,1,NORMAL
NK-68,2026-04-03 20:00:00,5.0222,16619.1071,4651.6221,3040.3344,70.5777,1,NORMAL
NK-68,2026-04-03 21:00:00,5.0199,16840.5112,4716.2587,3057.5935,71.444,1,NORMAL
NK-68,2026-04-03 22:00:00,5.0225,16733.8433,4653.4554,3057.4612,71.4954,1,NORMAL
NK-68,2026-04-03 23:00:00,5.0157,16740.8444,4649.2219,3036.3126,71.3983,1,NORMAL
NK-68,2026-04-04 00:00:00,5.0366,16659.1681,4662.1681,3043.3999,71.0611,1,NORMAL
NK-68,2026-04-04 01:00:00,5.0218,16869.4627,4658.0518,3029.8149,70.8669,1,NORMAL
NK-68,2026-04-04 02:00:00,5.0197,16780.9098,4653.3345,3063.0026,71.5639,1,NORMAL
NK-68,2026-04-04 03:00:00,5.0202,16735.0601,4617.5462,3022.4214,71.8277,1,NORMAL
NK-68,2026-04-04 05:00:00,5.0223,16228.9038,4619.0582,3096.6589,69.5653,1,NORMAL
NK-68,2026-04-04 06:00:00,5.0174,16591.9355,4679.9148,3079.1957,70.975,1,NORMAL
NK-68,2026-04-04 07:00:00,5.0175,16606.4047,4639.3639,3039.7447,69.8811,1,NORMAL
NK-68,2026-04-04 08:00:00,5.0215,16292.958,4628.3568,3106.5623,69.0783,1,NORMAL
NK-68,2026-04-04 09:00:00,5.0198,16385.6807,4651.7582,3055.507,69.4589,1,NORMAL
NK-68,2026-04-04 10:00:00,5.0192,16170.9229,4643.4953,3067.2134,68.8397,1,NORMAL
NK-68,2026-04-04 11:00:00,5.0461,16388.1031,4729.3108,3059.9068,68.2726,1,NORMAL
NK-68,2026-04-04 12:00:00,5.0222,15984.8512,4651.6788,3068.4003,67.9168,1,NORMAL
NK-68,2026-04-04 13:00:00,5.0284,15947.04,4633.1043,3133.0066,66.5747,1,NORMAL
NK-68,2026-04-04 14:00:00,5.0202,15902.3402,4658.5583,3104.0298,67.3708,1,NORMAL
NK-68,2026-04-04 15:00:00,5.019,15771.8531,4636.1623,3154.9641,78.3481,1,NORMAL
NK-68,2026-04-04 16:00:00,5.0165,15659.0745,4621.2543,3165.2304,69.518,1,NORMAL
NK-68,2026-04-04 17:00:00,5.0229,15111.0718,4629.7364,3147.9335,67.1446,1,NORMAL
NK-68,2026-04-04 18:00:00,5.0204,15424.6335,4635.3496,3141.5076,67.5927,1,NORMAL
NK-68,2026-04-04 19:00:00,5.0171,15372.3412,4604.2258,3136.5295,66.8634,1,NORMAL
NK-68,2026-04-04 20:00:00,5.0201,14885.0072,4626.8561,3130.9163,71.099,1,NORMAL
NK-68,2026-04-04 21:00:00,5.0213,15089.0782,4613.4639,3161.8852,66.8465,1,NORMAL
NK-68,2026-04-04 22:00:00,5.0213,15695.5769,4638.8649,3136.813,66.9049,1,NORMAL
NK-68,2026-04-04 23:00:00,5.022,14994.4702,4590.7844,3164.7541,67.5693,1,NORMAL
NK-68,2026-04-05 00:00:00,5.018,15017.0967,4604.1653,3217.8733,66.6558,1,NORMAL
NK-68,2026-04-05 01:00:00,5.022,17044.2301,4685.0177,3106.0596,66.5873,1,NORMAL
NK-68,2026-04-05 02:00:00,5.0202,16299.0084,4628.1111,3084.5632,67.1609,1,NORMAL
NK-68,2026-04-05 03:00:00,5.0224,13923.7889,4620.8801,3216.7922,65.3995,1,NORMAL
NK-68,2026-04-05 04:00:00,5.0199,15663.9663,4649.5243,3175.0166,67.4614,1,NORMAL
NK-68,2026-04-05 05:00:00,5.0189,19041.5461,4728.6531,3022.2248,79.5976,1,NORMAL
NK-68,2026-04-05 06:00:00,5.021,13942.7891,4594.7987,3211.4739,64.1217,1,NORMAL
NK-68,2026-04-05 07:00:00,5.0167,13857.9573,4636.3324,3278.8131,63.6801,1,NORMAL
NK-68,2026-04-05 08:00:00,5.0229,16315.8055,4788.6517,3098.7795,62.3982,1,NORMAL
NK-68,2026-04-05 09:00:00,5.0194,19562.809,4809.0179,2939.6034,64.8479,1,NORMAL
NK-68,2026-04-05 10:00:00,5.0313,15112.3374,4694.0215,3111.2645,66.1279,1,NORMAL
NK-68,2026-04-05 11:00:00,5.022,15244.6465,4737.997,3130.0205,66.8124,1,NORMAL
NK-68,2026-04-05 12:00:00,5.0205,18403.4557,4799.8289,2995.7805,68.9693,1,NORMAL
NK-68,2026-04-05 13:00:00,5.0214,24281.9181,4906.483,2775.1203,75.1684,-1,ANOMALÍA
NK-68,2026-04-05 14:00:00,5.0196,16063.1722,4738.1898,3084.4233,71.4712,1,NORMAL
NK-68,2026-04-05 15:00:00,5.0205,17368.9336,4725.6821,3025.3092,72.5158,1,NORMAL
NK-68,2026-04-05 16:00:00,5.0167,22432.8464,4842.867,2800.1812,70.5865,-1,ANOMALÍA
NK-68,2026-04-05 17:00:00,5.0199,17823.4625,4686.4919,2922.1477,69.8675,1,NORMAL
NK-68,2026-04-05 18:00:00,5.0181,17212.036,4756.6471,2942.0225,70.1727,1,NORMAL
NK-68,2026-04-05 19:00:00,5.0179,17225.0398,4676.1273,2985.7675,69.4485,1,NORMAL
NK-68,2026-04-05 20:00:00,5.0201,17539.8502,4710.8497,2946.1729,69.3985,1,NORMAL
NK-68,2026-04-05 21:00:00,5.0205,17747.8426,4706.4498,2914.2704,69.4791,1,NORMAL
NK-68,2026-04-05 22:00:00,5.0188,15757.2833,4689.5763,3085.2285,59.5234,1,NORMAL
NK-68,2026-04-05 23:00:00,5.016,16379.0257,4690.0072,3034.2563,70.2805,1,NORMAL
NK-68,2026-04-06 00:00:00,5.0185,16497.4711,4642.6448,3037.8245,68.8261,1,NORMAL
NK-68,2026-04-06 01:00:00,5.019,16553.9765,4677.0799,3039.3932,68.7739,1,NORMAL
NK-68,2026-04-06 02:00:00,5.0204,16428.3401,4637.1073,3073.8849,68.8582,1,NORMAL
NK-68,2026-04-06 03:00:00,5.0236,16379.5154,4686.662,3009.3429,68.0178,1,NORMAL
NK-68,2026-04-06 04:00:00,5.0182,16390.6256,4644.7729,3054.6905,68.5361,1,NORMAL
NK-68,2026-04-06 05:00:00,5.0185,16145.2321,4728.1919,3062.6246,67.284,1,NORMAL
NK-68,2026-04-06 06:00:00,5.0377,16182.91,4769.7823,3068.8387,67.0023,1,NORMAL
NK-68,2026-04-06 07:00:00,5.015,15679.399,4675.4356,3127.6618,67.453,1,NORMAL
NK-68,2026-04-06 08:00:00,5.0183,15902.8763,4674.3016,3071.496,68.3037,1,NORMAL
NK-68,2026-04-06 09:00:00,5.021,15967.8059,4666.8968,3078.6968,69.0462,1,NORMAL
NK-68,2026-04-06 10:00:00,5.0199,16154.4869,4745.9689,3116.254,69.7542,1,NORMAL
NK-68,2026-04-06 11:00:00,5.0184,15999.4168,4635.2664,3112.8219,71.5594,1,NORMAL
NK-68,2026-04-06 12:00:00,5.0171,15754.3005,4677.1593,3110.5048,70.8642,1,NORMAL
NK-68,2026-04-06 13:00:00,5.0209,16087.9928,4617.0699,3075.9752,70.2775,1,NORMAL
NK-68,2026-04-06 14:00:00,5.0232,16035.0208,4616.3215,3095.4342,70.9466,1,NORMAL
NK-68,2026-04-06 15:00:00,5.0176,16080.3082,4627.6159,3083.278,71.4993,1,NORMAL
NK-68,2026-04-06 16:00:00,5.0236,16207.174,4717.2226,3092.0663,69.9042,1,NORMAL
NK-68,2026-04-06 17:00:00,5.0223,16070.1345,4694.5885,3121.4249,70.5222,1,NORMAL
NK-68,2026-04-06 18:00:00,5.0211,15835.9452,4660.7506,3145.9868,69.8966,1,NORMAL
NK-68,2026-04-06 19:00:00,5.0205,15928.932,4608.1115,3111.2645,70.4845,1,NORMAL
NK-68,2026-04-06 20:00:00,5.0193,15728.8082,4663.9258,3088.2675,69.9908,1,NORMAL
NK-68,2026-04-06 21:00:00,5.02,15565.9823,4633.1762,3159.0465,69.1576,1,NORMAL
NK-68,2026-04-06 22:00:00,5.019,14956.2464,4623.3824,3167.7818,69.5891,1,NORMAL
NK-68,2026-04-06 23:00:00,5.0217,15330.4536,4645.5214,3154.1174,68.3582,1,NORMAL
NK-68,2026-04-07 00:00:00,5.0196,14969.3191,4572.3913,3167.2716,67.8757,1,NORMAL
NK-68,2026-04-07 01:00:00,5.0225,15092.0481,4606.8868,3130.8899,68.7402,1,NORMAL
NK-68,2026-04-07 02:00:00,5.0172,14743.8286,4622.1955,3191.6293,67.4303,1,NORMAL
NK-68,2026-04-07 03:00:00,5.0202,14758.1654,4611.2526,3162.0893,68.0249,1,NORMAL
NK-68,2026-04-07 04:00:00,5.0195,14652.1462,4537.6577,3195.0691,66.0839,1,NORMAL
NK-68,2026-04-07 05:00:00,5.0216,14707.5414,4603.2959,3227.5385,68.4193,1,NORMAL
NK-68,2026-04-07 06:00:00,5.0197,14425.6988,4557.6421,3192.6235,73.9997,1,NORMAL
NK-68,2026-04-07 07:00:00,5.0225,14531.0507,4574.3607,3190.2686,66.9587,1,NORMAL
NK-68,2026-04-07 08:00:00,5.0196,14338.733,4568.6152,3204.1711,67.779,1,NORMAL
NK-68,2026-04-07 09:00:00,5.0239,14433.1582,4575.6345,3189.917,66.939,1,NORMAL
NK-68,2026-04-07 10:00:00,5.0243,13811.6072,4565.973,3201.3021,66.472,1,NORMAL
NK-68,2026-04-07 11:00:00,5.0209,14514.6346,4597.815,3222.893,67.5919,1,NORMAL
NK-68,2026-04-07 12:00:00,5.0223,15083.6313,4598.6466,3141.8667,67.611,1,NORMAL
NK-68,2026-04-07 13:00:00,5.0204,14130.4293,4587.2691,3240.7305,66.2822,1,NORMAL
NK-68,2026-04-07 14:00:00,5.0352,15981.3846,4701.7779,3242.6393,71.8183,1,NORMAL
NK-68,2026-04-07 15:00:00,5.025,18510.6939,4752.716,3030.7296,67.537,1,NORMAL
NK-68,2026-04-07 16:00:00,5.0188,15287.7461,4619.1338,3182.085,66.909,1,NORMAL
NK-68,2026-04-07 17:00:00,5.022,15755.7822,4648.8893,3204.2051,69.7447,1,NORMAL
NK-68,2026-04-07 18:00:00,5.0178,22450.354,4768.1494,2995.3496,95.5877,-1,ANOMALÍA
NK-68,2026-04-07 19:00:00,5.0209,17665.3882,4694.6565,3077.9105,72.9301,1,NORMAL
NK-68,2026-04-07 20:00:00,5.016,12663.7203,4538.304,3315.8223,74.6458,1,NORMAL
NK-68,2026-04-07 21:00:00,5.0187,13835.2214,4615.5239,3210.5667,67.3682,1,NORMAL
NK-68,2026-04-07 22:00:00,5.0167,14352.5437,4613.5773,3151.2031,67.1457,1,NORMAL
NK-68,2026-04-07 23:00:00,5.0244,13107.9797,4602.8196,3282.4343,67.0422,1,NORMAL
NK-68,2026-04-08 00:00:00,5.0183,13627.9313,4658.5394,3105.4472,67.2783,1,NORMAL
NK-68,2026-04-08 01:00:00,5.0172,14657.7338,4639.9422,3161.4656,67.5573,1,NORMAL
NK-68,2026-04-08 02:00:00,5.0201,13576.673,4672.4306,3214.0934,67.4857,1,NORMAL
NK-68,2026-04-08 03:00:00,5.0207,13548.3454,4604.188,3164.1418,66.7562,1,NORMAL
NK-68,2026-04-08 04:00:00,5.0205,13981.6501,4604.6642,3159.3904,66.9928,1,NORMAL
NK-68,2026-04-08 05:00:00,5.0194,13851.6377,4621.6739,3159.088,66.7438,1,NORMAL
NK-68,2026-04-08 06:00:00,5.0188,13990.8057,4576.1183,3200.3798,66.7813,1,NORMAL
NK-68,2026-04-08 07:00:00,5.0213,13918.7454,4577.9629,3188.6772,66.8785,1,NORMAL
NK-68,2026-04-08 08:00:00,5.0201,13926.9147,4575.8613,3216.5428,66.8716,1,NORMAL
NK-68,2026-04-08 09:00:00,5.0331,14172.9958,4591.7861,3167.1355,65.2444,1,NORMAL
NK-68,2026-04-08 10:00:00,5.045,14217.4221,4665.5133,3163.1477,66.3431,1,NORMAL
NK-68,2026-04-08 11:00:00,5.0204,14326.4515,4649.4676,3175.0166,67.0329,1,NORMAL
NK-68,2026-04-08 12:00:00,5.0351,14269.0444,4614.4618,3149.3661,66.1692,1,NORMAL
NK-68,2026-04-08 13:00:00,5.0299,14421.8667,4670.5595,3117.5241,65.2407,1,NORMAL
NK-68,2026-04-08 14:00:00,5.0648,14151.3973,4641.1329,3164.8486,65.2216,1,NORMAL
NK-68,2026-04-08 15:00:00,5.021,14135.4805,4668.9833,3167.6911,66.8364,1,NORMAL
NK-68,2026-04-08 16:00:00,5.0209,14235.4548,4647.313,3169.6869,66.9196,1,NORMAL
NK-68,2026-04-08 17:00:00,5.023,14647.1777,4633.2707,3132.5681,67.5768,1,NORMAL
NK-68,2026-04-08 18:00:00,5.0207,14535.9887,4680.187,3092.69,67.8029,1,NORMAL
NK-68,2026-04-08 19:00:00,5.0238,14636.0059,4601.886,3103.1339,68.1022,1,NORMAL
NK-68,2026-04-08 20:00:00,5.0233,14524.4919,4626.0624,3133.4678,69.0917,1,NORMAL
NK-68,2026-04-08 21:00:00,5.0192,14954.0988,4594.1107,3115.5963,69.674,1,NORMAL
NK-68,2026-04-08 22:00:00,5.0188,15025.8111,4618.7709,3147.1435,71.0873,1,NORMAL
NK-68,2026-04-08 23:00:00,5.0212,15007.7226,4680.822,3153.3804,70.0586,1,NORMAL
NK-68,2026-04-09 00:00:00,5.0393,15096.9651,4614.0687,3137.9734,69.6411,1,NORMAL
NK-68,2026-04-09 01:00:00,5.0182,14850.8035,4596.6584,3126.3351,70.4653,1,NORMAL
NK-68,2026-04-09 02:00:00,5.0253,15147.4024,4588.335,3131.8575,68.8322,1,NORMAL
NK-68,2026-04-09 03:00:00,5.019,14702.828,4593.4303,3131.3397,69.1065,1,NORMAL
NK-68,2026-04-09 04:00:00,5.0218,14998.5665,4574.9995,3193.0468,70.217,1,NORMAL
NK-68,2026-04-09 05:00:00,5.0223,14999.3804,4664.3794,3148.5269,68.7698,1,NORMAL
NK-68,2026-04-09 06:00:00,5.0197,14461.793,4580.5333,3167.2829,70.2273,1,NORMAL
NK-68,2026-04-09 07:00:00,5.0204,14713.0955,4602.6533,3144.6941,68.1631,1,NORMAL
NK-68,2026-04-09 08:00:00,5.0167,14432.4185,4610.4022,3175.8671,68.5489,1,NORMAL
NK-68,2026-04-09 09:00:00,5.0233,14717.4168,4568.9554,3179.9154,68.0354,1,NORMAL
NK-68,2026-04-09 10:00:00,5.0159,14326.4532,4624.9095,3155.9583,67.9964,1,NORMAL
NK-68,2026-04-09 11:00:00,5.0159,14153.3102,4594.3224,3167.4643,67.5472,1,NORMAL
NK-68,2026-04-09 12:00:00,5.0212,14145.8677,4591.6462,3184.2774,66.3942,1,NORMAL
NK-68,2026-04-09 13:00:00,5.0181,14025.9589,4612.1598,3218.9581,69.0476,1,NORMAL
NK-68,2026-04-09 14:00:00,5.0209,14011.5235,4546.6161,3206.1442,67.9659,1,NORMAL
NK-68,2026-04-09 15:00:00,5.0239,13808.4369,4529.3229,3206.0308,66.7738,1,NORMAL
NK-68,2026-04-09 16:00:00,5.0327,13678.2812,4568.6605,3208.5596,65.7714,1,NORMAL
NK-68,2026-04-09 17:00:00,5.0228,12976.2294,4597.9171,3306.0701,58.8703,1,NORMAL
NK-68,2026-04-09 18:00:00,5.0202,13956.7459,4566.3472,3238.8216,68.5337,1,NORMAL
NK-68,2026-04-09 19:00:00,5.0364,13499.6485,4583.8671,3243.7922,67.0556,1,NORMAL
NK-68,2026-04-09 20:00:00,5.0224,12914.8754,4561.0516,3262.5822,65.0009,1,NORMAL
NK-68,2026-04-09 21:00:00,5.0223,13805.7963,4581.1078,3263.769,66.708,1,NORMAL
NK-68,2026-04-09 22:00:00,5.0242,13968.7927,4557.6496,3197.8435,65.1395,1,NORMAL
NK-68,2026-04-09 23:00:00,5.0227,12528.3466,4585.296,3271.7598,62.6513,1,NORMAL
NK-68,2026-04-10 00:00:00,5.0167,13011.6654,4647.7553,3271.4423,63.6884,1,NORMAL
NK-68,2026-04-10 01:00:00,5.0165,14079.2685,4648.7986,3169.6302,61.7868,1,NORMAL
NK-68,2026-04-10 02:00:00,5.0213,14523.6824,4675.8325,3116.6169,64.6826,1,NORMAL
NK-68,2026-04-10 03:00:00,5.019,13060.2975,4617.5462,3264.8803,64.3602,1,NORMAL
NK-68,2026-04-10 04:00:00,5.0256,14068.7266,4657.5982,3137.7995,65.3542,1,NORMAL
NK-68,2026-04-10 05:00:00,5.0175,16011.2833,4659.8775,3032.9522,71.9826,1,NORMAL
NK-68,2026-04-10 06:00:00,5.0214,14073.9346,4634.8393,3166.0582,69.813,1,NORMAL
NK-68,2026-04-10 07:00:00,5.0177,14133.1695,4698.1265,3202.6516,68.5035,1,NORMAL
NK-68,2026-04-10 08:00:00,5.0279,15881.5228,4690.2718,3063.4713,67.905,1,NORMAL
NK-68,2026-04-10 09:00:00,5.0186,15767.5783,4657.2164,3082.5976,68.2336,1,NORMAL
NK-68,2026-04-10 10:00:00,5.0649,16724.5593,4664.8216,3128.3195,82.7806,1,NORMAL
NK-68,2026-04-10 11:00:00,4.1074,12721.4591,4305.7031,3247.659,99.8669,-1,ANOMALÍA
NK-68,2026-04-10 12:00:00,4.6585,9721.408,4184.277,3269.4767,99.9788,-1,ANOMALÍA
NK-68,2026-04-10 13:00:00,4.9605,9906.0548,4141.0612,3267.685,99.9669,-1,ANOMALÍA
NK-68,2026-04-10 14:00:00,4.9522,10435.1231,4178.1687,3221.623,99.9936,1,NORMAL
NK-68,2026-04-10 15:00:00,4.994,10613.1511,4217.5365,3204.2618,99.9006,1,NORMAL
NK-68,2026-04-10 16:00:00,4.9518,10428.2955,4231.2463,3247.4776,99.9425,1,NORMAL
NK-68,2026-04-10 17:00:00,4.9331,9615.4409,4195.8776,3268.9891,99.8837,-1,ANOMALÍA
NK-68,2026-04-10 18:00:00,4.9053,10063.6533,4206.9717,3233.5675,99.9782,1,NORMAL
NK-68,2026-04-10 19:00:00,4.899,10383.6721,4227.799,3248.8006,99.8791,1,NORMAL
NK-68,2026-04-10 20:00:00,4.0526,9105.9878,3599.0099,2722.5984,83.2128,-1,ANOMALÍA
NK-68,2026-04-10 21:00:00,4.8544,11117.2643,4233.5369,3263.8976,99.8224,1,NORMAL
NK-68,2026-04-10 22:00:00,4.8313,10865.2565,4225.0964,3267.7758,99.7485,1,NORMAL
NK-68,2026-04-10 23:00:00,4.8487,10981.3911,4267.6242,3257.9896,99.456,1,NORMAL
NK-68,2026-04-11 00:00:00,4.8092,11768.7131,4265.5604,3233.507,99.6517,1,NORMAL
NK-68,2026-04-11 01:00:00,4.8574,11039.6737,4279.2285,3311.7967,99.2997,1,NORMAL
NK-68,2026-04-11 02:00:00,4.7866,12291.8755,4261.1946,3252.7506,99.6266,1,NORMAL
NK-68,2026-04-11 03:00:00,4.7958,11266.5577,4255.4453,3327.5362,99.5903,-1,ANOMALÍA
NK-68,2026-04-11 04:00:00,4.7742,12507.7479,4292.6624,3257.2298,99.6552,1,NORMAL
NK-68,2026-04-11 05:00:00,4.7734,11180.5031,4283.0387,3287.7262,99.6076,1,NORMAL
NK-68,2026-04-11 06:00:00,4.7714,12131.9228,4327.4187,3231.3185,99.8219,1,NORMAL
NK-68,2026-04-11 07:00:00,4.7722,11222.169,4332.3137,3302.1163,99.5647,1,NORMAL
NK-68,2026-04-11 08:00:00,4.7787,12793.4997,4312.6884,3206.1556,99.2033,1,NORMAL
NK-68,2026-04-11 09:00:00,4.8206,11534.754,4374.7622,3288.176,98.9861,1,NORMAL
NK-68,2026-04-11 10:00:00,4.7708,12920.9869,4333.7047,3253.0719,99.1448,1,NORMAL
NK-68,2026-04-11 11:00:00,4.7771,11637.1322,4342.2738,3337.175,99.5674,1,NORMAL
NK-68,2026-04-11 12:00:00,4.7657,13212.2772,4327.1919,3236.478,99.1655,1,NORMAL
NK-68,2026-04-11 13:00:00,4.7705,11792.8357,4363.8684,3337.1826,99.6568,1,NORMAL
NK-68,2026-04-11 14:00:00,4.7575,13789.8469,4394.2287,3231.6776,99.241,1,NORMAL
NK-68,2026-04-11 15:00:00,4.7876,12416.1569,4362.553,3338.0444,99.5382,1,NORMAL
NK-68,2026-04-11 16:00:00,4.7709,14137.3397,4400.5034,3256.504,99.0073,1,NORMAL
NK-68,2026-04-11 17:00:00,4.7621,12413.5456,4366.9944,3274.8631,99.2656,1,NORMAL
NK-68,2026-04-11 18:00:00,4.7785,13921.8961,4407.3261,3208.5634,98.7457,1,NORMAL
NK-68,2026-04-11 19:00:00,4.7555,12600.4368,4379.7743,3289.48,99.5016,1,NORMAL
NK-68,2026-04-11 20:00:00,4.7497,13831.6765,4377.5064,3213.0728,98.9875,1,NORMAL
NK-68,2026-04-11 21:00:00,4.7403,13446.7977,4390.5244,3281.5536,98.9514,1,NORMAL
NK-68,2026-04-11 22:00:00,4.7415,13559.7943,4335.8101,3257.0597,99.2518,1,NORMAL
NK-68,2026-04-11 23:00:00,4.7381,14190.3348,4439.4365,3279.0777,99.0569,1,NORMAL
NK-68,2026-04-12 00:00:00,4.7403,13819.2576,4425.4508,3271.3856,99.0514,1,NORMAL
NK-68,2026-04-12 01:00:00,4.7418,14552.4153,4407.4773,3208.2799,98.7897,1,NORMAL
NK-68,2026-04-12 02:00:00,4.739,13523.8609,4423.5004,3263.2474,99.2168,1,NORMAL
NK-68,2026-04-12 03:00:00,4.7393,14576.7233,4421.6709,3182.0094,98.7047,1,NORMAL
NK-68,2026-04-12 04:00:00,4.7404,14497.7712,4474.121,3238.3264,99.0319,1,NORMAL
NK-68,2026-04-12 05:00:00,4.7375,14402.2355,4482.83,3248.6872,99.0337,1,NORMAL
NK-68,2026-04-12 06:00:00,4.7336,15235.2528,4502.9958,3203.0258,99.1072,1,NORMAL
NK-68,2026-04-12 07:00:00,3.7892,11291.1658,3580.458,2604.1055,78.9183,-1,ANOMALÍA
NK-68,2026-04-12 08:00:00,4.7336,15274.8782,4476.956,3227.4743,99.0751,1,NORMAL
NK-68,2026-04-12 09:00:00,4.7653,14480.8055,4466.0925,3276.0235,98.3178,1,NORMAL
NK-68,2026-04-12 10:00:00,4.7378,15042.6673,4483.2382,3222.9384,98.6146,1,NORMAL
NK-68,2026-04-12 11:00:00,4.7337,15421.424,4470.5263,3194.0674,98.7535,1,NORMAL
NK-68,2026-04-12 12:00:00,4.735,14901.765,4485.4003,3228.5024,98.4862,1,NORMAL
NK-68,2026-04-12 13:00:00,4.7328,15279.2616,4487.8195,3232.339,98.997,1,NORMAL
NK-68,2026-04-12 14:00:00,4.7345,15620.1645,4492.5519,3226.8393,98.4118,1,NORMAL
NK-68,2026-04-12 15:00:00,4.7358,15607.9524,4521.2264,3224.027,99.0177,1,NORMAL
NK-68,2026-04-12 16:00:00,4.7389,15373.0399,4507.9097,3265.2999,98.6093,1,NORMAL
NK-68,2026-04-12 17:00:00,4.7357,15490.3056,4477.7838,3200.2362,98.5782,1,NORMAL
NK-68,2026-04-12 18:00:00,4.7491,15895.0236,4503.0374,3261.4028,98.4432,1,NORMAL
NK-68,2026-04-12 19:00:00,4.7367,15568.2623,4520.5687,3209.24,98.279,1,NORMAL
NK-68,2026-04-12 20:00:00,4.7317,15274.1541,4476.0412,3224.2538,98.7942,1,NORMAL
NK-68,2026-04-12 21:00:00,4.7352,15719.7184,4523.4716,3205.2937,98.6853,1,NORMAL
NK-68,2026-04-12 22:00:00,4.7327,15675.5053,4501.6237,3210.3135,98.4881,1,NORMAL
NK-68,2026-04-12 23:00:00,4.7396,15770.1566,4527.2667,3197.9456,97.6913,1,NORMAL
NK-68,2026-04-13 00:00:00,4.7332,15801.4774,4463.0383,3207.4256,97.7235,1,NORMAL
NK-68,2026-04-13 01:00:00,4.7355,15559.0678,4526.6014,3169.324,96.0379,1,NORMAL
NK-68,2026-04-13 02:00:00,4.7361,15667.8024,4462.1463,3176.2186,94.1803,1,NORMAL
NK-68,2026-04-13 03:00:00,4.7361,15659.7179,4517.0193,3204.9913,92.0697,1,NORMAL
NK-68,2026-04-13 04:00:00,4.7464,15139.0162,4509.2289,3187.1842,90.3463,1,NORMAL
NK-68,2026-04-13 05:00:00,4.7342,15437.7138,4525.8076,3155.2098,89.7406,1,NORMAL
NK-68,2026-04-13 06:00:00,4.7333,15200.0718,4553.1931,3153.9247,88.0343,1,NORMAL
NK-68,2026-04-13 07:00:00,4.7332,15389.1605,4541.173,3155.773,87.8961,1,NORMAL
NK-68,2026-04-13 08:00:00,4.7353,15377.1957,4559.997,3156.3249,86.4793,1,NORMAL
NK-68,2026-04-13 09:00:00,4.7481,15209.9628,4503.9219,3182.1153,87.4567,1,NORMAL
NK-68,2026-04-13 10:00:00,4.7361,15101.4384,4502.2776,3204.8968,86.0398,1,NORMAL
NK-68,2026-04-13 11:00:00,4.737,15217.8272,4504.1109,3215.2916,88.0004,1,NORMAL
NK-68,2026-04-13 12:00:00,4.7361,15128.4509,4529.3796,3218.4478,86.498,1,NORMAL
NK-68,2026-04-13 13:00:00,4.733,15281.8863,4536.5615,3206.7868,85.8872,1,NORMAL
NK-68,2026-04-13 14:00:00,4.7364,15305.9541,4533.821,3230.8838,85.705,1,NORMAL
NK-68,2026-04-13 15:00:00,4.7386,14995.2903,4526.2385,3236.3798,85.4454,1,NORMAL
NK-68,2026-04-13 16:00:00,4.735,14927.9602,4537.6388,3247.8556,85.65,1,NORMAL
NK-68,2026-04-13 17:00:00,4.736,14934.4003,4513.6741,3235.0946,86.3313,1,NORMAL
NK-68,2026-04-13 18:00:00,4.7363,14976.3094,4567.364,3226.1286,85.4158,1,NORMAL
NK-68,2026-04-13 19:00:00,4.7347,14643.8278,4534.766,3256.0958,84.5046,1,NORMAL
NK-68,2026-04-13 20:00:00,3.9463,11423.6011,3745.5194,2762.8734,73.2298,-1,ANOMALÍA
NK-68,2026-04-13 21:00:00,4.7357,15561.0165,4521.3284,3174.2001,91.9703,1,NORMAL
NK-68,2026-04-13 22:00:00,4.7383,14702.387,4523.7551,3214.2975,85.4451,1,NORMAL
NK-68,2026-04-13 23:00:00,4.7342,14786.2369,4542.2881,3202.2131,85.4475,1,NORMAL
NK-68,2026-04-14 00:00:00,4.7327,14988.7329,4509.1949,3229.0165,85.8822,1,NORMAL
NK-68,2026-04-14 01:00:00,4.7361,14543.5508,4556.9919,3212.8347,85.6733,1,NORMAL
NK-68,2026-04-14 02:00:00,4.7337,14526.7744,4494.2453,3250.1991,84.7676,1,NORMAL
NK-68,2026-04-14 03:00:00,4.7349,14532.305,4485.9144,3248.158,85.2247,1,NORMAL
NK-68,2026-04-14 04:00:00,4.7741,14842.0257,4545.1646,3225.3764,83.8101,1,NORMAL
NK-68,2026-04-14 05:00:00,4.7405,14628.2357,4563.2212,3249.7456,84.794,1,NORMAL
NK-68,2026-04-14 06:00:00,4.7354,14517.0676,4518.7656,3230.2639,84.4485,1,NORMAL
NK-68,2026-04-14 07:00:00,4.7325,14786.6214,4512.026,3230.09,85.0985,1,NORMAL
NK-68,2026-04-14 08:00:00,4.7341,14773.6696,4511.5876,3234.5049,84.512,1,NORMAL
NK-68,2026-04-14 09:00:00,4.7371,14936.3988,4562.2536,3260.6771,84.4164,1,NORMAL
NK-68,2026-04-14 10:00:00,4.7688,15231.3236,4534.7093,3183.4987,83.4464,1,NORMAL
NK-68,2026-04-14 11:00:00,4.7572,15337.0065,4556.595,3231.0917,86.6834,1,NORMAL
NK-68,2026-04-14 12:00:00,4.7525,15355.9884,4526.6014,3246.8539,83.8559,1,NORMAL
NK-68,2026-04-14 13:00:00,4.7358,15110.7019,4519.5708,3231.3941,84.1856,1,NORMAL
NK-68,2026-04-14 14:00:00,4.7345,15235.2595,4576.4056,3252.1496,84.3089,1,NORMAL
NK-68,2026-04-14 15:00:00,4.7394,14807.0581,4568.6832,3259.1916,84.0266,1,NORMAL
NK-68,2026-04-14 16:00:00,4.7336,14434.331,4539.1999,3301.7723,81.1505,1,NORMAL
NK-68,2026-04-14 17:00:00,4.7384,14109.497,4532.9517,3253.431,69.5195,1,NORMAL
NK-68,2026-04-14 18:00:00,4.7336,14056.6044,4591.1132,3229.3453,65.5693,1,NORMAL
NK-68,2026-04-14 19:00:00,4.7649,13622.2377,4567.9348,3251.4654,64.1604,1,NORMAL
NK-68,2026-04-14 20:00:00,4.7356,14482.9577,4581.0889,3213.2883,69.9689,1,NORMAL
NK-68,2026-04-14 21:00:00,4.7337,14888.8325,4567.6967,3251.7187,70.2009,1,NORMAL
NK-68,2026-04-14 22:00:00,4.7334,14849.9753,4556.2662,3216.8603,72.8609,1,NORMAL
NK-68,2026-04-14 23:00:00,4.7335,14950.5642,4590.3195,3192.5025,75.1114,1,NORMAL
NK-68,2026-04-15 00:00:00,4.7323,15269.6347,4574.5118,3152.9608,75.6154,1,NORMAL
NK-68,2026-04-15 01:00:00,4.7341,14961.7095,4592.6214,3186.4357,76.3988,1,NORMAL
NK-68,2026-04-15 02:00:00,4.7322,15379.5,4612.1938,3165.0149,76.937,1,NORMAL
NK-68,2026-04-15 03:00:00,4.7304,15747.6212,4577.3128,3148.9579,77.2514,1,NORMAL
NK-68,2026-04-15 04:00:00,4.7351,15631.7169,4542.4204,3150.2959,77.6804,1,NORMAL
NK-68,2026-04-15 05:00:00,4.7334,15429.4647,4565.8823,3127.5938,78.1286,1,NORMAL
NK-68,2026-04-15 06:00:00,4.7351,15446.6404,4562.7185,3150.466,77.1916,1,NORMAL
NK-68,2026-04-15 07:00:00,4.7344,15617.0581,4548.0222,3154.3442,76.6248,1,NORMAL
NK-68,2026-04-15 08:00:00,4.7356,16167.4839,4620.2677,3148.3682,74.9018,1,NORMAL
NK-68,2026-04-16 05:00:00,4.7337,14954.1983,4562.3594,3196.2975,79.1254,1,NORMAL
NK-68,2026-04-16 06:00:00,4.7427,15063.6946,4548.4304,3175.3001,77.6481,1,NORMAL
NK-68,2026-04-16 07:00:00,4.75,15170.158,4549.5984,3210.3286,77.6987,1,NORMAL
NK-68,2026-04-16 08:00:00,4.7357,15139.9565,4540.9651,3221.8347,78.1406,1,NORMAL
NK-68,2026-04-16 09:00:00,4.7351,15044.666,4609.6991,3218.3118,78.1153,1,NORMAL
NK-68,2026-04-16 10:00:00,4.7349,14804.0969,4530.593,3214.7284,78.0528,1,NORMAL
NK-68,2026-04-16 11:00:00,4.7347,14923.1629,4568.3128,3212.4378,78.0549,1,NORMAL
NK-68,2026-04-16 12:00:00,4.7343,14897.3668,4545.0042,3195.3958,77.1923,1,NORMAL
NK-68,2026-04-16 13:00:00,4.747,14634.7368,4529.5745,3200.5455,74.3949,1,NORMAL
NK-68,2026-04-16 14:00:00,4.7323,14686.2158,4526.551,3224.7792,74.9232,1,NORMAL
NK-68,2026-04-16 15:00:00,4.7373,14714.0315,4534.3227,3227.8516,78.7434,1,NORMAL
NK-68,2026-04-16 16:00:00,4.7359,14551.0741,4550.6479,3227.5114,72.4351,1,NORMAL
NK-68,2026-04-16 17:00:00,4.7605,14540.7749,4511.7237,3202.4134,69.8085,1,NORMAL
NK-68,2026-04-16 18:00:00,4.73,14341.559,4507.4725,3241.1979,72.9343,1,NORMAL
NK-68,2026-04-16 19:00:00,4.7384,14370.9842,4542.319,3277.497,72.2905,1,NORMAL
NK-68,2026-04-16 20:00:00,4.7582,14215.9898,4541.2498,3251.1088,73.6376,1,NORMAL
NK-68,2026-04-16 21:00:00,4.7335,14117.2599,4571.5641,3242.6324,70.2884,1,NORMAL
NK-68,2026-04-16 22:00:00,4.7352,14268.4048,4520.7501,3242.2613,68.7561,1,NORMAL
NK-68,2026-04-16 23:00:00,4.7574,14020.6913,4543.0523,3231.3649,66.7078,1,NORMAL
NK-68,2026-04-17 00:00:00,4.7345,14297.0043,4572.6156,3213.5592,66.936,1,NORMAL
NK-68,2026-04-17 01:00:00,4.7366,14002.3759,4552.5935,3253.388,65.9383,1,NORMAL
NK-68,2026-04-17 02:00:00,4.7368,15093.4664,4631.7587,3212.8762,65.6026,1,NORMAL
NK-68,2026-04-17 03:00:00,4.7379,14775.28,4640.0058,3194.2426,63.8932,1,NORMAL
NK-68,2026-04-17 04:00:00,4.7436,13567.7423,4620.577,3239.8972,63.3201,1,NORMAL
NK-68,2026-04-17 05:00:00,4.7301,13933.6236,4580.1326,3271.087,67.2207,1,NORMAL
NK-68,2026-04-17 06:00:00,4.7461,15764.0572,4634.8527,3150.9537,67.4202,1,NORMAL
NK-68,2026-04-17 07:00:00,4.7329,15869.6652,4598.5504,3141.0626,69.9837,1,NORMAL
NK-68,2026-04-17 08:00:00,4.7344,14677.738,4569.6169,3186.1674,69.9979,1,NORMAL
NK-68,2026-04-17 09:00:00,4.7379,14664.2311,4565.0122,3247.7113,71.1755,1,NORMAL
NK-68,2026-04-17 10:00:00,4.7343,15758.7921,4613.9175,3168.9385,73.1552,1,NORMAL
NK-68,2026-04-17 11:00:00,4.7664,15371.1345,4561.6444,3146.5979,72.005,1,NORMAL
NK-68,2026-04-17 12:00:00,4.7358,15848.3995,4580.2762,3152.7598,73.5683,1,NORMAL
NK-68,2026-04-17 13:00:00,4.7495,15182.8383,4599.8637,3194.2715,73.8405,1,NORMAL
NK-68,2026-04-17 14:00:00,4.7378,15407.9637,4589.8999,3170.3975,75.1872,1,NORMAL
NK-68,2026-04-17 15:00:00,4.7347,15297.7791,4555.6652,3160.1955,75.7339,1,NORMAL
NK-68,2026-04-17 16:00:00,4.735,15257.1827,4535.3708,3107.2503,74.9366,1,NORMAL
NK-68,2026-04-17 17:00:00,4.737,15569.7996,4584.5475,3158.8033,76.2302,1,NORMAL
NK-68,2026-04-17 18:00:00,4.752,15597.6219,4593.9066,3118.1213,75.8855,1,NORMAL
NK-68,2026-04-17 19:00:00,4.7607,15563.34,4603.5328,3150.238,75.5388,1,NORMAL
NK-68,2026-04-17 20:00:00,4.3377,12312.9072,3697.1648,2655.5427,57.9946,-1,ANOMALÍA
NK-68,2026-04-17 21:00:00,4.7348,15228.3635,4557.2868,3232.4335,79.733,1,NORMAL
NK-68,2026-04-17 22:00:00,4.7325,14840.3247,4517.4943,3146.327,78.0829,1,NORMAL
NK-68,2026-04-17 23:00:00,4.7339,14943.9066,4505.2373,3196.1766,77.858,1,NORMAL
NK-68,2026-04-18 00:00:00,4.7352,14902.5115,4522.4614,3213.9511,77.2663,1,NORMAL
NK-68,2026-04-18 01:00:00,4.7291,14775.2303,4512.6088,3227.2722,76.4382,1,NORMAL
NK-68,2026-04-18 02:00:00,4.7341,14770.2994,4501.7942,3198.7022,75.1502,1,NORMAL
NK-68,2026-04-18 03:00:00,4.7334,14648.2322,4505.7225,3213.156,74.5809,1,NORMAL
NK-68,2026-04-18 04:00:00,4.7336,14638.1227,4505.3631,3202.1372,74.0669,1,NORMAL
NK-68,2026-04-18 05:00:00,4.7375,14531.7986,4513.2617,3219.6368,71.9641,1,NORMAL
NK-68,2026-04-18 06:00:00,4.7326,14621.406,4514.6266,3194.589,72.2686,1,NORMAL
NK-68,2026-04-18 07:00:00,4.7358,14412.9865,4525.9159,3254.3072,71.7871,1,NORMAL
NK-68,2026-04-18 08:00:00,4.7347,14692.0612,4592.4983,3211.3524,71.2078,1,NORMAL
NK-68,2026-04-18 09:00:00,4.7343,14806.3619,4531.8727,3210.7437,71.8848,1,NORMAL
NK-68,2026-04-18 10:00:00,4.738,14507.7459,4539.506,3195.4962,77.4077,1,NORMAL
NK-68,2026-04-18 11:00:00,4.7343,14565.1258,4558.229,3190.8613,70.8275,1,NORMAL
NK-68,2026-04-18 12:00:00,4.738,14522.1279,4493.2172,3210.8729,71.1917,1,NORMAL
NK-68,2026-04-18 13:00:00,4.7383,14439.8014,4518.8904,3205.2181,75.5918,1,NORMAL
NK-68,2026-04-18 14:00:00,4.7367,14574.2348,4546.1814,3269.0987,72.4907,1,NORMAL
NK-68,2026-04-18 15:00:00,4.7617,14398.3386,4549.8857,3232.4335,67.52,1,NORMAL
NK-68,2026-04-18 16:00:00,4.735,14226.9798,4535.265,3238.4814,70.285,1,NORMAL
NK-68,2026-04-18 17:00:00,4.737,14025.5218,4507.974,3287.4691,83.1978,1,NORMAL
NK-68,2026-04-18 18:00:00,4.735,14959.4873,4539.9067,3207.2593,71.2934,1,NORMAL
NK-68,2026-04-18 19:00:00,4.7367,13784.7405,4534.8416,3279.8337,69.1559,1,NORMAL
NK-68,2026-04-18 20:00:00,4.7347,13787.1988,4561.0742,3287.7262,69.1623,1,NORMAL
NK-68,2026-04-18 21:00:00,4.7383,15412.2466,4545.501,3195.9951,70.6032,1,NORMAL
NK-68,2026-04-18 22:00:00,4.749,14261.9595,4558.9424,3217.3139,69.7505,1,NORMAL
NK-68,2026-04-18 23:00:00,4.735,13366.325,4549.0541,3305.2347,69.3205,1,NORMAL
NK-68,2026-04-19 00:00:00,4.7333,14356.0692,4567.9537,3270.3083,70.3365,1,NORMAL
NK-68,2026-04-19 01:00:00,4.73,15583.7937,4586.2485,3145.949,71.2225,1,NORMAL
NK-68,2026-04-19 02:00:00,4.7347,13849.5772,4504.8593,3230.5738,70.6248,1,NORMAL
NK-68,2026-04-19 03:00:00,4.731,13732.191,4581.38,3301.228,69.177,1,NORMAL
NK-68,2026-04-19 04:00:00,4.738,14526.3504,4571.779,3229.1979,71.1887,1,NORMAL
NK-68,2026-04-19 05:00:00,4.735,15774.6655,4549.6589,3163.4879,76.0706,1,NORMAL
NK-68,2026-04-19 06:00:00,4.7583,14518.2276,4606.0553,3196.7511,70.0179,1,NORMAL
NK-68,2026-04-19 07:00:00,4.7367,14326.8564,4574.9843,3212.5512,70.3274,1,NORMAL
NK-68,2026-04-19 08:00:00,4.7367,15044.9877,4609.306,3179.7415,70.2119,1,NORMAL
NK-68,2026-04-19 09:00:00,4.7363,15092.4517,4570.6601,3172.6655,69.8795,1,NORMAL
NK-68,2026-04-19 10:00:00,4.7375,15294.6311,4621.4017,3191.4592,70.2889,1,NORMAL
NK-68,2026-04-19 11:00:00,4.735,15517.0783,4582.393,3164.5462,70.3486,1,NORMAL
NK-68,2026-04-19 12:00:00,4.7333,15773.1374,4609.4572,3139.372,70.2999,1,NORMAL
NK-68,2026-04-19 13:00:00,4.7383,15464.7388,4601.1716,3139.7197,69.2372,1,NORMAL
NK-68,2026-04-19 14:00:00,4.7408,12172.7927,3795.2631,2712.0902,54.514,-1,ANOMALÍA
NK-68,2026-04-19 15:00:00,4.7367,15707.1879,4589.348,3145.7978,72.8072,1,NORMAL
NK-68,2026-04-19 16:00:00,4.738,15218.4667,4553.0457,3189.1459,70.7569,1,NORMAL
NK-68,2026-04-19 17:00:00,4.7367,15567.6731,4590.4064,3136.1969,69.7787,1,NORMAL
NK-68,2026-04-19 18:00:00,4.755,15541.4602,4570.0704,3179.7415,69.2912,1,NORMAL
NK-68,2026-04-19 19:00:00,4.7367,15257.2878,4583.8293,3163.5483,70.6305,1,NORMAL
NK-68,2026-04-19 20:00:00,4.7367,14901.2772,4582.6198,3167.3434,70.6279,1,NORMAL
NK-68,2026-04-19 21:00:00,4.7367,14873.0155,4561.2254,3178.6075,70.785,1,NORMAL
NK-68,2026-04-19 22:00:00,4.7367,15153.9454,4563.569,3171.9549,70.7687,1,NORMAL
NK-68,2026-04-19 23:00:00,4.7517,15074.4693,4550.7173,3189.3803,71.1194,1,NORMAL
NK-68,2026-04-20 00:00:00,4.7333,15123.925,4545.1608,3192.064,72.1002,1,NORMAL
NK-68,2026-04-20 01:00:00,4.7383,15046.6531,4556.9012,3120.8202,71.8498,1,NORMAL
NK-68,2026-04-20 02:00:00,4.735,15295.6073,4583.7537,3159.6323,71.6869,1,NORMAL
NK-68,2026-04-20 03:00:00,4.7443,15427.9194,4550.6719,3168.9612,71.143,1,NORMAL
NK-68,2026-04-20 04:00:00,4.735,15339.1823,4592.2208,3163.2611,71.7748,1,NORMAL
NK-68,2026-04-20 05:00:00,4.7317,15518.3399,4589.6504,3152.0725,72.2012,1,NORMAL
NK-68,2026-04-20 06:00:00,4.74,16149.7889,4568.9365,3105.5039,71.7506,1,NORMAL
NK-68,2026-04-20 07:00:00,4.7383,15848.6864,4587.4581,3139.372,72.0055,1,NORMAL
NK-68,2026-04-20 08:00:00,4.7667,15803.9946,4616.7902,3151.1653,71.5353,1,NORMAL
NK-68,2026-04-20 09:00:00,4.735,16175.275,4659.3521,3135.1385,76.1638,1,NORMAL
NK-68,2026-04-20 10:00:00,4.7367,16476.354,4620.1921,3107.0159,72.6496,1,NORMAL
NK-68,2026-04-20 11:00:00,4.7317,16401.8218,4595.6227,3119.7164,72.8225,1,NORMAL
NK-68,2026-04-20 12:00:00,4.7647,16135.6405,4628.4021,3157.2132,71.2646,1,NORMAL
NK-68,2026-04-20 13:00:00,4.729,16042.67,4600.6122,3156.0641,72.0117,1,NORMAL
NK-68,2026-04-20 14:00:00,4.735,16057.6474,4561.9814,3132.4925,72.0602,1,NORMAL
NK-68,2026-04-20 15:00:00,4.7533,15903.3287,4612.2543,3179.7415,71.7529,1,NORMAL
NK-68,2026-04-20 16:00:00,4.735,16363.8238,4581.5614,3124.8571,73.1931,1,NORMAL
NK-68,2026-04-20 17:00:00,4.7333,15816.097,4606.7356,3184.2774,73.1814,1,NORMAL
NK-68,2026-04-20 18:00:00,4.7607,15795.4269,4609.3362,3140.2792,72.2022,1,NORMAL
NK-68,2026-04-20 19:00:00,4.7347,15710.9562,4602.0939,3150.9385,73.9779,1,NORMAL
NK-68,2026-04-20 20:00:00,4.74,15410.7094,4563.0852,3164.7881,72.2695,1,NORMAL
NK-68,2026-04-20 21:00:00,4.7322,15553.8093,4557.5362,3176.5021,73.4422,1,NORMAL
NK-68,2026-04-20 22:00:00,4.735,15442.3711,4566.4417,3163.9414,71.7783,1,NORMAL
NK-68,2026-04-20 23:00:00,4.7347,15486.5293,4578.9003,3151.6794,72.4357,1,NORMAL
NK-68,2026-04-21 00:00:00,4.7367,15417.0531,4559.6076,3154.7336,72.4781,1,NORMAL
NK-68,2026-04-21 01:00:00,4.7347,15348.0138,4524.53,3152.6471,72.4746,1,NORMAL
NK-68,2026-04-21 02:00:00,4.7417,15605.0693,4609.8352,3147.839,72.4883,1,NORMAL
NK-68,2026-04-21 03:00:00,4.755,15779.8046,4584.2829,3146.8562,71.9881,1,NORMAL
NK-68,2026-04-21 04:00:00,4.735,15731.6541,4543.6866,3146.7806,72.2894,1,NORMAL
NK-68,2026-04-21 05:00:00,4.7667,15553.5122,4580.8054,3179.3635,70.586,1,NORMAL
NK-68,2026-04-21 06:00:00,4.742,15619.009,4604.256,3179.3484,72.6829,1,NORMAL
NK-68,2026-04-21 07:00:00,4.7383,15580.5846,4602.2753,3138.238,72.4277,1,NORMAL
NK-68,2026-04-21 08:00:00,4.735,15907.6475,4651.9434,3118.7336,72.4334,1,NORMAL
NK-68,2026-04-21 09:00:00,4.75,15812.1395,4578.6887,3129.1662,71.6269,1,NORMAL
NK-68,2026-04-21 10:00:00,4.7367,16299.936,4613.3127,3143.9079,72.3387,1,NORMAL
NK-68,2026-04-21 11:00:00,4.735,16486.824,4600.9902,3130.3002,73.2966,1,NORMAL
NK-68,2026-04-21 12:00:00,4.7367,16795.1464,4610.2132,3124.6303,73.359,1,NORMAL
NK-68,2026-04-21 13:00:00,4.7367,16629.1506,4611.8007,3145.1931,72.2545,1,NORMAL
NK-68,2026-04-21 14:00:00,4.7433,16596.2769,4600.3098,3148.595,72.884,1,NORMAL
NK-68,2026-04-21 15:00:00,4.7333,16467.2365,4592.6441,3151.0746,72.6662,1,NORMAL
NK-68,2026-04-21 16:00:00,4.735,16464.9978,4593.7327,3132.4774,72.9308,1,NORMAL
NK-68,2026-04-21 17:00:00,4.72,16589.7079,4661.0908,3204.6134,73.3705,1,NORMAL
NK-68,2026-04-22 11:00:00,,,4547.013,3154.7184,,1,NORMAL
NK-68,2026-04-22 12:00:00,4.73,,4584.2073,3171.2745,,1,NORMAL
NK-68,2026-04-22 13:00:00,4.73,,4620.2677,3181.9338,,1,NORMAL
NK-68,2026-04-22 14:00:00,4.735,,4603.0313,3159.4811,,1,NORMAL
NK-68,2026-04-22 15:00:00,4.7433,,4598.949,3221.5474,,1,NORMAL
NK-68,2026-04-22 16:00:00,4.74,,4565.8369,3194.4832,,1,NORMAL
NK-68,2026-04-22 17:00:00,4.74,,4604.0897,3199.0191,,1,NORMAL
NK-68,2026-04-22 18:00:00,4.7367,,4531.8177,3226.2345,,1,NORMAL
NK-68,2026-04-22 19:00:00,4.7367,,4534.388,3223.2105,,1,NORMAL
NK-68,2026-04-22 20:00:00,4.7367,,4518.966,3200.2286,,1,NORMAL
NK-68,2026-04-22 21:00:00,4.7367,,4512.7669,3251.9379,,1,NORMAL
NK-68,2026-04-22 22:00:00,4.7367,,4526.5258,3264.0336,,1,NORMAL
NK-68,2026-04-22 23:00:00,4.7333,,4511.5573,3247.402,,1,NORMAL
NK-68,2026-04-23 00:00:00,4.7375,,4466.0471,3265.6212,,1,NORMAL
NK-68,2026-04-23 01:00:00,4.79,,4566.5173,3271.5179,,1,NORMAL
NK-68,2026-04-23 02:00:00,4.74,,4562.2082,3235.2307,,1,NORMAL
NK-68,2026-04-23 03:00:00,4.74,,4492.3554,3168.0994,,1,NORMAL
NK-68,2026-04-23 04:00:00,4.785,,4500.7468,3340.4636,,1,NORMAL
NK-68,2026-04-23 05:00:00,4.74,,4541.3431,3312.5678,,1,NORMAL
NK-68,2026-04-23 06:00:00,4.735,,4630.7003,3130.6782,,1,NORMAL
NK-68,2026-04-23 07:00:00,4.73,,4476.2529,3288.5275,,1,NORMAL
NK-68,2026-04-23 08:00:00,4.73,,4560.1671,3338.1956,,1,NORMAL
NK-68,2026-04-23 09:00:00,4.735,,4624.5768,3182.841,,1,NORMAL
NK-68,2026-04-23 10:00:00,4.74,,4531.8177,3155.3988,,1,NORMAL
NK-68,2026-04-23 11:00:00,4.736,,4494.8047,3340.8718,,1,NORMAL
NK-68,2026-04-23 12:00:00,4.7367,,4567.5001,3337.8176,,1,NORMAL
NK-68,2026-04-23 13:00:00,4.75,,4717.9408,3047.52,,1,NORMAL
NK-68,2026-04-23 14:00:00,4.74,,1502.4413,1070.3212,,-1,ANOMALÍA
NK-68,2026-04-23 15:00:00,4.7333,,4530.9105,3175.4324,,1,NORMAL
NK-68,2026-04-23 16:00:00,4.7333,,4529.2473,3271.4423,,1,NORMAL
NK-68,2026-04-23 17:00:00,4.7367,,4640.3769,3279.0021,,1,NORMAL
NK-68,2026-04-23 18:00:00,4.7325,,4592.0318,3146.4404,,1,NORMAL
NK-68,2026-04-23 19:00:00,4.73,,4564.5669,3206.8813,,1,NORMAL
NK-68,2026-04-23 20:00:00,4.735,,4565.6101,3275.1466,,1,NORMAL
NK-68,2026-04-23 21:00:00,4.7367,,4690.7254,3109.6618,,1,NORMAL
NK-68,2026-04-23 22:00:00,4.735,,4692.1618,2988.9313,,1,NORMAL
NK-68,2026-04-23 23:00:00,4.74,,4638.4113,3202.5722,,1,NORMAL
NK-68,2026-04-24 00:00:00,4.74,,4611.4983,3091.8206,,1,NORMAL
NK-68,2026-04-24 01:00:00,4.74,,4666.5339,3022.2702,,1,NORMAL
NK-68,2026-04-24 02:00:00,4.735,,4637.5042,3035.4243,,1,NORMAL
NK-68,2026-04-24 03:00:00,4.735,,4721.4183,3142.2447,,1,NORMAL
NK-68,2026-04-24 04:00:00,4.74,,4635.9166,3122.06,,1,NORMAL
NK-68,2026-04-24 05:00:00,4.735,,4604.6189,3055.609,,1,NORMAL
NK-68,2026-04-24 06:00:00,4.805,,4646.576,2997.7763,,1,NORMAL
NK-68,2026-04-24 07:00:00,4.73,,4612.7835,3067.4024,,1,NORMAL
NK-68,2026-04-24 08:00:00,4.736,,4625.2572,3048.397,,1,NORMAL
NK-68,2026-04-24 09:00:00,4.7367,,4615.883,3088.4943,,1,NORMAL
NK-68,2026-04-24 10:00:00,4.7367,,4633.1195,3075.7938,,1,NORMAL
NK-68,2026-04-24 11:00:00,4.74,,4634.6314,3086.2264,,1,NORMAL
NK-68,2026-04-24 12:00:00,4.7533,,4675.0009,3074.8866,,1,NORMAL
NK-68,2026-04-24 13:00:00,4.74,,4649.4487,3088.4943,,1,NORMAL
NK-68,2026-04-24 14:00:00,4.74,,4570.524,3104.2188,,1,NORMAL
NK-68,2026-04-24 15:00:00,4.7333,,4629.7931,3129.3174,,1,NORMAL
NK-68,2026-04-24 16:00:00,4.73,,4592.1452,3114.3489,,1,NORMAL
NK-68,2026-04-24 17:00:00,4.785,,4568.3317,3095.7517,,1,NORMAL
NK-68,2026-04-24 18:00:00,4.735,,4583.7537,3101.4216,,1,NORMAL
NK-68,2026-04-24 19:00:00,4.74,,4607.3404,3094.391,,1,NORMAL
NK-68,2026-04-24 20:00:00,4.74,,4652.6994,3122.2868,,1,NORMAL
NK-68,2026-04-24 21:00:00,4.73,,4560.1671,3116.1633,,1,NORMAL
NK-68,2026-04-24 22:00:00,4.73,,4516.6224,3084.8656,,1,NORMAL
NK-68,2026-04-24 23:00:00,4.735,,4512.0865,3140.6572,,1,NORMAL
NK-68,2026-04-25 00:00:00,4.73,,4610.2888,3095.9785,,1,NORMAL
NK-68,2026-04-25 01:00:00,4.74,,4593.9595,3087.1335,,1,NORMAL
NK-68,2026-04-25 02:00:00,4.735,,4565.1566,3108.9059,,1,NORMAL
NK-68,2026-04-25 03:00:00,4.735,,4613.4639,3116.8437,,1,NORMAL
NK-68,2026-04-25 04:00:00,4.74,,4637.2774,3140.2036,,1,NORMAL
NK-68,2026-04-25 05:00:00,4.79,,4596.3787,3157.2888,,1,NORMAL
NK-68,2026-04-25 06:00:00,4.7367,,4554.9508,3142.9251,,1,NORMAL
NK-68,2026-04-25 07:00:00,4.73,,4553.4388,3145.949,,1,NORMAL
NK-68,2026-04-25 08:00:00,4.73,,4492.8089,3230.9216,,1,NORMAL
NK-68,2026-04-25 09:00:00,4.7367,,4582.9222,3160.7663,,1,NORMAL
NK-68,2026-04-25 10:00:00,4.7367,,4549.5077,3186.7721,,1,NORMAL
NK-68,2026-04-25 11:00:00,4.7367,,4585.1901,3180.8755,,1,NORMAL
NK-68,2026-04-25 12:00:00,4.7333,,4582.6198,3216.5579,,1,NORMAL
NK-68,2026-04-25 13:00:00,4.7367,,4546.3326,3182.6898,,1,NORMAL
NK-68,2026-04-25 14:00:00,4.7333,,4561.301,3188.7377,,1,NORMAL
NK-68,2026-04-25 15:00:00,4.732,,4566.3812,3189.0099,,1,NORMAL
NK-68,2026-04-25 16:00:00,4.74,,4602.3509,3238.179,,1,NORMAL
NK-68,2026-04-25 17:00:00,4.735,,4629.1127,3249.5188,,1,NORMAL
NK-68,2026-04-25 18:00:00,4.74,,4530.2301,3275.827,,1,NORMAL
NK-68,2026-04-25 19:00:00,4.74,,4546.3326,3200.531,,1,NORMAL
NK-68,2026-04-25 20:00:00,4.74,,4504.1487,3234.3235,,1,NORMAL
NK-68,2026-04-25 21:00:00,4.735,,4535.9,3220.0354,,1,NORMAL
NK-68,2026-04-25 22:00:00,4.73,,4551.3221,3259.7245,,1,NORMAL
NK-68,2026-04-25 23:00:00,4.735,,4547.9201,3211.4172,,1,NORMAL
NK-68,2026-04-26 00:00:00,4.74,,4591.6916,3164.4706,,1,NORMAL
NK-68,2026-04-26 01:00:00,4.736,,4547.0583,3272.4704,,1,NORMAL
NK-68,2026-04-26 02:00:00,4.7367,,4566.2905,3210.9636,,1,NORMAL
NK-68,2026-04-26 03:00:00,4.7375,,4503.5817,3286.0328,,1,NORMAL
NK-68,2026-04-26 04:00:00,4.7367,,4544.9718,3267.2088,,1,NORMAL
NK-68,2026-04-26 05:00:00,4.7333,,4615.4294,3169.5357,,1,NORMAL
NK-68,2026-04-26 06:00:00,4.7367,,4579.4446,3206.4277,,1,NORMAL
NK-68,2026-04-26 07:00:00,4.73,,4645.6688,3261.7657,,1,NORMAL
NK-68,2026-04-26 08:00:00,4.7367,,4554.4972,3246.646,,1,NORMAL
NK-68,2026-04-26 09:00:00,4.7367,,4633.2707,3067.478,,1,NORMAL
NK-68,2026-04-26 10:00:00,4.73,,4627.5252,3182.085,,1,NORMAL
NK-68,2026-04-26 11:00:00,4.756,,4688.7598,3240.0841,,1,NORMAL
NK-68,2026-04-26 12:00:00,4.734,,4645.5781,3255.3247,,1,NORMAL
NK-68,2026-04-26 13:00:00,4.735,,4678.1005,3029.5276,,1,NORMAL
NK-68,2026-04-26 14:00:00,4.73,,4621.1749,3146.5538,,1,NORMAL
NK-68,2026-04-26 15:00:00,4.74,,4622.0821,3189.1913,,1,NORMAL
NK-68,2026-04-26 16:00:00,4.73,,4668.1215,3178.0783,,1,NORMAL
NK-68,2026-04-26 17:00:00,4.725,,4671.5234,3071.2579,,1,NORMAL
NK-68,2026-04-26 18:00:00,4.73,,4681.7292,3119.1116,,1,NORMAL
NK-68,2026-04-26 19:00:00,4.735,,4541.1163,3125.9155,,1,NORMAL
NK-68,2026-04-26 20:00:00,4.73,,4615.9586,3071.2579,,1,NORMAL
NK-68,2026-04-26 21:00:00,4.735,,4586.4753,3046.5372,,1,NORMAL
NK-68,2026-04-26 22:00:00,4.74,,4596.5299,3088.3431,,1,NORMAL
NK-68,2026-04-26 23:00:00,4.7367,,4660.4861,3058.7086,,1,NORMAL
NK-68,2026-04-27 00:00:00,4.73,,4610.1376,3100.7412,,1,NORMAL
NK-68,2026-04-27 01:00:00,4.73,,4641.2841,3084.5632,,1,NORMAL
NK-68,2026-04-27 02:00:00,4.7367,,4577.1767,3045.5545,,1,NORMAL
NK-68,2026-04-27 03:00:00,4.73,,4665.3243,3063.2445,,1,NORMAL
NK-68,2026-04-27 04:00:00,4.73,,4591.994,3108.6035,,1,NORMAL
NK-68,2026-04-27 05:00:00,4.735,,4580.9566,3103.4628,,1,NORMAL
NK-68,2026-04-27 06:00:00,4.7333,,4577.7059,3092.4254,,1,NORMAL
NK-68,2026-04-27 07:00:00,4.7383,,4572.6408,3110.191,,1,NORMAL
NK-68,2026-04-27 08:00:00,4.736,,4575.9218,3123.33,,1,NORMAL
NK-68,2026-04-27 09:00:00,4.7383,,4611.9519,3049.4856,,1,NORMAL
NK-68,2026-04-27 10:00:00,4.73,,4612.6323,3068.0828,,1,NORMAL
NK-68,2026-04-27 11:00:00,4.7483,,4574.9843,3106.9403,,1,NORMAL
NK-68,2026-04-27 12:00:00,4.7367,,4636.0678,3081.1613,,1,NORMAL
NK-68,2026-04-27 13:00:00,4.7317,,4597.437,3031.4176,,1,NORMAL
NK-68,2026-04-27 14:00:00,4.7683,,4093.9332,2702.2057,,-1,ANOMALÍA
NK-68,2026-04-27 15:00:00,4.7363,,4634.8431,3093.3628,,1,NORMAL
NK-68,2026-04-27 16:00:00,4.7367,,4603.8629,3108.5279,,1,NORMAL
NK-68,2026-04-27 17:00:00,4.7367,,4607.7184,3122.4758,,1,NORMAL
NK-68,2026-04-27 18:00:00,4.7383,,4606.4181,3103.2813,,1,NORMAL
NK-68,2026-04-27 19:00:00,4.74,,4572.2628,3122.438,,1,NORMAL
NK-68,2026-04-27 20:00:00,4.76,,4573.3968,3128.1078,,1,NORMAL
NK-68,2026-04-27 21:00:00,4.7317,,4569.7681,3151.1653,,1,NORMAL
NK-68,2026-04-27 22:00:00,4.738,,4536.656,3149.2149,,1,NORMAL
NK-68,2026-04-27 23:00:00,4.7633,,4580.125,3118.8092,,1,NORMAL
NK-68,2026-04-28 00:00:00,4.7363,,4573.5329,3178.2749,,1,NORMAL
NK-68,2026-04-28 01:00:00,4.7327,,4554.2704,3192.8805,,1,NORMAL
NK-68,2026-04-28 02:00:00,4.767,,4562.934,3167.1015,,1,NORMAL
NK-68,2026-04-28 03:00:00,4.7603,,4569.3901,3126.0818,,1,NORMAL
NK-68,2026-04-28 04:00:00,4.7517,,4534.6148,3167.1166,,1,NORMAL
NK-68,2026-04-28 05:00:00,4.7367,,4545.5766,3201.9674,,1,NORMAL
NK-68,2026-04-28 06:00:00,4.7417,,4582.9978,3213.8363,,1,NORMAL
NK-68,2026-04-28 07:00:00,4.7517,,4615.7318,3163.4123,,1,NORMAL
NK-68,2026-04-28 08:00:00,4.7583,,4574.9843,3187.3013,,1,NORMAL
NK-68,2026-04-28 09:00:00,4.7317,,4542.1747,3145.7978,,1,NORMAL
NK-68,2026-04-28 10:00:00,4.7333,,4564.4006,3137.1796,,1,NORMAL
NK-68,2026-04-28 11:00:00,4.735,,4593.5059,3136.4993,,1,NORMAL
NK-68,2026-04-28 12:00:00,4.7427,,4624.6524,3157.8936,,1,NORMAL
NK-68,2026-04-28 13:00:00,4.7367,,4602.9557,3175.2056,,1,NORMAL
NK-68,2026-04-28 14:00:00,4.7317,,4583.4136,3162.5051,,1,NORMAL
NK-68,2026-04-28 15:00:00,4.7533,,4585.4169,3246.1924,,1,NORMAL
NK-68,2026-04-28 16:00:00,4.7363,,4663.3286,3111.3855,,1,NORMAL
NK-68,2026-04-28 17:00:00,4.735,,4606.0553,3142.2447,,1,NORMAL
NK-68,2026-04-28 18:00:00,4.76,,4592.6743,3194.1052,,1,NORMAL
NK-68,2026-04-28 19:00:00,4.735,,4606.5844,3179.5903,,1,NORMAL
NK-68,2026-04-28 20:00:00,4.732,,4617.4252,3112.2927,,1,NORMAL
NK-68,2026-04-28 21:00:00,4.7383,,4578.4619,3138.3892,,1,NORMAL
NK-68,2026-04-28 22:00:00,4.74,,4634.7826,3127.6542,,1,NORMAL
NK-68,2026-04-28 23:00:00,4.7363,,4583.1792,3156.805,,1,NORMAL
NK-68,2026-04-29 00:00:00,4.7527,,4591.2531,3128.9243,,1,NORMAL
NK-68,2026-04-29 01:00:00,4.7367,,4602.0485,3160.8419,,1,NORMAL
NK-68,2026-04-29 02:00:00,4.7567,,4573.6992,3112.2322,,1,NORMAL
NK-68,2026-04-29 03:00:00,4.7383,,4549.4623,3128.9697,,1,NORMAL
NK-68,2026-04-29 04:00:00,4.7403,,4592.7046,3150.7117,,1,NORMAL
NK-68,2026-04-29 05:00:00,4.7317,,4584.8121,3136.1213,,1,NORMAL
NK-68,2026-04-29 06:00:00,4.7367,,4552.1536,3154.5673,,1,NORMAL
NK-68,2026-04-29 07:00:00,4.73,,4518.4368,3144.5127,,1,NORMAL
NK-68,2026-04-29 08:00:00,4.7433,,4572.8071,3123.9499,,1,NORMAL
NK-68,2026-04-29 09:00:00,4.7317,,4581.4102,3145.3443,,1,NORMAL
NK-68,2026-04-29 10:00:00,4.7343,,4582.3174,3183.8087,,1,NORMAL
NK-68,2026-04-29 11:00:00,4.7327,,4598.4047,3154.5975,,1,NORMAL
NK-68,2026-04-29 12:00:00,4.7383,,4591.616,3165.6046,,1,NORMAL
NK-68,2026-04-29 13:00:00,4.7417,,4579.1422,3162.0515,,1,NORMAL
NK-68,2026-04-29 14:00:00,4.7483,,4562.2838,3180.9511,,1,NORMAL
NK-68,2026-04-29 15:00:00,4.7383,,4569.3901,3221.3962,,1,NORMAL
NK-68,2026-04-29 16:00:00,4.7367,,4553.8168,3206.2009,,1,NORMAL
NK-68,2026-04-29 17:00:00,4.737,,4574.5912,3197.6281,,1,NORMAL
NK-68,2026-04-29 18:00:00,4.7363,,4582.9978,3175.8104,,1,NORMAL
NK-68,2026-04-29 19:00:00,4.737,,4584.7214,3173.4668,,1,NORMAL
NK-68,2026-04-29 20:00:00,4.735,,4553.8924,3144.7395,,1,NORMAL
NK-68,2026-04-29 21:00:00,4.767,,4606.7508,3167.9633,,1,NORMAL
NK-68,2026-04-29 22:00:00,4.731,,4629.5815,3138.994,,1,NORMAL
NK-68,2026-04-29 23:00:00,4.7367,,4580.7298,3133.1729,,1,NORMAL
NK-68,2026-04-30 00:00:00,4.7333,,4661.5444,3183.8994,,1,NORMAL
NK-68,2026-04-30 01:00:00,4.7667,,4597.2102,3137.0284,,1,NORMAL
NK-68,2026-04-30 02:00:00,4.7333,,4609.2304,3116.6925,,1,NORMAL
NK-68,2026-04-30 03:00:00,4.7367,,4619.663,3097.1881,,1,NORMAL
NK-68,2026-04-30 04:00:00,4.7303,,4687.8829,3082.4767,,1,NORMAL
NK-68,2026-04-30 05:00:00,4.7367,,4637.2774,3077.5326,,1,NORMAL
NK-68,2026-04-30 06:00:00,4.7317,,4656.7817,3091.4426,,1,NORMAL
NK-68,2026-04-30 07:00:00,4.7352,,4647.9141,3074.0248,,1,NORMAL
NK-68,2026-04-30 08:00:00,4.737,,4651.2479,3044.2844,,1,NORMAL
NK-68,2026-04-30 09:00:00,4.7533,,4674.4717,3045.1009,,1,NORMAL
NK-68,2026-04-30 10:00:00,4.7367,,4677.2689,3037.7678,,1,NORMAL
NK-68,2026-04-30 11:00:00,4.7433,,4660.0325,3051.8291,,1,NORMAL
NK-68,2026-04-30 12:00:00,4.7317,,4687.3991,3021.6654,,1,NORMAL
NK-68,2026-04-30 13:00:00,4.735,,3899.4376,2633.8459,,-1,ANOMALÍA
NK-68,2026-04-30 14:00:00,4.7357,,4670.4953,3019.9871,,1,NORMAL
NK-68,2026-04-30 15:00:00,4.7367,,4666.6851,3043.5133,,1,NORMAL
NK-68,2026-04-30 16:00:00,4.7333,,4674.0938,3045.7813,,1,NORMAL
NK-68,2026-04-30 17:00:00,4.7333,,4671.599,3040.6406,,1,NORMAL
NK-68,2026-04-30 18:00:00,4.735,,4672.6574,3087.5115,,1,NORMAL
NK-68,2026-04-30 19:00:00,4.7633,,4668.5751,3079.3469,,1,NORMAL
NK-68,2026-04-30 20:00:00,4.7333,,4665.4755,3052.5851,,1,NORMAL
NK-68,2026-04-30 21:00:00,4.7323,,4588.4711,3041.3663,,1,NORMAL
NK-68,2026-04-30 22:00:00,4.7383,,4600.7634,3034.4415,,1,NORMAL
NK-68,2026-04-30 23:00:00,4.7367,,4597.8906,3012.3668,,1,NORMAL
NK-68,2026-05-01 00:00:00,4.7383,,4626.7692,3073.6392,,1,NORMAL
NK-68,2026-05-01 01:00:00,4.7367,,4590.1796,3043.7401,,1,NORMAL
NK-68,2026-05-01 02:00:00,4.7333,,4605.8285,3065.8148,,1,NORMAL
NK-68,2026-05-01 03:00:00,4.7293,,4586.1427,3038.3424,,1,NORMAL
NK-68,2026-05-01 04:00:00,4.7363,,4594.0956,3065.0739,,1,NORMAL
NK-68,2026-05-01 05:00:00,4.7333,,4599.9318,3063.0933,,1,NORMAL
NK-68,2026-05-01 06:00:00,4.7467,,4613.0859,3078.7421,,1,NORMAL
NK-68,2026-05-01 07:00:00,4.7367,,4601.6705,3034.1391,,1,NORMAL
NK-68,2026-05-01 08:00:00,4.7333,,4617.2438,3025.5965,,1,NORMAL
NK-68,2026-05-01 09:00:00,4.7367,,4575.8159,3061.8837,,1,NORMAL
NK-68,2026-05-01 10:00:00,4.7363,,4611.5588,3095.8425,,1,NORMAL
NK-68,2026-05-01 11:00:00,4.735,,4630.9271,3072.9967,,1,NORMAL
NK-68,2026-05-01 12:00:00,4.7333,,4650.8095,3071.8627,,1,NORMAL
NK-68,2026-05-01 13:00:00,4.74,,4649.4941,3095.1772,,1,NORMAL
NK-68,2026-05-01 14:00:00,4.76,,4624.1989,3097.8685,,1,NORMAL
NK-68,2026-05-01 15:00:00,4.735,,4617.773,3129.015,,1,NORMAL
NK-68,2026-05-01 16:00:00,4.7347,,4598.692,3121.9844,,1,NORMAL
NK-68,2026-05-01 17:00:00,4.74,,4584.2073,3166.1338,,1,NORMAL
NK-68,2026-05-01 18:00:00,4.7367,,4597.5882,3190.3253,,1,NORMAL
NK-68,2026-05-01 19:00:00,4.735,,4562.9642,3094.3154,,1,NORMAL
NK-68,2026-05-01 20:00:00,4.7367,,4535.0684,3142.5471,,1,NORMAL
NK-68,2026-05-01 21:00:00,4.734,,4585.7042,3164.3346,,1,NORMAL
NK-68,2026-05-01 22:00:00,4.7403,,4609.4118,3139.7651,,1,NORMAL
NK-68,2026-05-01 23:00:00,4.7517,,4569.0121,3139.372,,1,NORMAL
NK-68,2026-05-02 00:00:00,4.7463,,4566.6534,3133.5358,,1,NORMAL
NK-68,2026-05-02 01:00:00,4.7467,,4533.9344,3138.4346,,1,NORMAL
NK-68,2026-05-02 02:00:00,4.7317,,4534.1612,3199.3215,,1,NORMAL
NK-68,2026-05-02 03:00:00,4.7517,,4546.4838,3206.2765,,1,NORMAL
NK-68,2026-05-02 04:00:00,4.7367,,4592.1452,3182.9166,,1,NORMAL
NK-68,2026-05-02 05:00:00,4.75,,4534.766,3117.5241,,1,NORMAL
NK-68,2026-05-02 06:00:00,4.755,,4592.7499,3271.5935,,1,NORMAL
NK-68,2026-05-02 07:00:00,4.735,,4587.7605,3244.9829,,1,NORMAL
NK-68,2026-05-02 08:00:00,4.731,,4114.5602,2841.6506,,1,NORMAL
NK-68,2026-05-02 09:00:00,4.7567,,4540.2847,3172.1061,,1,NORMAL
NK-68,2026-05-02 10:00:00,4.736,,4558.141,3257.9102,,1,NORMAL
NK-68,2026-05-02 11:00:00,4.7333,,4637.6554,3129.771,,1,NORMAL
NK-68,2026-05-02 12:00:00,4.735,,4598.3442,3165.151,,1,NORMAL
NK-68,2026-05-02 13:00:00,4.735,,4568.7853,3253.7523,,1,NORMAL
NK-68,2026-05-02 14:00:00,4.7567,,4582.9978,3203.8574,,1,NORMAL
NK-68,2026-05-02 15:00:00,4.7383,,4564.4762,3150.7873,,1,NORMAL
NK-68,2026-05-02 16:00:00,4.735,,4598.193,3256.3982,,1,NORMAL
NK-68,2026-05-02 17:00:00,4.743,,4619.4059,3164.7428,,1,NORMAL
NK-68,2026-05-02 18:00:00,4.7333,,4583.9049,3200.153,,1,NORMAL
NK-68,2026-05-02 19:00:00,4.7383,,4545.2742,3233.0383,,1,NORMAL
NK-68,2026-05-02 20:00:00,4.7358,,4576.9877,3152.6395,,1,NORMAL
NK-68,2026-05-02 21:00:00,4.746,,4523.9252,3195.3601,,1,NORMAL
NK-68,2026-05-02 22:00:00,4.735,,4568.0293,3255.7934,,1,NORMAL
NK-68,2026-05-02 23:00:00,4.735,,4603.8629,3211.0392,,1,NORMAL
NK-68,2026-05-03 00:00:00,4.7367,,4571.1288,3132.9461,,1,NORMAL
NK-68,2026-05-03 01:00:00,4.735,,4665.3999,3242.4125,,1,NORMAL
NK-68,2026-05-03 02:00:00,4.735,,4681.956,3174.374,,1,NORMAL
NK-68,2026-05-03 03:00:00,4.745,,4689.289,3063.3201,,1,NORMAL
NK-68,2026-05-03 04:00:00,4.7367,,4622.9439,3119.8071,,1,NORMAL
NK-68,2026-05-03 05:00:00,4.7667,,4613.3127,3145.0419,,1,NORMAL
NK-68,2026-05-03 06:00:00,4.7367,,4653.9846,3032.8539,,1,NORMAL
NK-68,2026-05-03 07:00:00,4.7333,,4735.782,3098.9269,,1,NORMAL
NK-68,2026-05-03 08:00:00,4.7333,,4675.6057,3091.8206,,1,NORMAL
NK-68,2026-05-03 09:00:00,4.74,,4774.0347,3009.7208,,1,NORMAL
NK-68,2026-05-03 10:00:00,4.7367,,4647.6343,3140.6572,,1,NORMAL
NK-68,2026-05-03 11:00:00,4.74,,4678.1005,3153.8113,,1,NORMAL
NK-68,2026-05-03 12:00:00,4.735,,4614.8247,3007.5285,,1,NORMAL
NK-68,2026-05-03 13:00:00,4.7333,,4623.2917,3019.095,,1,NORMAL
NK-68,2026-05-03 14:00:00,4.74,,4734.3456,3093.9374,,1,NORMAL
NK-68,2026-05-03 15:00:00,4.74,,4590.104,3134.9873,,1,NORMAL
NK-68,2026-05-03 16:00:00,4.74,,4615.505,3070.5775,,1,NORMAL
NK-68,2026-05-03 17:00:00,4.735,,4636.597,3092.8034,,1,NORMAL
NK-68,2026-05-03 18:00:00,4.74,,4644.4894,3061.8232,,1,NORMAL
NK-68,2026-05-03 19:00:00,4.796,,4674.4264,3007.211,,1,NORMAL
NK-68,2026-05-03 20:00:00,4.7367,,4618.6046,3085.168,,1,NORMAL
NK-68,2026-05-03 21:00:00,4.7333,,4566.5929,3214.5923,,1,NORMAL
NK-68,2026-05-03 22:00:00,4.74,,4594.1107,3058.4062,,1,NORMAL
NK-68,2026-05-03 23:00:00,4.74,,4652.1702,3087.8895,,1,NORMAL
NK-68,2026-05-04 00:00:00,4.73,,4607.7184,3078.2129,,1,NORMAL
NK-68,2026-05-04 01:00:00,4.7667,,4574.9087,3099.2293,,1,NORMAL
NK-68,2026-05-04 02:00:00,4.74,,4552.9096,3095.525,,1,NORMAL
NK-68,2026-05-04 03:00:00,4.735,,4571.28,3147.2342,,1,NORMAL
NK-68,2026-05-04 04:00:00,4.74,,4570.146,3026.5793,,1,NORMAL
NK-68,2026-05-04 05:00:00,4.725,,4659.5033,3155.172,,1,NORMAL
NK-68,2026-05-04 06:00:00,4.725,,4609.6084,3190.3253,,1,NORMAL
NK-68,2026-05-04 07:00:00,4.73,,4595.3203,3145.1931,,1,NORMAL
NK-68,2026-05-04 08:00:00,4.725,,4578.7643,3179.4391,,1,NORMAL
NK-68,2026-05-04 09:00:00,4.735,,4654.0602,3118.2045,,1,NORMAL
NK-68,2026-05-04 10:00:00,4.735,,4571.5068,3215.2727,,1,NORMAL
NK-68,2026-05-04 11:00:00,4.73,,4569.4657,3126.1423,,1,NORMAL
NK-68,2026-05-04 12:00:00,4.74,,4525.921,3146.7806,,1,NORMAL
NK-68,2026-05-04 13:00:00,4.735,,4553.1364,3130.6782,,1,NORMAL
NK-68,2026-05-04 14:00:00,4.7333,,4621.9309,3186.9233,,1,NORMAL
NK-68,2026-05-04 15:00:00,4.74,,4581.5614,3176.3396,,1,NORMAL
NK-68,2026-05-04 16:00:00,4.74,,4598.4954,3205.3693,,1,NORMAL
NK-68,2026-05-04 17:00:00,4.79,,4564.0226,3169.8381,,1,NORMAL
NK-68,2026-05-04 18:00:00,4.7367,,4559.9403,3148.5194,,1,NORMAL
NK-68,2026-05-04 19:00:00,4.74,,4577.3279,3172.862,,1,NORMAL
NK-68,2026-05-04 20:00:00,4.7367,,4523.5019,3187.8305,,1,NORMAL
NK-68,2026-05-04 21:00:00,4.7367,,4585.7949,3201.4382,,1,NORMAL
NK-68,2026-05-04 22:00:00,4.74,,4638.6835,3195.3601,,1,NORMAL
NK-68,2026-05-04 23:00:00,4.7333,,4503.8463,3217.3139,,1,NORMAL
NK-68,2026-05-05 00:00:00,4.74,,4568.7853,3222.3034,,1,NORMAL
NK-68,2026-05-05 01:00:00,4.73,,4513.5229,3207.3349,,1,NORMAL
NK-68,2026-05-05 02:00:00,4.735,,4544.0646,3279.0021,,1,NORMAL
NK-68,2026-05-05 03:00:00,4.784,,4613.5546,3122.3321,,1,NORMAL
NK-68,2026-05-05 04:00:00,4.7333,,4514.8837,3218.8258,,1,NORMAL
NK-68,2026-05-05 05:00:00,4.73,,4604.3921,3269.9303,,1,NORMAL
NK-68,2026-05-05 06:00:00,4.73,,4443.1408,3223.6641,,1,NORMAL
NK-68,2026-05-05 07:00:00,4.74,,4548.6005,3332.5257,,1,NORMAL
NK-68,2026-05-05 09:00:00,4.74,,4537.4876,3258.3638,,1,NORMAL
NK-68,2026-05-05 10:00:00,4.74,,4595.3203,3296.9189,,1,NORMAL
NK-68,2026-05-05 11:00:00,4.74,,4618.1812,3174.5857,,1,NORMAL
NK-68,2026-05-05 12:00:00,4.74,,4553.4388,3239.0862,,1,NORMAL
NK-68,2026-05-05 13:00:00,4.74,,4647.7855,3294.8778,,1,NORMAL
NK-68,2026-05-05 14:00:00,4.73,,4618.3022,3176.4908,,1,NORMAL
NK-68,2026-05-05 15:00:00,4.74,,4575.9671,3250.2747,,1,NORMAL
NK-68,2026-05-05 16:00:00,4.7325,181091.9398,4593.9595,3296.6921,98.8714,1,NORMAL
NK-68,2026-05-05 17:00:00,4.7367,264092.9311,4663.2076,3192.6688,68.2917,1,NORMAL
NK-68,2026-05-05 19:00:00,4.74,217617.8923,4581.4858,3244.3025,66.1503,1,NORMAL
NK-68,2026-05-05 20:00:00,4.74,241279.8238,4622.5357,3189.4181,68.2642,1,NORMAL
NK-68,2026-05-05 21:00:00,4.73,261202.5633,4619.3606,3116.3901,68.9983,1,NORMAL
NK-68,2026-05-05 22:00:00,4.735,255229.5775,4612.1031,3259.2709,85.0401,1,NORMAL
NK-68,2026-05-05 23:00:00,4.735,253417.8059,4593.9595,3161.7491,71.2723,1,NORMAL
NK-68,2026-05-06 00:00:00,4.74,227783.026,4529.7765,3218.6746,68.2854,1,NORMAL
NK-68,2026-05-06 01:00:00,4.735,217701.9823,4551.0953,3213.4584,66.0017,1,NORMAL
NK-68,2026-05-06 02:00:00,4.735,249246.3845,4597.5882,3139.0696,68.2647,1,NORMAL
NK-68,2026-05-06 03:00:00,4.735,238042.7883,4562.435,3186.6965,68.1938,1,NORMAL
NK-68,2026-05-06 04:00:00,4.735,220022.4618,4539.5287,3257.003,68.1854,1,NORMAL
NK-68,2026-05-06 05:00:00,4.74,244761.6585,4588.7432,3178.3051,67.4702,1,NORMAL
NK-68,2026-05-06 06:00:00,4.74,247405.6429,4540.1335,3104.8236,68.7816,1,NORMAL
NK-68,2026-05-06 07:00:00,4.74,235590.1537,4582.393,3125.2351,66.4571,1,NORMAL
NK-68,2026-05-06 08:00:00,4.738,250143.5705,4637.5042,3179.6659,67.2327,1,NORMAL
NK-68,2026-05-06 09:00:00,4.7333,252474.9541,4603.6361,3168.3261,67.0324,1,NORMAL
NK-68,2026-05-06 10:00:00,4.7433,249709.1719,4570.2216,3168.175,66.998,1,NORMAL
NK-68,2026-05-06 11:00:00,4.73,256531.3663,4632.2425,3166.8747,68.3728,1,NORMAL
NK-68,2026-05-06 12:00:00,4.7367,251059.6568,4648.9951,3171.0477,66.4148,1,NORMAL
NK-68,2026-05-06 13:00:00,4.7367,257639.0344,4631.3051,3147.461,67.5503,1,NORMAL
NK-68,2026-05-06 14:00:00,4.7367,256173.1448,4621.4773,3093.3326,68.3034,1,NORMAL
NK-68,2026-05-06 15:00:00,4.7367,247229.1611,4561.6034,3158.8008,67.6155,1,NORMAL
NK-68,2026-05-06 16:00:00,4.7367,251162.3914,4598.0418,3159.4055,67.1625,1,NORMAL
NK-68,2026-05-06 17:00:00,4.7367,254366.5909,4642.0401,3152.7529,68.3424,1,NORMAL
NK-68,2026-05-06 18:00:00,4.74,256921.2096,4593.2035,3119.1872,68.2083,1,NORMAL
NK-68,2026-05-06 19:00:00,4.7367,253166.9462,4599.5538,3109.813,67.088,1,NORMAL
NK-68,2026-05-06 20:00:00,4.735,249329.3222,4588.0629,3110.7202,68.2438,1,NORMAL
NK-68,2026-05-06 21:00:00,4.735,254248.7599,4609.8352,3132.039,68.1914,1,NORMAL
NK-68,2026-05-06 22:00:00,4.74,254061.6928,4627.5252,3115.5585,67.0628,1,NORMAL
NK-68,2026-05-06 23:00:00,4.735,250564.569,4693.2957,3059.4646,67.2922,1,NORMAL
NK-68,2026-05-07 00:00:00,4.805,247150.276,4573.0944,3082.144,64.4146,1,NORMAL
NK-68,2026-05-07 01:00:00,4.74,245710.8226,4564.7786,3115.4073,67.3941,1,NORMAL
NK-68,2026-05-07 03:00:00,4.735,254977.3086,4607.1136,3088.0407,67.5229,1,NORMAL
NK-68,2026-05-07 04:00:00,4.745,248676.6549,4584.2073,3094.391,67.3959,1,NORMAL
NK-68,2026-05-07 05:00:00,4.74,257642.055,4581.7126,3107.9987,67.7034,1,NORMAL
NK-68,2026-05-07 06:00:00,4.73,265176.227,4592.2964,3095.9029,69.5624,1,NORMAL
NK-68,2026-05-07 07:00:00,4.7367,265816.6452,4586.0973,3098.9269,70.8891,1,NORMAL
NK-68,2026-05-07 08:00:00,4.7367,266333.7019,4652.9262,3095.147,70.8772,1,NORMAL
NK-68,2026-05-07 09:00:00,4.73,271096.8169,4592.9011,3086.8311,71.4688,1,NORMAL
NK-68,2026-05-07 10:00:00,4.7367,278794.7301,4612.8591,3092.123,70.9219,1,NORMAL
NK-68,2026-05-07 11:00:00,4.75,274098.9783,4643.552,3070.5019,71.0942,1,NORMAL
NK-68,2026-05-07 12:00:00,4.7367,275898.2478,4619.8142,3123.1183,73.2396,1,NORMAL
NK-68,2026-05-07 13:00:00,4.74,272253.0842,4637.9577,3159.8591,72.1902,1,NORMAL
NK-68,2026-05-07 14:00:00,4.736,273927.94,4606.3879,3139.0242,72.2597,1,NORMAL
NK-68,2026-05-07 15:00:00,4.74,265737.6763,4594.4131,3152.6773,72.1508,1,NORMAL
NK-68,2026-05-07 16:00:00,4.735,267195.0335,4586.0217,3119.1116,73.0685,1,NORMAL
NK-68,2026-05-07 17:00:00,4.76,268498.3894,4633.6486,3073.0723,70.6638,1,NORMAL
NK-68,2026-05-07 18:00:00,4.735,268427.8507,4647.7099,3135.2141,72.1407,1,NORMAL
NK-68,2026-05-07 19:00:00,4.735,261545.6085,4577.4035,3166.285,71.21,1,NORMAL
NK-68,2026-05-07 20:00:00,4.74,253778.9339,4559.2599,3150.6361,70.1543,1,NORMAL
NK-68,2026-05-07 21:00:00,2.365,141405.3424,2187.8914,1781.7015,15.0884,-1,ANOMALÍA
NK-68,2026-05-07 22:00:00,4.745,252467.0868,4557.8991,3144.2859,71.0255,1,NORMAL
NK-68,2026-05-07 23:00:00,4.745,242983.8664,4556.0848,3196.9023,70.1812,1,NORMAL
NK-68,2026-05-08 00:00:00,4.74,249244.7141,4521.3851,3147.461,68.4604,1,NORMAL
NK-68,2026-05-08 01:00:00,4.738,247189.4235,4602.1241,3169.4148,68.2662,1,NORMAL
NK-68,2026-05-08 02:00:00,4.74,236893.7073,4543.611,3212.0976,67.3613,1,NORMAL
NK-68,2026-05-08 03:00:00,4.7533,243637.4636,4547.9957,3203.555,67.8497,1,NORMAL
NK-68,2026-05-08 04:00:00,4.74,237609.4172,4535.4464,3139.2964,66.2563,1,NORMAL
NK-68,2026-05-08 06:00:00,4.74,237396.3232,4530.3662,3180.4824,67.8288,1,NORMAL
NK-68,2026-05-08 07:00:00,4.74,244381.8439,4533.9344,3204.4622,66.8771,1,NORMAL
NK-68,2026-05-08 08:00:00,4.7333,238754.4693,4554.7996,3190.7033,68.2002,1,NORMAL
NK-68,2026-05-08 09:00:00,4.73,235956.8806,4599.8562,3215.4995,66.2435,1,NORMAL
NK-68,2026-05-08 10:00:00,4.74,,4661.998,3050.3927,,1,NORMAL
NK-68,2026-05-08 11:00:00,4.73,232510.2723,4524.1067,3228.6536,66.3023,1,NORMAL
NK-68,2026-05-08 13:00:00,4.735,316718.2595,4702.8211,3043.5889,66.8241,1,NORMAL
NK-68,2026-05-08 14:00:00,4.74,236017.7282,4564.4762,3231.3752,67.9432,1,NORMAL
NK-68,2026-05-08 15:00:00,4.735,215764.1443,4603.9385,3373.3488,66.8945,1,NORMAL
NK-68,2026-05-08 16:00:00,4.735,232314.9522,4553.1364,3219.8086,68.1686,1,NORMAL
NK-68,2026-05-08 17:00:00,4.75,256421.5255,4558.8063,3158.3472,66.3584,1,NORMAL
NK-68,2026-05-08 18:00:00,4.74,226747.4316,4577.1767,3289.2079,65.1382,1,NORMAL
NK-68,2026-05-08 19:00:00,4.735,215284.1613,4555.6312,3282.404,64.2199,1,NORMAL
NK-68,2026-05-08 20:00:00,4.735,245277.9607,4611.8763,3139.0696,63.3789,1,NORMAL
NK-68,2026-05-08 21:00:00,4.74,243070.8454,4607.3404,3132.039,64.457,1,NORMAL
NK-68,2026-05-08 22:00:00,4.736,219409.559,4579.5354,3225.9321,64.6597,1,NORMAL
NK-68,2026-05-08 23:00:00,4.77,224859.421,4543.1574,3228.6536,64.7215,1,NORMAL
NK-68,2026-05-09 00:00:00,4.7333,258331.4314,4614.2199,3102.7068,66.2703,1,NORMAL
NK-68,2026-05-09 01:00:00,4.7367,235884.5899,4599.4026,3138.8428,65.0692,1,NORMAL
NK-68,2026-05-09 02:00:00,4.74,227535.1748,4631.9099,3224.1177,66.3199,1,NORMAL
NK-68,2026-05-09 03:00:00,4.7367,249232.17,4632.8171,3110.7202,66.4519,1,NORMAL
NK-68,2026-05-09 04:00:00,4.74,266479.5454,4682.8632,3021.363,68.3874,1,NORMAL
NK-68,2026-05-09 05:00:00,4.735,253354.0773,4596.2275,3076.4742,67.4269,1,NORMAL
NK-68,2026-05-09 06:00:00,4.74,262542.7047,4579.4446,3138.8428,68.0455,1,NORMAL
NK-68,2026-05-09 07:00:00,4.75,250681.9332,4568.3317,3091.4426,65.5454,1,NORMAL
NK-68,2026-05-09 08:00:00,4.735,263699.5354,4603.4849,3081.2369,68.2997,1,NORMAL
NK-68,2026-05-09 09:00:00,4.74,260046.1472,4576.4963,3095.7517,70.1545,1,NORMAL
NK-68,2026-05-09 10:00:00,4.735,257766.9247,4596.0007,3090.7623,69.3527,1,NORMAL
NK-68,2026-05-09 11:00:00,4.735,262528.1933,4659.2765,3095.0714,70.3007,1,NORMAL
NK-68,2026-05-09 12:00:00,4.74,253085.7668,4578.991,3122.7404,70.1067,1,NORMAL
NK-68,2026-05-09 13:00:00,4.735,269235.3708,4596.9079,3073.299,71.3059,1,NORMAL
NK-68,2026-05-09 14:00:00,4.73,272456.9705,4695.5637,3092.123,72.9284,1,NORMAL
NK-68,2026-05-09 15:00:00,4.735,272717.9447,4572.6408,3117.7509,72.0969,1,NORMAL
NK-68,2026-05-09 16:00:00,4.74,261441.652,4598.4954,3057.6502,71.0271,1,NORMAL
NK-68,2026-05-09 17:00:00,4.735,260041.2775,4593.5059,3180.1195,71.2517,1,NORMAL
NK-68,2026-05-09 18:00:00,4.734,259811.1316,4620.2677,3156.0792,72.1802,1,NORMAL
NK-68,2026-05-09 19:00:00,4.74,251949.6928,4547.8445,3159.4055,72.6633,1,NORMAL
NK-68,2026-05-09 20:00:00,4.74,244815.6103,4580.5786,3170.8209,70.9908,1,NORMAL
NK-68,2026-05-09 21:00:00,4.74,257756.1104,4560.6963,3103.9164,48.6786,1,NORMAL
NK-68,2026-05-09 22:00:00,4.7367,254588.4356,4595.7739,3142.9251,70.9172,1,NORMAL
NK-68,2026-05-09 23:00:00,4.7333,245653.4123,4539.6799,3148.0658,70.8128,1,NORMAL
NK-68,2026-05-10 00:00:00,4.735,249640.5628,4609.1548,3169.6869,70.061,1,NORMAL
NK-68,2026-05-10 01:00:00,4.7333,246620.7796,4526.5258,3138.8428,68.3423,1,NORMAL
NK-68,2026-05-10 02:00:00,4.7333,243923.1528,4572.3384,3164.5462,69.3167,1,NORMAL
NK-68,2026-05-10 03:00:00,4.7367,238999.4988,4559.7891,3164.0926,67.7315,1,NORMAL
NK-68,2026-05-10 04:00:00,4.7367,240387.7723,4580.2006,3193.2736,68.1836,1,NORMAL
NK-68,2026-05-10 05:00:00,4.728,238279.6546,4530.4569,3190.0078,68.8135,1,NORMAL
NK-68,2026-05-10 06:00:00,4.735,247571.2557,4544.2914,3103.6896,68.287,1,NORMAL
NK-68,2026-05-10 07:00:00,4.735,247774.8466,4560.3939,3090.0819,66.3798,1,NORMAL
NK-68,2026-05-10 08:00:00,4.73,236686.0913,4547.013,3140.884,67.0203,1,NORMAL
NK-68,2026-05-10 09:00:00,4.74,238625.621,4568.7853,3269.7035,68.9666,1,NORMAL
NK-68,2026-05-10 10:00:00,4.74,242380.0891,4559.4867,3152.9041,65.5977,1,NORMAL
NK-68,2026-05-10 11:00:00,4.74,242758.1507,4618.2266,3209.6028,67.3342,1,NORMAL
NK-68,2026-05-10 12:00:00,4.735,239146.1549,4547.4665,3255.1886,68.1875,1,NORMAL
NK-68,2026-05-10 13:00:00,4.735,232699.1413,4559.9403,3258.5906,67.3247,1,NORMAL
NK-68,2026-05-10 14:00:00,4.73,231900.0778,4562.2082,3230.2412,67.2133,1,NORMAL
NK-68,2026-05-10 15:00:00,4.7333,231654.8298,4538.7727,3165.3022,66.267,1,NORMAL
NK-68,2026-05-10 16:00:00,4.7367,235904.0319,4587.7605,3217.7675,68.2076,1,NORMAL
NK-68,2026-05-10 17:00:00,4.73,249198.0313,4557.6723,3151.0897,66.3951,1,NORMAL
NK-68,2026-05-10 19:00:00,4.735,295475.3205,4505.5095,3130.905,98.0188,1,NORMAL
NK-68,2026-05-10 20:00:00,4.735,257943.8877,4503.9219,3179.6659,79.0721,1,NORMAL
NK-68,2026-05-10 21:00:00,4.73,240221.5158,4528.6426,3137.0284,68.2663,1,NORMAL
NK-68,2026-05-10 22:00:00,4.735,227503.9425,4585.7949,3260.6317,67.116,1,NORMAL
NK-68,2026-05-10 23:00:00,4.735,241960.5883,4589.6504,3207.1081,66.3367,1,NORMAL
NK-68,2026-05-11 00:00:00,4.825,242484.635,4569.6925,3152.6773,64.5606,1,NORMAL
NK-68,2026-05-11 01:00:00,4.74,219054.1712,4522.4435,3335.8521,67.417,1,NORMAL
NK-68,2026-05-11 02:00:00,4.7367,231825.9195,4572.036,3193.8784,67.6143,1,NORMAL
NK-68,2026-05-11 03:00:00,4.74,258768.892,4609.5328,3096.5077,67.7423,1,NORMAL
NK-68,2026-05-11 04:00:00,4.74,236551.1099,4546.635,3172.2573,66.9843,1,NORMAL
NK-68,2026-05-11 05:00:00,4.7333,239491.9709,4543.1574,3186.9233,67.0203,1,NORMAL
NK-68,2026-05-11 06:00:00,4.74,238204.0227,4495.7119,3167.8726,68.1532,1,NORMAL
NK-68,2026-05-11 07:00:00,4.7333,229399.7095,4609.9864,3255.5666,66.1325,1,NORMAL
NK-68,2026-05-11 08:00:00,4.735,243530.2274,4605.7529,3169.9137,65.4061,1,NORMAL
NK-68,2026-05-11 09:00:00,4.7367,258021.9297,4588.5164,3114.9537,70.0117,1,NORMAL
NK-68,2026-05-11 10:00:00,4.7367,228629.1051,4507.3238,3311.207,68.0465,1,NORMAL
NK-68,2026-05-11 11:00:00,4.73,241997.1993,4599.1002,3199.0191,68.0338,1,NORMAL
NK-68,2026-05-11 12:00:00,4.7333,266578.3777,4554.346,3125.3863,67.7115,1,NORMAL
NK-68,2026-05-11 13:00:00,4.74,241752.6664,4525.4674,3155.928,66.9109,1,NORMAL
NK-68,2026-05-11 14:00:00,4.73,234437.1076,4558.3527,3241.8077,67.988,1,NORMAL
NK-68,2026-05-11 15:00:00,4.73,261199.2369,4657.2353,3200.3042,70.1277,1,NORMAL
NK-68,2026-05-11 16:00:00,4.73,243948.5776,4565.6101,3178.5319,66.5268,1,NORMAL
NK-68,2026-05-11 17:00:00,4.735,234330.3829,4534.0856,3178.3051,67.3001,1,NORMAL
NK-68,2026-05-11 18:00:00,4.74,248174.7265,4613.0103,3157.8936,68.3092,1,NORMAL
NK-68,2026-05-11 19:00:00,4.735,268996.1498,4599.4026,3048.3516,67.5782,1,NORMAL
NK-68,2026-05-11 20:00:00,4.74,247023.0335,4634.1022,3125.9155,67.4624,1,NORMAL
NK-68,2026-05-11 21:00:00,4.73,241483.4752,4584.1317,3130.0734,66.2999,1,NORMAL
NK-68,2026-05-11 22:00:00,4.74,244585.0057,4610.9691,3144.9663,66.953,1,NORMAL
NK-68,2026-05-11 23:00:00,4.796,244084.0527,4597.8604,3130.2246,64.251,1,NORMAL
NK-68,2026-05-12 00:00:00,4.74,249163.2948,4630.9271,3146.327,67.4636,1,NORMAL
NK-68,2026-05-12 01:00:00,4.735,244568.5537,4526.3746,3113.8953,67.3516,1,NORMAL
NK-68,2026-05-12 02:00:00,4.805,241665.1095,4618.2266,3143.3787,65.1799,1,NORMAL
NK-68,2026-05-12 03:00:00,4.735,256260.7652,4531.1373,3144.5127,68.2456,1,NORMAL
NK-68,2026-05-12 04:00:00,4.73,255948.1816,4574.0016,3092.5766,68.9719,1,NORMAL
NK-68,2026-05-12 05:00:00,4.74,259522.9963,4596.9079,3070.3507,69.1807,1,NORMAL
NK-68,2026-05-12 06:00:00,4.735,255148.3475,4579.2178,3129.9978,68.2628,1,NORMAL
NK-68,2026-05-12 07:00:00,4.735,256150.6565,4527.2818,3102.3288,69.2367,1,NORMAL
NK-68,2026-05-12 08:00:00,4.735,258424.1802,4545.4254,3143.1519,71.1733,1,NORMAL
NK-68,2026-05-12 09:00:00,4.745,258567.6216,4526.3746,3052.2071,70.2079,1,NORMAL
NK-68,2026-05-12 10:00:00,4.735,256517.2888,4610.062,3137.7088,71.1183,1,NORMAL
NK-68,2026-05-12 11:00:00,4.73,259377.5592,4581.7126,3064.6808,70.1921,1,NORMAL
NK-68,2026-05-12 12:00:00,4.74,264385.0161,4571.5068,3121.6064,70.4386,1,NORMAL
NK-68,2026-05-12 13:00:00,4.74,262144.3676,4656.7817,3143.1519,72.1265,1,NORMAL
NK-68,2026-05-12 14:00:00,4.825,254599.5412,4596.9079,3058.5574,65.8324,1,NORMAL
NK-68,2026-05-12 15:00:00,4.735,250101.14,4607.3404,3142.2447,70.1278,1,NORMAL
NK-68,2026-05-12 16:00:00,4.7367,286329.02,4581.1078,3075.6426,72.344,1,NORMAL
NK-68,2026-05-12 17:00:00,4.74,274191.1017,4565.6857,3077.9105,70.4327,1,NORMAL
NK-68,2026-05-12 18:00:00,4.74,269421.5043,4605.9041,3129.6198,69.593,1,NORMAL
NK-68,2026-05-12 19:00:00,4.74,271127.255,4647.9367,3180.5731,68.0884,1,NORMAL
NK-68,2026-05-12 20:00:00,4.7333,256985.4848,4607.8696,3077.1546,68.4054,1,NORMAL
NK-68,2026-05-12 21:00:00,4.7367,263164.7777,4608.3232,3128.1078,67.7823,1,NORMAL
NK-68,2026-05-12 22:00:00,4.74,248109.6129,4558.1259,3150.8629,68.0247,1,NORMAL
NK-68,2026-05-12 23:00:00,4.74,252525.2157,4572.6408,3145.8734,67.3191,1,NORMAL
NK-68,2026-05-13 00:00:00,4.74,245286.427,4555.858,3149.729,66.2813,1,NORMAL
NK-68,2026-05-13 01:00:00,4.735,246618.5792,4612.1031,3157.2132,66.3859,1,NORMAL
NK-68,2026-05-13 02:00:00,4.73,245259.9951,4530.4569,3190.5521,65.4,1,NORMAL
NK-68,2026-05-13 03:00:00,4.735,244417.2527,4537.4876,3160.8419,67.3135,1,NORMAL
NK-68,2026-05-13 04:00:00,4.74,244370.7377,4595.5471,3189.6449,66.2918,1,NORMAL
NK-68,2026-05-13 05:00:00,4.735,250720.9857,4576.4963,3202.5722,66.3048,1,NORMAL
NK-68,2026-05-13 06:00:00,4.735,244078.3929,4508.6846,3185.5626,67.4524,1,NORMAL
NK-68,2026-05-13 07:00:00,4.735,235105.7283,4575.8159,3276.7342,64.2186,1,NORMAL
NK-68,2026-05-13 08:00:00,4.74,267274.8747,4565.1566,3098.9269,68.3609,1,NORMAL
NK-68,2026-05-13 09:00:00,4.74,242666.6228,4537.7144,3200.7578,68.2986,1,NORMAL
NK-68,2026-05-13 10:00:00,4.73,241742.3815,4595.7739,3194.6344,66.4768,1,NORMAL
NK-68,2026-05-13 11:00:00,4.735,271917.2793,4561.0742,3127.0495,68.3834,1,NORMAL
NK-68,2026-05-13 12:00:00,4.74,233676.8708,4545.879,3202.3454,67.3817,1,NORMAL
NK-68,2026-05-13 13:00:00,4.74,241204.0121,4602.1241,3220.2622,66.2211,1,NORMAL
NK-68,2026-05-13 14:00:00,4.74,270817.0397,4621.4017,3117.5241,68.3607,1,NORMAL
NK-68,2026-05-13 15:00:00,4.7433,232563.5794,4571.8848,3228.956,65.6672,1,NORMAL
NK-68,2026-05-13 16:00:00,4.7367,235624.4697,4573.8504,3274.7686,68.1178,1,NORMAL
NK-68,2026-05-13 17:00:00,4.7367,274195.5946,4611.9519,3147.9146,67.7603,1,NORMAL
NK-68,2026-05-13 18:00:00,4.7533,239540.7795,4581.5614,3211.7196,66.9854,1,NORMAL
NK-68,2026-05-13 19:00:00,4.7367,234145.5402,4557.5211,3270.0815,66.7815,1,NORMAL
NK-68,2026-05-13 20:00:00,4.7367,265130.3341,4584.4341,3154.7184,67.6976,1,NORMAL
NK-68,2026-05-13 21:00:00,4.7367,239184.0688,4512.6157,3192.9712,67.5571,1,NORMAL
NK-68,2026-05-13 22:00:00,4.74,226352.1904,4608.928,3289.4347,66.6996,1,NORMAL
NK-68,2026-05-13 23:00:00,4.7367,250946.8499,4578.2351,3139.2964,66.4784,1,NORMAL
NK-68,2026-05-14 00:00:00,4.73,242208.7021,4634.7826,3149.729,68.1987,1,NORMAL
NK-68,2026-05-14 01:00:00,4.74,226396.644,4562.2082,3246.0412,66.8577,1,NORMAL
NK-68,2026-05-14 02:00:00,4.74,244794.6423,4582.1662,3220.9426,67.6509,1,NORMAL
NK-68,2026-05-14 03:00:00,4.74,258816.0772,4586.5509,3127.3519,67.69,1,NORMAL
NK-68,2026-05-14 04:00:00,4.74,232062.2539,4538.6215,3190.0985,68.1268,1,NORMAL
NK-68,2026-05-14 05:00:00,4.7367,226990.007,4549.6589,3276.4318,78.6182,1,NORMAL
NK-68,2026-05-14 06:00:00,4.734,262619.3065,4617.6369,3127.503,67.4647,1,NORMAL
NK-68,2026-05-14 07:00:00,4.74,241905.4302,4582.1662,3195.7683,68.1724,1,NORMAL
NK-68,2026-05-14 08:00:00,4.745,231242.6174,4592.5988,3225.4785,69.0613,1,NORMAL
NK-68,2026-05-14 09:00:00,4.73,252342.7727,4610.2888,3175.5836,71.9534,1,NORMAL
NK-68,2026-05-14 10:00:00,4.735,253737.6106,4500.0664,3136.8016,69.2157,1,NORMAL
NK-68,2026-05-14 11:00:00,4.7333,241052.9252,4577.6303,3212.6268,68.2626,1,NORMAL
NK-68,2026-05-14 12:00:00,4.7333,243269.1532,4629.0371,3231.6776,67.623,1,NORMAL
NK-68,2026-05-14 13:00:00,4.7333,275267.5726,4641.7377,3121.1528,67.2701,1,NORMAL
NK-68,2026-05-14 14:00:00,4.7333,245662.5485,4603.7873,3191.1568,68.2935,1,NORMAL
NK-68,2026-05-14 15:00:00,4.735,225159.566,4610.5156,3315.5161,67.0914,1,NORMAL
NK-68,2026-05-14 16:00:00,4.7367,255348.1621,4566.5929,3196.1463,68.3104,1,NORMAL
NK-68,2026-05-14 17:00:00,4.7333,249263.963,4611.1959,3153.8113,68.1221,1,NORMAL
NK-68,2026-05-14 18:00:00,4.73,243714.8391,4562.813,3183.8994,68.1998,1,NORMAL
NK-68,2026-05-14 19:00:00,4.74,246251.0252,4593.6571,3171.3501,67.0595,1,NORMAL
NK-68,2026-05-14 20:00:00,4.74,243977.4616,4544.367,3146.705,66.9309,1,NORMAL
NK-68,2026-05-14 21:00:00,4.7767,243982.6153,4553.1364,3142.0179,66.7718,1,NORMAL
NK-68,2026-05-14 22:00:00,4.7367,240365.3159,4529.0962,3103.3116,67.7345,1,NORMAL
NK-68,2026-05-14 23:00:00,4.79,238879.0705,4569.3145,3143.6811,65.2509,1,NORMAL
NK-68,2026-05-15 00:00:00,4.73,247065.2059,4603.4849,3185.7894,66.4451,1,NORMAL
NK-68,2026-05-15 01:00:00,4.73,246625.542,4515.2617,3159.7079,68.2108,1,NORMAL
NK-68,2026-05-15 02:00:00,4.735,253353.8846,4510.9525,3129.771,67.4673,1,NORMAL
NK-68,2026-05-15 03:00:00,4.74,243609.9351,4570.3728,3183.975,67.2872,1,NORMAL
NK-68,2026-05-15 04:00:00,4.735,249292.0281,4529.3229,3171.9549,68.1645,1,NORMAL
NK-68,2026-05-15 05:00:00,4.735,245639.1464,4613.2371,3127.503,66.3729,1,NORMAL
NK-68,2026-05-15 06:00:00,4.735,245479.58,4565.6101,3180.1195,67.2859,1,NORMAL
NK-68,2026-05-15 07:00:00,4.74,251414.377,4592.372,3162.2027,67.3544,1,NORMAL
NK-68,2026-05-15 08:00:00,4.7367,253233.3547,4577.1767,3152.7529,67.5439,1,NORMAL
NK-68,2026-05-15 09:00:00,4.736,252973.4548,4571.6429,3158.1657,68.4717,1,NORMAL
NK-68,2026-05-15 10:00:00,4.7367,253314.6198,4564.1738,3107.0915,65.8247,1,NORMAL
NK-68,2026-05-15 11:00:00,4.7367,258890.6404,4557.3699,3092.4254,67.7988,1,NORMAL
NK-68,2026-05-15 12:00:00,4.7367,257617.0953,4579.5958,3161.0687,67.0616,1,NORMAL
NK-68,2026-05-15 14:00:00,4.735,268517.8293,4576.2695,3140.884,71.365,1,NORMAL
NK-68,2026-05-15 15:00:00,4.74,260768.891,4550.6417,3171.2745,73.0516,1,NORMAL
NK-68,2026-05-15 16:00:00,4.74,258085.7108,4617.5462,3159.0276,71.2115,1,NORMAL
NK-68,2026-05-15 17:00:00,4.74,263908.0298,4591.0112,3164.4706,70.2873,1,NORMAL
NK-68,2026-05-15 18:00:00,4.735,252236.2475,4568.1049,3132.2657,68.4044,1,NORMAL
NK-68,2026-05-15 19:00:00,4.735,264780.2603,4655.8746,3101.8752,70.2292,1,NORMAL
NK-68,2026-05-15 20:00:00,4.74,255672.1491,4597.3614,3141.3375,67.5353,1,NORMAL
NK-68,2026-05-15 21:00:00,4.736,251022.2348,4608.7466,3164.0624,68.3708,1,NORMAL
NK-68,2026-05-15 22:00:00,4.736,251577.8528,4592.7802,3155.6256,67.8664,1,NORMAL
NK-68,2026-05-15 23:00:00,4.7333,258446.8715,4561.7546,3144.2859,68.9508,1,NORMAL
NK-68,2026-05-16 00:00:00,4.7333,258859.2051,4588.214,3139.9012,69.5514,1,NORMAL
NK-68,2026-05-16 01:00:00,4.74,263289.5499,4609.8352,3139.1452,68.2581,1,NORMAL
NK-68,2026-05-16 02:00:00,4.7367,247058.376,4533.3297,3142.6227,67.7266,1,NORMAL
NK-68,2026-05-16 03:00:00,4.7767,255088.3095,4556.0092,3112.5346,66.9151,1,NORMAL
NK-68,2026-05-16 04:00:00,4.7333,256630.255,4572.4896,3133.2485,68.2926,1,NORMAL
NK-68,2026-05-16 05:00:00,4.7267,247379.9015,4610.1376,3143.5299,66.9678,1,NORMAL
NK-68,2026-05-16 06:00:00,4.7667,248941.6288,4574.304,3136.4237,66.088,1,NORMAL
NK-68,2026-05-16 07:00:00,4.736,257088.4635,4614.5525,3091.5787,66.9144,1,NORMAL
NK-68,2026-05-16 08:00:00,4.736,227641.0818,4592.2359,3255.6876,53.9837,1,NORMAL
NK-68,2026-05-16 09:00:00,4.735,261554.8174,4610.9691,3203.2526,69.2152,1,NORMAL
NK-68,2026-05-16 10:00:00,4.74,260245.0917,4587.1557,3111.4006,69.1539,1,NORMAL
NK-68,2026-05-16 11:00:00,4.8,260376.8153,4558.1259,3091.8962,67.4616,1,NORMAL
NK-68,2026-05-16 12:00:00,4.78,265922.4445,4597.5882,3068.9899,66.9575,1,NORMAL
NK-68,2026-05-16 13:00:00,4.735,264906.813,4603.2581,3103.236,67.4736,1,NORMAL
NK-68,2026-05-16 14:00:00,4.73,265161.8245,4610.062,3115.0293,68.9775,1,NORMAL
NK-68,2026-05-16 15:00:00,4.735,265887.2674,4566.5173,3147.0074,67.4727,1,NORMAL
NK-68,2026-05-16 16:00:00,4.735,262306.99,4595.0935,3138.616,67.6368,1,NORMAL
NK-68,2026-05-16 17:00:00,4.73,264343.6933,4576.4963,3108.6791,67.4641,1,NORMAL
NK-68,2026-05-16 18:00:00,4.74,261118.0093,4655.1942,3126.5959,67.8082,1,NORMAL
NK-68,2026-05-16 19:00:00,4.736,263153.8571,4612.6474,3127.3216,67.9996,1,NORMAL
NK-68,2026-05-16 20:00:00,4.7367,257513.0653,4570.6752,3114.6513,68.2592,1,NORMAL
NK-68,2026-05-16 21:00:00,4.74,261532.0541,4569.0121,3083.5048,67.688,1,NORMAL
NK-68,2026-05-16 22:00:00,4.7333,253866.6231,4571.1288,3113.1394,67.6248,1,NORMAL
NK-68,2026-05-16 23:00:00,4.732,260659.7842,4633.5126,3113.9861,69.4079,1,NORMAL
NK-68,2026-05-17 00:00:00,4.74,255666.473,4554.346,3112.3834,68.3818,1,NORMAL
NK-68,2026-05-17 01:00:00,4.7333,257328.1263,4565.6857,3132.9461,68.2368,1,NORMAL
NK-68,2026-05-17 02:00:00,4.735,259232.313,4664.4928,3106.6379,69.2643,1,NORMAL
NK-68,2026-05-17 03:00:00,4.7333,254432.613,4585.1901,3111.9298,67.5428,1,NORMAL
NK-68,2026-05-17 04:00:00,4.7367,254882.0484,4586.0973,3147.0074,66.9703,1,NORMAL
NK-68,2026-05-17 05:00:00,4.7367,260414.2047,4551.4733,3100.4388,67.2055,1,NORMAL
NK-68,2026-05-17 06:00:00,4.725,264311.7182,4524.3335,3092.8034,68.013,1,NORMAL
NK-68,2026-05-17 07:00:00,4.73,267818.5805,4597.5882,3124.1011,67.4296,1,NORMAL
NK-68,2026-05-17 08:00:00,4.74,262207.5428,4572.414,3087.1335,66.5842,1,NORMAL
NK-68,2026-05-17 09:00:00,4.74,258761.2857,4522.5191,3118.4313,68.3081,1,NORMAL
NK-68,2026-05-17 10:00:00,4.73,271504.6017,4626.1644,3109.3594,67.5147,1,NORMAL
NK-68,2026-05-17 11:00:00,4.735,267101.1713,4595.5471,3104.5968,67.4948,1,NORMAL
NK-68,2026-05-17 12:00:00,4.735,265730.0101,4598.949,3096.6589,68.3107,1,NORMAL
NK-68,2026-05-17 13:00:00,4.735,271164.9148,4632.9683,3141.7911,68.5145,1,NORMAL
NK-68,2026-05-17 14:00:00,4.732,269078.4085,4659.2765,3112.8975,68.2607,1,NORMAL
NK-68,2026-05-17 15:00:00,4.73,268710.6114,4598.3442,3135.3653,67.1238,1,NORMAL
NK-68,2026-05-17 16:00:00,4.7333,267225.781,4644.9128,3127.8054,68.2517,1,NORMAL
NK-68,2026-05-17 17:00:00,4.7667,263368.6043,4608.172,3111.1738,67.5061,1,NORMAL
NK-68,2026-05-17 18:00:00,4.7333,265158.8511,4617.395,3114.0465,67.1339,1,NORMAL
NK-68,2026-05-17 19:00:00,4.7367,266421.1022,4594.4131,3108.6035,68.4598,1,NORMAL
NK-68,2026-05-17 20:00:00,4.7367,269298.4711,4638.2601,3170.8965,67.7442,1,NORMAL
NK-68,2026-05-17 21:00:00,4.74,221626.0794,4536.3536,3280.2117,77.6321,1,NORMAL
NK-68,2026-05-17 22:00:00,4.744,258458.8067,4636.8691,3124.9629,68.4471,1,NORMAL
NK-68,2026-05-17 23:00:00,4.732,258812.6872,4575.6345,3140.9293,68.6359,1,NORMAL
NK-68,2026-05-18 00:00:00,4.734,259052.8939,4568.9214,3117.7055,68.3792,1,NORMAL
NK-68,2026-05-18 01:00:00,4.735,252110.1512,4574.6819,3130.2246,67.5093,1,NORMAL
NK-68,2026-05-18 02:00:00,4.74,261117.9633,4604.1653,3174.2228,69.3917,1,NORMAL
NK-68,2026-05-18 03:00:00,4.74,259800.2251,4611.6495,3140.6572,68.4785,1,NORMAL
NK-68,2026-05-18 04:00:00,4.74,258487.3847,4566.7441,3093.9374,68.1429,1,NORMAL
NK-68,2026-05-18 05:00:00,4.74,261150.0505,4557.6723,3116.6169,67.5468,1,NORMAL
NK-68,2026-05-18 06:00:00,4.735,269047.8236,4607.794,3137.2552,70.0061,1,NORMAL
NK-68,2026-05-18 07:00:00,4.735,256980.1386,4622.7625,3151.7701,68.3762,1,NORMAL
NK-68,2026-05-18 08:00:00,4.74,257928.3256,4500.0664,3080.7833,67.5208,1,NORMAL
NK-68,2026-05-18 09:00:00,4.735,267050.1447,4619.3606,3121.1528,68.3389,1,NORMAL
NK-68,2026-05-18 10:00:00,4.74,270034.4731,4614.5979,3116.1633,67.4065,1,NORMAL
NK-68,2026-05-18 11:00:00,4.7367,270547.2229,4639.1673,3090.0063,67.7898,1,NORMAL
NK-68,2026-05-18 12:00:00,4.74,265183.3888,4618.907,3108.1499,67.1771,1,NORMAL
NK-68,2026-05-18 13:00:00,4.7367,269796.3523,4626.7692,3126.5959,68.8928,1,NORMAL
NK-68,2026-05-18 14:00:00,4.74,269986.3,4589.5143,3136.7563,68.3227,1,NORMAL
NK-68,2026-05-18 15:00:00,4.74,268148.6314,4631.1539,3130.0734,68.4371,1,NORMAL
NK-68,2026-05-18 16:00:00,4.74,260533.237,4654.9674,3147.9146,67.5045,1,NORMAL
NK-68,2026-05-18 17:00:00,4.735,266856.6286,4568.3317,3109.5862,68.3886,1,NORMAL
NK-68,2026-05-18 18:00:00,4.735,264450.982,4676.0593,3113.6686,67.455,1,NORMAL
NK-68,2026-05-18 19:00:00,4.795,264384.7242,4571.5068,3102.3288,65.3444,1,NORMAL
NK-68,2026-05-18 20:00:00,4.74,259709.7934,4582.6198,3110.947,67.1688,1,NORMAL
NK-68,2026-05-18 21:00:00,4.74,257842.7005,4569.0121,3122.2868,66.3706,1,NORMAL
NK-68,2026-05-18 22:00:00,4.735,256548.2692,4629.1127,3083.278,67.2571,1,NORMAL
NK-68,2026-05-18 23:00:00,4.74,265817.0266,4562.435,3107.9987,67.3825,1,NORMAL
NK-68,2026-05-19 00:00:00,4.735,258964.1171,4654.5138,3090.3087,67.3515,1,NORMAL
NK-68,2026-05-19 01:00:00,4.74,260598.2652,4589.1968,3126.3691,67.5273,1,NORMAL
NK-68,2026-05-19 02:00:00,4.74,256802.0238,4605.9797,3148.1414,67.1909,1,NORMAL
NK-68,2026-05-19 03:00:00,4.73,263977.4025,4633.6486,3101.8752,68.3858,1,NORMAL
NK-68,2026-05-19 04:00:00,4.735,266033.4383,4577.4035,3079.4225,66.5647,1,NORMAL
NK-68,2026-05-19 05:00:00,4.7333,262724.2064,4597.8906,3103.7652,68.1218,1,NORMAL
NK-68,2026-05-19 06:00:00,4.735,262447.5912,4668.1215,3078.5153,67.3432,1,NORMAL
NK-68,2026-05-19 07:00:00,4.735,263142.8289,4637.0506,3117.7509,67.4879,1,NORMAL
NK-68,2026-05-19 08:00:00,4.7367,271433.2423,4564.9298,3081.3881,67.7822,1,NORMAL
NK-68,2026-05-19 09:00:00,4.7367,263909.2476,4621.3261,3087.1335,68.2543,1,NORMAL
NK-68,2026-05-19 10:00:00,4.7333,261473.3868,4589.1212,3057.499,67.1974,1,NORMAL
NK-68,2026-05-19 11:00:00,4.7333,267230.2644,4636.4458,3105.2771,66.9541,1,NORMAL
NK-68,2026-05-19 12:00:00,4.738,269942.7584,4601.852,3060.281,66.9209,1,NORMAL
NK-68,2026-05-19 13:00:00,4.774,268363.6842,4627.0716,3106.8193,65.8044,1,NORMAL
NK-68,2026-05-19 14:00:00,4.7367,268879.6416,4608.3232,3116.6169,68.2123,1,NORMAL
NK-68,2026-05-19 15:00:00,4.7367,265692.9853,4614.2199,3110.569,67.2179,1,NORMAL
NK-68,2026-05-19 16:00:00,4.7367,268820.1263,4627.8276,3091.6694,68.9418,1,NORMAL
NK-68,2026-05-19 17:00:00,4.7367,268468.3728,4625.106,3096.3565,68.6399,1,NORMAL
NK-68,2026-05-19 18:00:00,4.738,265638.7824,4588.8793,3117.7055,68.3862,1,NORMAL
NK-68,2026-05-19 19:00:00,4.7325,265941.0594,4544.9718,3092.123,68.2748,1,NORMAL
NK-68,2026-05-19 20:00:00,4.74,266688.7284,4673.5646,3105.5039,68.4285,1,NORMAL
NK-68,2026-05-19 21:00:00,4.735,211283.7271,4532.0445,3359.5143,39.0288,1,NORMAL
NK-68,2026-05-19 22:00:00,4.735,268994.8679,4570.5996,3118.658,69.4044,1,NORMAL
NK-68,2026-05-19 23:00:00,4.73,263474.912,4552.0024,3049.2588,67.3653,1,NORMAL
NK-68,2026-05-20 00:00:00,4.735,261834.1974,4619.8142,3153.1309,69.2231,1,NORMAL
NK-68,2026-05-20 01:00:00,4.735,255049.5423,4545.1986,3107.9987,68.3516,1,NORMAL
NK-68,2026-05-20 02:00:00,4.73,265124.4901,4619.8142,3105.9575,67.0648,1,NORMAL
NK-68,2026-05-20 03:00:00,4.73,260178.3983,4559.2599,3117.9777,68.2789,1,NORMAL
NK-68,2026-05-20 04:00:00,4.7375,260045.4949,4622.4223,3102.102,67.5273,1,NORMAL
NK-68,2026-05-20 05:00:00,4.7367,265914.2555,4622.9893,3086.6799,66.9721,1,NORMAL
NK-68,2026-05-20 06:00:00,4.74,257954.0802,4578.5375,3067.478,68.3496,1,NORMAL
NK-68,2026-05-20 07:00:00,4.74,261908.2795,4589.8772,3150.6361,68.3212,1,NORMAL
NK-68,2026-05-20 08:00:00,4.7367,264456.994,4634.9338,3122.816,68.4705,1,NORMAL
NK-68,2026-05-20 09:00:00,4.734,269378.031,4614.2804,3050.6649,66.5466,1,NORMAL
NK-68,2026-05-20 10:00:00,4.7367,271557.4967,4596.5299,3076.0962,67.8221,1,NORMAL
NK-68,2026-05-20 11:00:00,4.7367,265122.5218,4576.4207,3111.7786,68.257,1,NORMAL
NK-68,2026-05-20 12:00:00,4.74,266264.1867,4593.9595,3106.4867,67.7996,1,NORMAL
NK-68,2026-05-20 13:00:00,4.7367,266909.1437,4636.7482,3136.2725,67.8094,1,NORMAL
NK-68,2026-05-20 14:00:00,4.7367,270075.4824,4542.4015,3103.9164,67.0045,1,NORMAL
NK-68,2026-05-20 15:00:00,4.7367,269749.4185,4644.9128,3092.879,67.1351,1,NORMAL
NK-68,2026-05-20 16:00:00,4.736,270538.7883,4588.7886,3060.916,68.4279,1,NORMAL
NK-68,2026-05-20 17:00:00,4.7533,267800.4121,4563.4178,3104.8236,66.6034,1,NORMAL
NK-68,2026-05-20 18:00:00,4.7367,265017.8147,4606.8112,3109.5106,68.362,1,NORMAL
NK-68,2026-05-20 19:00:00,4.74,267135.9094,4669.9358,3110.2666,67.4979,1,NORMAL
NK-68,2026-05-20 20:00:00,4.725,268045.3604,4657.2353,3165.8314,68.4183,1,NORMAL
NK-68,2026-05-20 21:00:00,4.74,267984.0461,4571.0532,3103.0092,69.1919,1,NORMAL
NK-68,2026-05-20 22:00:00,4.735,266800.4601,4601.8973,3043.5889,67.4487,1,NORMAL
NK-68,2026-05-20 23:00:00,4.735,259844.5402,4676.5129,3087.1335,67.4019,1,NORMAL
NK-68,2026-05-21 00:00:00,4.735,259590.3481,4578.3107,3107.5451,67.3091,1,NORMAL
NK-68,2026-05-21 01:00:00,4.74,263345.8941,4637.2018,3098.4733,66.4816,1,NORMAL
NK-68,2026-05-21 02:00:00,4.7367,264864.2058,4567.3489,3095.147,66.524,1,NORMAL
NK-68,2026-05-21 03:00:00,4.74,268784.2082,4611.0447,3049.3344,67.7875,1,NORMAL
NK-68,2026-05-21 04:00:00,4.74,267727.205,4598.193,3084.8656,67.7121,1,NORMAL
NK-68,2026-05-21 05:00:00,4.78,261426.8165,4604.5433,3106.3355,65.1448,1,NORMAL
NK-68,2026-05-21 06:00:00,4.7367,267502.7475,4645.9712,3081.5393,67.9245,1,NORMAL
NK-68,2026-05-21 07:00:00,4.7333,267920.5961,4610.1376,3046.008,67.0666,1,NORMAL
NK-68,2026-05-21 08:00:00,4.736,263732.2395,4625.8015,3126.1423,68.1523,1,NORMAL
NK-68,2026-05-21 09:00:00,4.734,274503.6544,4624.8944,3040.9581,65.9319,1,NORMAL
NK-68,2026-05-21 10:00:00,4.7633,272852.0459,4628.7348,3091.9718,67.0112,1,NORMAL
NK-68,2026-05-21 11:00:00,4.9067,274823.8111,4681.8048,3037.6922,64.0482,1,NORMAL
NK-68,2026-05-21 12:00:00,4.985,265760.5224,4688.7598,3060.5985,64.1513,1,NORMAL
NK-68,2026-05-21 13:00:00,4.98,262296.8998,4665.1731,3022.9506,65.5166,1,NORMAL
NK-68,2026-05-21 14:00:00,4.98,271658.8386,4698.512,3065.8148,65.2405,1,NORMAL
NK-68,2026-05-21 15:00:00,4.99,264879.0118,4644.5348,3063.0933,65.2638,1,NORMAL
NK-68,2026-05-21 17:00:00,4.99,268321.2569,4657.9157,3020.7582,63.0154,1,NORMAL
NK-68,2026-05-21 18:00:00,4.985,269309.3115,4665.3999,3024.9917,63.6363,1,NORMAL
NK-68,2026-05-21 19:00:00,4.98,260708.9031,4667.2143,3117.5241,63.3287,1,NORMAL
NK-68,2026-05-21 20:00:00,4.98,259896.0823,4682.8632,3085.7728,64.2967,1,NORMAL
NK-68,2026-05-21 21:00:00,4.982,266997.4983,4612.5567,3089.4015,64.7822,1,NORMAL
NK-68,2026-05-21 22:00:00,5.0167,263534.1007,4685.1311,3044.3449,63.3421,1,NORMAL
NK-68,2026-05-21 23:00:00,4.9867,259302.0579,4629.1883,3081.6905,65.5164,1,NORMAL
NK-68,2026-05-22 00:00:00,4.98,264100.2722,4668.3483,3104.6724,64.2104,1,NORMAL
NK-68,2026-05-22 01:00:00,4.9867,257935.9603,4634.4802,3108.6035,64.9376,1,NORMAL
NK-68,2026-05-22 02:00:00,4.98,262403.9423,4613.3127,3068.6875,64.9119,1,NORMAL
NK-68,2026-05-22 03:00:00,4.9867,263069.6773,4638.1089,3082.7488,64.3874,1,NORMAL
NK-68,2026-05-22 04:00:00,4.9867,258209.8049,4590.9356,3084.2608,64.3518,1,NORMAL
NK-68,2026-05-22 05:00:00,4.9833,259644.8598,4673.0354,3098.7757,64.8036,1,NORMAL
NK-68,2026-05-22 06:00:00,4.985,264841.3892,4658.1425,3113.6686,64.1642,1,NORMAL
NK-68,2026-05-22 07:00:00,4.98,265655.2577,4713.9341,3013.4252,64.2398,1,NORMAL
NK-68,2026-05-22 08:00:00,4.98,267967.4203,4639.9989,3114.3489,65.4456,1,NORMAL
NK-68,2026-05-22 09:00:00,4.985,260075.5822,4667.6679,3165.6046,64.4093,1,NORMAL
NK-68,2026-05-22 10:00:00,5.065,259540.8063,4675.6057,3090.5355,61.3206,1,NORMAL
NK-68,2026-05-22 11:00:00,4.99,266382.92,4598.2686,3098.4733,64.12,1,NORMAL
NK-68,2026-05-22 12:00:00,4.98,268411.4254,4722.0987,3028.3936,64.2605,1,NORMAL
NK-68,2026-05-22 13:00:00,4.98,263953.4883,4612.1031,3032.2492,64.2752,1,NORMAL
NK-68,2026-05-22 14:00:00,4.98,268373.4994,4609.6084,3015.0127,64.4992,1,NORMAL
NK-68,2026-05-22 15:00:00,4.985,266851.142,4656.1013,3090.3087,64.4072,1,NORMAL
NK-68,2026-05-22 16:00:00,4.985,261424.5299,4704.4087,3054.2483,63.2004,1,NORMAL
NK-68,2026-05-22 17:00:00,4.99,268551.6435,4653.153,3034.9707,64.2483,1,NORMAL
NK-68,2026-05-22 18:00:00,4.98,267822.7416,4683.3167,2968.8977,65.0219,1,NORMAL
NK-68,2026-05-22 19:00:00,4.9767,270336.6494,4662.6028,3076.8522,64.8835,1,NORMAL
NK-68,2026-05-22 20:00:00,4.9833,269872.0276,4708.2642,3099.0781,65.2729,1,NORMAL
NK-68,2026-05-22 21:00:00,4.986,264352.2004,4676.15,3018.5507,65.0047,1,NORMAL
NK-68,2026-05-22 22:00:00,4.9833,266635.7679,4674.3961,3008.0577,64.2635,1,NORMAL
NK-68,2026-05-22 23:00:00,4.9833,262945.3331,4698.89,3032.5515,64.8781,1,NORMAL
NK-68,2026-05-23 00:00:00,4.986,260686.5685,4669.2555,3095.4796,65.0891,1,NORMAL
NK-68,2026-05-23 01:00:00,4.98,265714.7234,4602.3056,3077.971,63.7869,1,NORMAL
NK-68,2026-05-23 02:00:00,4.98,266288.6071,4594.4131,3045.5545,65.0705,1,NORMAL
NK-68,2026-05-23 03:00:00,4.984,263125.0297,4602.3963,3093.3024,63.7946,1,NORMAL
NK-68,2026-05-23 04:00:00,4.98,264180.3258,4623.1405,3066.8732,64.2759,1,NORMAL
NK-68,2026-05-23 05:00:00,4.975,259462.7145,4578.991,3085.7728,63.9483,1,NORMAL
NK-68,2026-05-23 06:00:00,4.986,265668.9365,4647.3924,3057.2873,63.1955,1,NORMAL
NK-68,2026-05-23 07:00:00,4.985,265728.954,4687.6259,3114.3489,62.1185,1,NORMAL
NK-68,2026-05-23 08:00:00,4.98,263632.1292,4775.6979,3054.4751,62.1032,1,NORMAL
NK-68,2026-05-23 09:00:00,4.98,264918.165,4624.5768,3036.3315,64.144,1,NORMAL
NK-68,2026-05-23 10:00:00,4.98,268578.695,4672.2038,3069.4435,64.3616,1,NORMAL
NK-68,2026-05-23 11:00:00,4.985,273698.2659,4767.6845,3033.6099,64.5829,1,NORMAL
NK-68,2026-05-23 12:00:00,4.98,271683.4288,4671.7502,3065.3612,64.2716,1,NORMAL
NK-68,2026-05-23 13:00:00,4.975,269994.7517,4727.5418,3089.8551,65.1966,1,NORMAL
NK-68,2026-05-23 14:00:00,4.98,266759.9435,4677.0572,3093.3024,64.2396,1,NORMAL
NK-68,2026-05-23 15:00:00,4.99,268263.7907,4700.8556,3062.4885,63.6897,1,NORMAL
NK-68,2026-05-23 16:00:00,4.9767,276254.0135,4668.0459,3069.7459,67.0781,1,NORMAL
NK-68,2026-05-23 17:00:00,4.9867,261809.3501,4603.4849,3100.2876,64.8599,1,NORMAL
NK-68,2026-05-23 18:00:00,4.98,270291.6919,4657.0085,3100.2876,64.8997,1,NORMAL
NK-68,2026-05-23 19:00:00,4.98,263609.9058,4668.5751,3112.5346,63.514,1,NORMAL
NK-68,2026-05-23 20:00:00,4.98,271326.7535,4604.6189,3042.0013,64.3709,1,NORMAL
NK-68,2026-05-23 21:00:00,4.975,264316.3927,4645.2152,3077.1546,65.3601,1,NORMAL
NK-68,2026-05-23 22:00:00,4.985,261038.7838,4600.5366,3023.4041,63.2612,1,NORMAL
NK-68,2026-05-23 23:00:00,4.985,254976.5352,4588.2896,3063.7737,64.1376,1,NORMAL
NK-68,2026-05-24 00:00:00,4.98,240395.8069,4689.4402,3109.5862,64.26,1,NORMAL
NK-68,2026-05-24 01:00:00,4.985,255481.5088,4681.956,3085.3192,63.2281,1,NORMAL
NK-68,2026-05-24 02:00:00,4.98,266568.9633,4683.3167,3012.7448,66.2768,1,NORMAL
NK-68,2026-05-24 03:00:00,4.98,262856.6965,4666.9875,3081.2369,65.2901,1,NORMAL
NK-68,2026-05-24 04:00:00,4.975,255657.1511,4639.9989,3120.4724,64.1698,1,NORMAL
NK-68,2026-05-24 05:00:00,4.985,256633.3829,4694.8833,3058.5574,64.2655,1,NORMAL
NK-68,2026-05-24 06:00:00,4.9833,263873.8466,4643.0984,3108.7547,63.5615,1,NORMAL
NK-68,2026-05-24 07:00:00,4.99,258967.7449,4630.9271,3020.9094,63.3056,1,NORMAL
NK-68,2026-05-24 08:00:00,4.99,264315.2505,4576.2695,3005.4873,63.4611,1,NORMAL
NK-68,2026-05-24 09:00:00,4.98,275644.4962,4647.4831,3046.764,63.2925,1,NORMAL
NK-68,2026-05-24 10:00:00,4.98,264714.5888,4669.5579,3081.6905,64.9416,1,NORMAL
NK-68,2026-05-24 11:00:00,4.9833,267390.9373,4655.1942,3085.6216,63.7128,1,NORMAL
NK-68,2026-05-24 12:00:00,4.9833,263317.15,4679.2344,3099.2293,64.9838,1,NORMAL
NK-68,2026-05-24 13:00:00,4.98,266314.8868,4686.4919,3109.9038,65.0685,1,NORMAL
NK-68,2026-05-24 14:00:00,4.98,261911.9445,4668.439,3102.2834,64.2628,1,NORMAL
NK-68,2026-05-24 15:00:00,4.9833,264272.7172,4679.9904,3091.2159,64.3699,1,NORMAL
NK-68,2026-05-24 16:00:00,4.99,263175.3005,4688.911,3090.1575,64.9674,1,NORMAL
NK-68,2026-05-24 17:00:00,4.98,270286.3292,4652.6238,3086.6799,65.6598,1,NORMAL
NK-68,2026-05-24 18:00:00,4.98,267449.1232,4643.4008,3108.7547,64.4089,1,NORMAL
NK-68,2026-05-24 19:00:00,4.9833,262654.454,4666.3827,3067.9316,65.0335,1,NORMAL
NK-68,2026-05-24 20:00:00,4.9833,256423.4917,4763.9046,3073.677,64.2988,1,NORMAL
NK-68,2026-05-24 21:00:00,4.98,261567.0106,4665.6267,3052.9631,62.9425,1,NORMAL
NK-68,2026-05-24 22:00:00,4.98,259960.4508,4652.4726,3062.6397,64.2216,1,NORMAL
NK-68,2026-05-24 23:00:00,5.016,263261.5282,4609.9259,3043.7703,62.8631,1,NORMAL
NK-68,2026-05-25 00:00:00,4.985,256379.3679,4631.6075,3104.37,65.4454,1,NORMAL
NK-68,2026-05-25 01:00:00,4.985,268911.718,4621.1749,3013.652,62.5714,1,NORMAL
NK-68,2026-05-25 02:00:00,4.985,259637.9792,4597.3614,3155.8524,65.5186,1,NORMAL
NK-68,2026-05-25 03:00:00,4.9833,256387.0721,4661.5444,3056.2894,64.1699,1,NORMAL
NK-68,2026-05-25 04:00:00,4.98,258278.0838,4651.3387,3060.5985,65.3384,1,NORMAL
NK-68,2026-05-25 05:00:00,4.98,255426.728,4586.0217,3070.5775,67.2453,1,NORMAL
NK-68,2026-05-25 06:00:00,4.98,261289.3353,4698.512,3051.2999,66.1358,1,NORMAL
NK-68,2026-05-25 07:00:00,4.99,275925.6927,4672.4306,2973.5092,64.5192,1,NORMAL
NK-68,2026-05-25 08:00:00,4.98,266439.1448,4691.179,3172.2573,57.8096,1,NORMAL
NK-68,2026-05-25 09:00:00,4.9867,272012.1016,4625.106,3036.9362,65.2842,1,NORMAL
NK-68,2026-05-25 10:00:00,4.9833,263197.1251,4617.6974,3134.1557,64.9703,1,NORMAL
NK-68,2026-05-25 11:00:00,4.98,266251.7298,4699.011,3156.8957,65.4566,1,NORMAL
NK-68,2026-05-25 12:00:00,5.0233,267249.0105,4626.3156,3069.4435,63.4068,1,NORMAL
NK-68,2026-05-25 13:00:00,4.9867,269855.6921,4728.5246,3044.0425,64.3381,1,NORMAL
NK-68,2026-05-25 14:00:00,4.99,266316.0625,4704.6355,3104.37,63.7334,1,NORMAL
NK-68,2026-05-25 15:00:00,4.9833,265720.8389,4647.6343,3074.5842,65.6396,1,NORMAL
NK-68,2026-05-25 16:00:00,4.9867,265578.4405,4756.0423,3076.701,63.7175,1,NORMAL
NK-68,2026-05-25 17:00:00,4.9833,264524.7712,4695.2613,3083.0512,64.2745,1,NORMAL
NK-68,2026-05-25 18:00:00,4.9833,269265.1447,4654.8918,3113.2906,64.387,1,NORMAL
NK-68,2026-05-25 19:00:00,4.98,260950.09,4711.2881,3055.987,65.5484,1,NORMAL
NK-68,2026-05-25 20:00:00,4.985,263518.3599,4655.8746,3097.3393,65.1047,1,NORMAL
NK-68,2026-05-25 21:00:00,4.98,259376.6263,4642.7204,3096.4321,32.3793,1,NORMAL
NK-68,2026-05-25 22:00:00,4.985,258685.1129,4624.5768,3083.9584,64.281,1,NORMAL
NK-68,2026-05-25 23:00:00,4.98,262177.3357,4687.3991,3073.299,63.0874,1,NORMAL
NK-68,2026-05-26 00:00:00,4.98,265859.2654,4662.4516,3078.0617,66.6405,1,NORMAL
NK-68,2026-05-26 01:00:00,4.99,265072.696,4636.1434,3100.0609,63.1768,1,NORMAL
NK-68,2026-05-26 02:00:00,4.99,263174.3478,4605.4505,3031.342,64.0745,1,NORMAL
NK-68,2026-05-26 03:00:00,4.98,268377.1293,4633.1195,3043.5889,64.3566,1,NORMAL
NK-68,2026-05-26 04:00:00,4.98,261101.7056,4545.879,3041.7745,65.0888,1,NORMAL
NK-68,2026-05-26 05:00:00,4.9833,259379.9991,4606.8112,2998.6835,62.8674,1,NORMAL
NK-68,2026-05-26 06:00:00,4.98,271412.9421,4646.2736,3072.0139,65.5556,1,NORMAL
NK-68,2026-05-26 07:00:00,4.98,268860.5297,4637.2018,3066.2684,65.4821,1,NORMAL
NK-68,2026-05-26 08:00:00,4.9833,274167.5707,4730.4901,3086.8311,64.3896,1,NORMAL
NK-68,2026-05-26 09:00:00,4.98,274019.3848,4649.1463,3035.5755,65.0128,1,NORMAL
NK-68,2026-05-26 10:00:00,4.9833,277064.1573,4708.113,3086.3776,63.3322,1,NORMAL
NK-68,2026-05-26 11:00:00,4.985,276156.3666,4697.378,3091.2159,63.3569,1,NORMAL
NK-68,2026-05-26 12:00:00,4.985,276947.1435,4713.2537,3090.9891,64.3585,1,NORMAL
NK-68,2026-05-26 13:00:00,4.98,272144.3989,4650.4315,3081.2369,65.3239,1,NORMAL
NK-68,2026-05-26 14:00:00,4.985,272292.3635,4658.8229,3080.1029,64.1758,1,NORMAL
NK-68,2026-05-26 15:00:00,4.98,227314.2339,4586.5509,3352.9373,40.3564,1,NORMAL
NK-68,2026-05-26 16:00:00,4.98,270014.0416,4583.3002,3057.1966,65.4933,1,NORMAL
NK-68,2026-05-26 17:00:00,4.985,264434.955,4640.4525,3127.0495,64.3073,1,NORMAL
NK-68,2026-05-26 18:00:00,4.985,266433.485,4671.977,3064.454,65.277,1,NORMAL
NK-68,2026-05-26 19:00:00,4.98,268404.7182,4678.5541,3049.4856,65.2646,1,NORMAL
NK-68,2026-05-26 20:00:00,4.98,259702.7103,4654.0602,3062.6397,64.2939,1,NORMAL
NK-68,2026-05-26 21:00:00,4.985,265077.4349,4601.6705,3064.454,64.2542,1,NORMAL
NK-68,2026-05-26 22:00:00,4.98,273262.0965,4669.2555,3049.4856,64.5086,1,NORMAL
NK-68,2026-05-26 23:00:00,4.985,259184.0836,4572.1872,3101.6484,65.0722,1,NORMAL
NK-68,2026-05-27 00:00:00,4.985,267363.6793,4636.1434,2971.6949,62.3307,1,NORMAL
NK-68,2026-05-27 01:00:00,4.98,269279.2448,4621.3261,3075.4914,64.358,1,NORMAL
NK-68,2026-05-27 02:00:00,4.98,268395.2742,4658.0669,3034.5171,64.3236,1,NORMAL
NK-68,2026-05-27 03:00:00,4.98,262617.1886,4647.6343,3028.0156,63.6744,1,NORMAL
NK-68,2026-05-27 04:00:00,4.984,266543.3415,4625.5294,3043.4075,63.0343,1,NORMAL
NK-68,2026-05-27 05:00:00,4.988,263579.6185,4577.4488,3072.9815,64.3313,1,NORMAL
NK-68,2026-05-27 06:00:00,4.985,265186.1489,4622.9893,3030.8884,63.3285,1,NORMAL
NK-68,2026-05-27 07:00:00,4.98,266674.7094,4725.047,2995.9619,63.4376,1,NORMAL
NK-68,2026-05-27 08:00:00,4.985,267134.0273,4721.8719,3054.0215,64.298,1,NORMAL
NK-68,2026-05-27 09:00:00,4.98,272937.1796,4682.8632,3002.539,63.6024,1,NORMAL
NK-68,2026-05-27 10:00:00,4.98,268323.7951,4675.8325,2997.7763,64.6572,1,NORMAL
NK-68,2026-05-27 11:00:00,4.985,269360.7775,4654.7406,3071.2579,63.151,1,NORMAL
NK-68,2026-05-27 12:00:00,4.99,265675.3568,4665.1731,3006.3945,63.4097,1,NORMAL
NK-68,2026-05-27 13:00:00,5.075,268656.417,4613.0103,3088.9479,59.212,1,NORMAL
NK-68,2026-05-27 14:00:00,4.985,271350.2678,4646.576,3050.6195,63.6379,1,NORMAL
NK-68,2026-05-27 15:00:00,4.98,272528.7413,4668.1215,3031.5688,64.502,1,NORMAL
NK-68,2026-05-27 16:00:00,4.98,265987.2309,4644.0812,3024.0845,65.2824,1,NORMAL
NK-68,2026-05-27 17:00:00,4.9933,265389.1902,4707.5082,3026.0501,63.2395,1,NORMAL
NK-68,2026-05-27 18:00:00,4.985,268177.7175,4710.9857,3002.3122,64.3611,1,NORMAL
NK-68,2026-05-27 19:00:00,4.98,268042.404,4620.7213,3043.1353,66.249,1,NORMAL
NK-68,2026-05-27 20:00:00,4.985,273211.1081,4699.1924,3007.7553,63.2201,1,NORMAL
NK-68,2026-05-27 21:00:00,5.036,265071.7112,4645.9409,3055.7451,61.7434,1,NORMAL
NK-68,2026-05-27 22:00:00,4.9833,271337.0384,4675.0009,3066.1172,65.1044,1,NORMAL
NK-68,2026-05-27 23:00:00,4.98,278417.4143,4674.6985,3038.1458,64.2936,1,NORMAL
NK-68,2026-05-28 00:00:00,5.0033,281903.328,4726.559,3004.5802,62.5701,1,NORMAL
NK-68,2026-05-28 01:00:00,4.9833,269755.5728,4665.9291,3041.9257,64.3178,1,NORMAL
NK-68,2026-05-28 02:00:00,4.98,261945.9181,4663.2076,3041.9257,64.3171,1,NORMAL
NK-68,2026-05-28 03:00:00,4.9767,270825.62,4693.5981,3086.5288,65.0383,1,NORMAL
NK-68,2026-05-28 04:00:00,5.01,262217.2007,4679.688,3030.4348,61.7147,1,NORMAL
NK-68,2026-05-28 05:00:00,4.9833,261980.3851,4681.0488,3037.2386,64.2467,1,NORMAL
NK-68,2026-05-28 06:00:00,4.9833,271121.4553,4733.514,3048.4272,63.7081,1,NORMAL
NK-68,2026-05-28 07:00:00,4.98,273030.6908,4700.2508,3037.0874,63.5826,1,NORMAL
NK-68,2026-05-28 08:00:00,4.98,268014.3926,4644.6104,3045.8569,64.405,1,NORMAL
NK-68,2026-05-28 09:00:00,2.988,313316.972,2778.5109,1852.9152,86.2653,-1,ANOMALÍA
NK-68,2026-05-28 10:00:00,4.99,288237.5449,4664.266,3035.4243,43.614,1,NORMAL
NK-68,2026-05-28 11:00:00,4.98,286739.0796,4697.8316,3048.5784,64.539,1,NORMAL
NK-68,2026-05-28 12:00:00,4.99,284833.052,4656.5549,3018.4147,64.2476,1,NORMAL
NK-68,2026-05-28 13:00:00,4.98,272186.9805,4706.9034,3074.2062,63.2026,1,NORMAL
NK-68,2026-05-28 14:00:00,4.98,280998.2594,4635.0094,3031.1152,63.4259,1,NORMAL
NK-68,2026-05-28 15:00:00,4.985,272786.1101,4617.773,3023.4041,64.3084,1,NORMAL
NK-68,2026-05-28 16:00:00,4.975,272027.4891,4594.8667,3043.8157,64.3727,1,NORMAL
NK-68,2026-05-28 17:00:00,4.99,276444.4585,4694.4297,3070.5775,65.3232,1,NORMAL
NK-68,2026-05-28 18:00:00,4.98,279006.0223,4758.8395,2990.2921,63.5539,1,NORMAL
NK-68,2026-05-28 19:00:00,4.98,271266.4906,4650.2047,3064.6052,64.7694,1,NORMAL
NK-68,2026-05-28 20:00:00,4.98,272274.3316,4629.9443,3054.7775,62.8857,1,NORMAL
NK-68,2026-05-28 21:00:00,4.9833,265804.7386,4614.6735,3073.2234,64.4175,1,NORMAL
NK-68,2026-05-28 22:00:00,4.99,268215.6442,4736.6892,3014.1055,63.3056,1,NORMAL
NK-68,2026-05-28 23:00:00,4.9867,267634.4512,4671.221,3032.098,64.013,1,NORMAL
NK-68,2026-05-29 00:00:00,4.982,267892.0422,4672.1584,3084.412,65.1786,1,NORMAL
NK-68,2026-05-29 01:00:00,5.0433,271219.1019,4665.4755,3016.6759,59.4326,1,NORMAL
NK-68,2026-05-29 02:00:00,4.985,268602.1401,4650.6583,3033.3831,64.4254,1,NORMAL
NK-68,2026-05-29 03:00:00,4.9875,263771.1992,4722.7791,3048.6918,63.2211,1,NORMAL
NK-68,2026-05-29 04:00:00,4.9833,270914.3154,4654.287,3038.5994,63.9373,1,NORMAL
NK-68,2026-05-29 05:00:00,4.98,258767.3796,4621.7797,3104.37,64.1713,1,NORMAL
NK-68,2026-05-29 06:00:00,4.985,260434.3271,4638.6381,3070.3507,65.1968,1,NORMAL
NK-68,2026-05-29 07:00:00,4.98,276115.6216,4684.4507,3070.1239,63.3005,1,NORMAL
NK-68,2026-05-29 08:00:00,4.98,272451.7306,4654.1358,3065.966,64.0621,1,NORMAL
NK-68,2026-05-29 09:00:00,4.985,271102.8949,4726.181,2991.4261,63.4478,1,NORMAL
NK-68,2026-05-29 10:00:00,4.985,273371.7218,4706.223,3069.6703,64.4205,1,NORMAL
NK-68,2026-05-29 11:00:00,4.985,271276.8355,4598.949,3049.2588,64.3139,1,NORMAL
NK-68,2026-05-29 12:00:00,4.985,279206.9465,4682.6364,3041.7745,64.6399,1,NORMAL
NK-68,2026-05-29 13:00:00,4.985,274912.2959,4696.0173,3037.2386,64.4468,1,NORMAL
NK-68,2026-05-29 14:00:00,4.984,276915.7932,4649.4789,3066.087,63.4715,1,NORMAL
NK-68,2026-05-29 15:00:00,4.986,272007.118,4672.0677,3088.3129,64.2266,1,NORMAL
NK-68,2026-05-29 16:00:00,4.9833,276698.9821,4690.8766,3069.1411,64.3949,1,NORMAL
NK-68,2026-05-29 17:00:00,4.9867,277298.8273,4697.6804,3064.9076,63.5724,1,NORMAL
NK-68,2026-05-29 18:00:00,4.98,276051.0574,4649.7511,3055.3822,64.3675,1,NORMAL
NK-68,2026-05-29 19:00:00,4.985,271980.3616,4689.4402,3070.5775,62.4295,1,NORMAL
NK-68,2026-05-29 20:00:00,4.98,268846.6176,4621.9309,3041.7745,62.3802,1,NORMAL
NK-68,2026-05-29 21:00:00,5.13,254043.105,4558.5795,3099.3805,57.7891,1,NORMAL
NK-68,2026-05-29 22:00:00,4.9833,265717.6083,4616.0342,3055.3822,63.0944,1,NORMAL
NK-68,2026-05-29 23:00:00,4.985,263564.427,4731.3973,3091.2159,31.3464,-1,ANOMALÍA
NK-68,2026-05-30 00:00:00,4.985,265315.3527,4577.8571,3012.0644,64.3763,1,NORMAL
NK-68,2026-05-30 01:00:00,4.98,261034.3075,4675.8325,3071.7115,64.3875,1,NORMAL
NK-68,2026-05-30 02:00:00,4.98,260925.2188,4596.2275,3171.7281,65.1038,1,NORMAL
NK-68,2026-05-30 03:00:00,4.985,262717.4234,4668.5751,3091.4426,64.353,1,NORMAL
NK-68,2026-05-30 04:00:00,4.985,268644.3005,4699.1924,3028.6204,63.5078,1,NORMAL
NK-68,2026-05-30 05:00:00,4.98,265664.0314,4604.1653,3060.8253,64.1103,1,NORMAL
NK-68,2026-05-30 06:00:00,4.985,271282.1373,4660.6372,3069.4435,63.3333,1,NORMAL
NK-68,2026-05-30 07:00:00,4.99,265998.9319,4662.6784,3016.6003,63.3448,1,NORMAL
NK-68,2026-05-30 08:00:00,4.985,271649.6416,4668.5751,3047.2176,64.3193,1,NORMAL
NK-68,2026-05-30 09:00:00,4.985,268291.822,4665.1731,3063.0933,64.1419,1,NORMAL
NK-68,2026-05-30 10:00:00,5.07,271792.3689,4667.6679,3081.9173,60.2507,1,NORMAL
NK-68,2026-05-30 11:00:00,4.988,279372.835,4654.0148,3051.935,64.374,1,NORMAL
NK-68,2026-05-30 12:00:00,4.9833,275897.2146,4793.2367,3092.7278,64.8544,1,NORMAL
NK-68,2026-05-30 13:00:00,4.9867,276525.9612,4670.9186,3096.5077,63.7169,1,NORMAL
NK-68,2026-05-30 14:00:00,4.98,275224.7979,4725.803,3075.7938,64.3897,1,NORMAL
NK-68,2026-05-30 15:00:00,4.9867,272789.3293,4713.2537,3079.1201,63.5796,1,NORMAL
NK-68,2026-05-30 16:00:00,4.9833,269130.2555,4692.3885,3125.0839,65.5523,1,NORMAL
NK-68,2026-05-30 17:00:00,4.9867,276731.3484,4650.3559,3054.7775,63.4873,1,NORMAL
NK-68,2026-05-30 18:00:00,4.9867,268815.5138,4658.3693,3096.2053,64.1916,1,NORMAL
NK-68,2026-05-30 19:00:00,4.98,264304.528,4719.4528,3045.1009,63.4928,1,NORMAL
NK-68,2026-05-30 20:00:00,4.98,266185.9481,4633.4218,3088.6455,64.1602,1,NORMAL
NK-68,2026-05-30 21:00:00,4.9867,266550.0994,4605.1481,3103.7652,64.4072,1,NORMAL
NK-68,2026-05-30 22:00:00,4.985,265412.2914,4579.1044,3080.3297,64.7276,1,NORMAL
NK-68,2026-05-30 23:00:00,4.98,264712.9651,4647.846,3079.1504,63.7488,1,NORMAL
NK-68,2026-05-31 00:00:00,4.98,260153.6216,4679.9904,3039.9602,63.9275,1,NORMAL
NK-68,2026-05-31 01:00:00,4.9833,260837.6111,4636.2946,3067.9316,64.8244,1,NORMAL
NK-68,2026-05-31 02:00:00,4.9833,263828.2644,4641.1329,3084.8656,64.2801,1,NORMAL
NK-68,2026-05-31 03:00:00,5.02,260387.6332,4674.6985,3056.5918,61.3839,1,NORMAL
NK-68,2026-05-31 04:00:00,5.028,258727.0634,4619.542,3038.3273,37.9077,1,NORMAL
NK-68,2026-05-31 05:00:00,4.98,259711.6069,4705.9963,3066.4952,63.3606,1,NORMAL
NK-68,2026-05-31 06:00:00,4.985,265885.5865,4676.5129,3056.5162,65.1866,1,NORMAL
NK-68,2026-05-31 07:00:00,4.98,273574.1153,4790.0616,3014.5591,64.0175,1,NORMAL
NK-68,2026-05-31 08:00:00,4.9833,276092.0719,4673.1866,3019.851,62.9847,1,NORMAL
NK-68,2026-05-31 09:00:00,5.0167,277486.5867,4681.956,3031.0396,62.1065,1,NORMAL
NK-68,2026-05-31 10:00:00,4.9833,286068.9748,4682.712,3055.8358,63.7473,1,NORMAL
NK-68,2026-05-31 11:00:00,4.9867,282048.8923,4749.9945,3099.2293,64.317,1,NORMAL
NK-68,2026-05-31 12:00:00,4.9867,280373.8204,4711.2881,3054.9286,63.8735,1,NORMAL
NK-68,2026-05-31 13:00:00,4.9833,275659.9491,4675.1521,3080.1785,63.6596,1,NORMAL
NK-68,2026-05-31 14:00:00,4.98,276387.1542,4658.8229,3022.2702,63.6825,1,NORMAL
NK-68,2026-05-31 15:00:00,4.9833,279345.0358,4686.6431,3035.8779,63.7075,1,NORMAL
NK-68,2026-05-31 16:00:00,4.98,275409.5075,4610.5912,3031.7956,63.6148,1,NORMAL
NK-68,2026-05-31 17:00:00,5.008,270597.3255,4645.8502,3104.8236,63.5409,1,NORMAL
NK-68,2026-05-31 18:00:00,4.982,276286.4311,4636.5063,3083.777,65.1853,1,NORMAL
NK-68,2026-05-31 19:00:00,4.985,267686.9223,4702.5943,3031.7956,64.378,1,NORMAL
NK-68,2026-05-31 20:00:00,4.98,264179.6528,4705.3915,3062.6397,63.0019,1,NORMAL
NK-68,2026-05-31 21:00:00,4.9833,271799.4239,4628.2812,3078.3641,62.7854,1,NORMAL
NK-68,2026-05-31 22:00:00,4.99,264577.8888,4700.0996,2994.828,63.3147,1,NORMAL
NK-68,2026-05-31 23:00:00,4.985,262969.0001,4650.4315,2987.1169,63.3043,1,NORMAL
NK-68,2026-06-01 00:00:00,5.015,263947.0779,4781.2922,3006.3945,62.6606,1,NORMAL
NK-68,2026-06-01 01:00:00,4.98,266606.728,4599.4026,3074.433,64.1654,1,NORMAL
NK-68,2026-06-01 02:00:00,4.98,270686.1096,4665.3243,3041.0186,63.6774,1,NORMAL
NK-68,2026-06-01 03:00:00,4.985,268747.8073,4708.0374,2996.4155,62.566,1,NORMAL
NK-68,2026-06-01 04:00:00,4.988,267439.8761,4649.2068,3031.5234,64.3493,1,NORMAL
NK-68,2026-06-01 05:00:00,4.982,266259.0769,4693.205,3074.0701,64.3305,1,NORMAL
NK-68,2026-06-01 06:00:00,4.98,270261.179,4702.9723,3023.7821,63.7208,1,NORMAL
NK-68,2026-06-01 07:00:00,4.9767,269232.9732,4631.7587,3038.5994,65.5477,1,NORMAL
NK-68,2026-06-01 08:00:00,4.9833,270844.5098,4661.8468,3008.6625,63.5512,1,NORMAL
NK-68,2026-06-01 09:00:00,4.98,276629.5855,4695.1101,3038.7506,62.8317,1,NORMAL
NK-68,2026-06-01 10:00:00,5.04,276455.6197,4701.7627,3036.9362,63.048,1,NORMAL
NK-68,2026-06-01 11:00:00,4.98,279517.7728,4650.3559,3027.5621,64.4359,1,NORMAL
NK-68,2026-06-01 12:00:00,4.99,279128.6071,4669.4067,3080.9345,64.4033,1,NORMAL
NK-68,2026-06-01 13:00:00,4.985,283007.8316,4700.5532,3038.8262,63.2396,1,NORMAL
NK-68,2026-06-01 14:00:00,4.98,233204.8569,4624.5768,3297.3725,38.1527,1,NORMAL
NK-68,2026-06-01 15:00:00,5.035,279407.2814,4667.8947,3072.8455,63.1896,1,NORMAL
NK-68,2026-06-01 16:00:00,4.99,267515.6795,4728.9025,3102.3288,63.6011,1,NORMAL
NK-68,2026-06-01 17:00:00,4.985,277766.6379,4703.2747,3091.6694,65.3886,1,NORMAL
NK-68,2026-06-01 18:00:00,4.985,271644.5396,4651.1119,3134.0801,63.4784,1,NORMAL
NK-68,2026-06-01 19:00:00,4.98,268867.9498,4703.7283,3049.4856,64.3654,1,NORMAL
NK-68,2026-06-01 20:00:00,4.985,271890.5081,4659.0497,3040.187,63.3662,1,NORMAL
NK-68,2026-06-01 21:00:00,4.985,271858.6051,4639.9989,3038.8262,64.5858,1,NORMAL
NK-68,2026-06-01 22:00:00,4.985,269403.8701,4763.3754,2986.6634,63.2939,1,NORMAL
NK-68,2026-06-01 23:00:00,5.01,260815.8606,4689.2134,3039.2798,62.8659,1,NORMAL
NK-68,2026-06-02 00:00:00,4.98,267435.2238,4672.4306,3064.0005,64.6195,1,NORMAL
NK-68,2026-06-02 01:00:00,4.98,265840.3975,4650.6583,3061.8837,62.9402,1,NORMAL
NK-68,2026-06-02 02:00:00,4.98,265225.4239,4609.7445,3026.171,63.4679,1,NORMAL
NK-68,2026-06-02 03:00:00,4.99,261958.6628,4730.1877,3023.9333,61.1778,1,NORMAL
NK-68,2026-06-02 04:00:00,4.9833,268542.8751,4622.8381,3012.14,64.31,1,NORMAL
NK-68,2026-06-02 05:00:00,4.984,264157.5331,4605.2086,3033.1563,64.225,1,NORMAL
NK-68,2026-06-02 06:00:00,4.98,263319.0748,4666.8363,3097.5661,64.3829,1,NORMAL
NK-68,2026-06-02 07:00:00,4.9833,271082.9113,4698.89,3080.7833,63.2788,1,NORMAL
NK-68,2026-06-02 08:00:00,5.0333,272229.456,4629.3395,3073.0723,63.4783,1,NORMAL
NK-68,2026-06-02 09:00:00,4.9867,276205.5873,4679.5368,3022.875,63.7935,1,NORMAL
NK-68,2026-06-02 10:00:00,4.986,274641.3612,4698.9202,3059.2831,64.2224,1,NORMAL
NK-68,2026-06-02 11:00:00,4.98,275266.1828,4664.5684,3095.9029,64.3588,1,NORMAL
NK-68,2026-06-02 12:00:00,4.982,283195.7504,4651.4747,3028.8019,63.2685,1,NORMAL
NK-68,2026-06-02 13:00:00,4.984,277470.7603,4663.8124,3017.0992,64.5073,1,NORMAL
NK-68,2026-06-02 14:00:00,4.978,276774.3368,4671.342,3079.8761,64.2479,1,NORMAL
NK-68,2026-06-02 15:00:00,4.98,279420.7035,4681.956,3034.6985,64.2257,1,NORMAL
NK-68,2026-06-02 16:00:00,5.006,275499.6709,4739.9248,3051.6628,62.8336,1,NORMAL
NK-68,2026-06-02 17:00:00,4.988,278388.4948,4686.8548,3072.1651,64.5587,1,NORMAL
NK-68,2026-06-02 18:00:00,4.98,276297.1902,4672.8842,3057.6502,62.2322,1,NORMAL
NK-68,2026-06-02 19:00:00,4.975,277348.4666,4600.083,3076.9278,64.4337,1,NORMAL
NK-68,2026-06-02 20:00:00,4.98,272196.4916,4635.9166,3053.7947,63.3054,1,NORMAL
NK-68,2026-06-02 21:00:00,4.984,264751.9065,4685.494,3061.5511,64.2734,1,NORMAL
NK-68,2026-06-02 22:00:00,4.9867,272935.2645,4750.7505,2984.7734,63.5062,1,NORMAL
NK-68,2026-06-02 23:00:00,4.98,270234.7778,4630.3979,3071.2579,62.7926,1,NORMAL
NK-68,2026-06-03 00:00:00,5.05,268378.8174,4620.2677,2960.5819,61.7528,1,NORMAL
NK-68,2026-06-03 01:00:00,4.9767,263007.1943,4551.0197,2966.9322,64.3885,1,NORMAL
NK-68,2026-06-03 02:00:00,4.99,265747.2341,4598.6466,3015.0127,62.6895,1,NORMAL
NK-68,2026-06-03 03:00:00,4.98,268309.0112,4677.4201,3048.9413,65.9605,1,NORMAL
NK-68,2026-06-03 04:00:00,4.9833,267488.1859,4655.799,3015.3151,63.8228,1,NORMAL
NK-68,2026-06-03 05:00:00,4.98,267592.226,4670.9186,3031.9468,76.8848,1,NORMAL
NK-68,2026-06-03 06:00:00,4.985,278837.3332,4627.9788,3027.94,63.2536,1,NORMAL
NK-68,2026-06-03 07:00:00,4.9933,279058.5514,4687.5503,3004.1266,63.264,1,NORMAL
NK-68,2026-06-03 08:00:00,5.032,280298.7829,4676.4222,2976.0947,61.8954,1,NORMAL
NK-68,2026-06-03 09:00:00,4.985,282016.9188,4679.2344,3018.8682,63.4572,1,NORMAL
NK-68,2026-06-03 10:00:00,4.98,282316.3664,4652.6994,3010.9304,63.3082,1,NORMAL
NK-68,2026-06-03 11:00:00,4.99,280149.5134,4689.4402,3002.0854,62.2421,1,NORMAL
NK-68,2026-06-03 12:00:00,4.985,282159.6583,4664.4928,3007.7553,64.3924,1,NORMAL
NK-68,2026-06-03 13:00:00,4.98,284861.9743,4769.4988,3013.652,63.331,1,NORMAL
NK-68,2026-06-03 14:00:00,2.49,278920.6029,2309.6803,1491.6307,64.4794,-1,ANOMALÍA
NK-68,2026-06-03 15:00:00,4.985,279087.0004,4658.5961,3013.652,65.4545,1,NORMAL
NK-68,2026-06-03 16:00:00,4.985,273568.8319,4627.9788,3083.278,66.5301,1,NORMAL
NK-68,2026-06-03 17:00:00,4.985,260554.5618,4563.3422,3080.3297,62.3143,1,NORMAL
NK-68,2026-06-03 18:00:00,4.9825,264430.2539,4663.132,3049.7124,63.9175,1,NORMAL
NK-68,2026-06-03 19:00:00,4.98,254888.9026,4606.2064,3131.5854,64.2801,1,NORMAL
NK-68,2026-06-03 20:00:00,4.9867,277075.3374,4614.9759,3034.3659,63.2421,1,NORMAL
NK-68,2026-06-03 21:00:00,4.98,268517.0226,4614.0687,3083.656,64.1604,1,NORMAL
NK-68,2026-06-03 22:00:00,4.98,260691.4196,4675.7872,3075.9752,64.1893,1,NORMAL
NK-68,2026-06-03 23:00:00,4.98,262056.3715,4642.796,3085.168,42.9623,1,NORMAL
NK-68,2026-06-04 00:00:00,4.98,268709.303,4680.444,3013.8032,63.569,1,NORMAL
NK-68,2026-06-04 01:00:00,4.98,260917.8901,4639.3185,3052.9631,63.1005,1,NORMAL
NK-68,2026-06-04 02:00:00,4.98,259700.4133,4669.8602,3088.9479,63.5206,1,NORMAL
NK-68,2026-06-04 03:00:00,5.02,254259.129,4591.0868,3122.06,62.5963,1,NORMAL
NK-68,2026-06-04 04:00:00,5.01,250461.0943,4658.3693,3080.1029,62.576,1,NORMAL
NK-68,2026-06-04 05:00:00,4.99,255994.656,4684.2239,3107.7719,64.9383,1,NORMAL
NK-68,2026-06-04 06:00:00,4.98,259897.466,4634.329,3111.4006,65.441,1,NORMAL
NK-68,2026-06-04 07:00:00,4.985,273285.3146,4652.6994,3100.968,64.4442,1,NORMAL
NK-68,2026-06-04 08:00:00,4.98,271396.1215,4620.2677,3047.2176,65.3083,1,NORMAL
NK-68,2026-06-04 09:00:00,4.98,261006.7486,4657.6889,3038.8262,64.1602,1,NORMAL
NK-68,2026-06-04 10:00:00,4.985,262684.3223,4646.8028,3098.9269,63.9197,1,NORMAL
NK-68,2026-06-04 11:00:00,4.98,266682.8101,4686.2651,3056.2894,64.5205,1,NORMAL
NK-68,2026-06-04 12:00:00,4.98,265695.4635,4661.0908,3024.7649,64.2479,1,NORMAL
NK-68,2026-06-04 13:00:00,4.985,268809.7724,4658.3693,3045.4033,63.3595,1,NORMAL
NK-68,2026-06-04 14:00:00,4.98,264083.7724,4704.6355,3098.4733,64.1008,1,NORMAL
NK-68,2026-06-04 15:00:00,4.98,267555.7486,4802.1573,3103.0092,64.0812,1,NORMAL
NK-68,2026-06-04 16:00:00,4.9867,265157.394,4721.7207,3066.722,64.2353,1,NORMAL
NK-68,2026-06-04 17:00:00,4.98,260306.3749,4624.0779,3100.2876,65.2738,1,NORMAL
NK-68,2026-06-04 18:00:00,4.9833,266707.2343,4601.9729,3161.6735,65.1861,1,NORMAL
NK-68,2026-06-04 19:00:00,5.0133,257557.4647,4636.597,3041.9257,61.2416,1,NORMAL
NK-68,2026-06-04 20:00:00,4.9867,260503.8762,4635.085,3109.6618,64.1619,1,NORMAL
NK-68,2026-06-04 21:00:00,4.985,253592.7284,4608.7012,3090.0819,63.1404,1,NORMAL
NK-68,2026-06-04 22:00:00,4.99,255236.3238,4620.9481,3157.44,66.3443,1,NORMAL
NK-68,2026-06-04 23:00:00,4.98,251421.9169,4658.3693,3115.0293,64.3307,1,NORMAL
NK-68,2026-06-05 00:00:00,4.985,251002.4807,4635.0094,3045.8569,64.237,1,NORMAL
NK-68,2026-06-05 01:00:00,4.996,260389.6572,4619.6327,3100.832,63.5532,1,NORMAL
NK-68,2026-06-05 02:00:00,4.98,260756.3673,4597.3614,3049.9392,64.2412,1,NORMAL
NK-68,2026-06-05 03:00:00,4.98,253724.1625,4591.0112,3112.081,65.2653,1,NORMAL
NK-68,2026-06-05 04:00:00,4.98,259470.0361,4719.8307,3074.2062,63.2168,1,NORMAL
NK-68,2026-06-05 05:00:00,4.98,262906.0478,4584.4341,3080.3297,63.1425,1,NORMAL
NK-68,2026-06-05 06:00:00,4.98,250155.9828,4658.1425,3116.1633,63.1253,1,NORMAL
NK-68,2026-06-05 07:00:00,4.985,256533.9257,4653.3798,3072.1651,62.1554,1,NORMAL
NK-68,2026-06-05 08:00:00,4.985,263764.7895,4613.6907,3091.4426,63.4127,1,NORMAL
NK-68,2026-06-05 09:00:00,4.98,252700.3801,4664.266,3126.8227,62.8634,1,NORMAL
NK-68,2026-06-05 10:00:00,4.985,263222.13,4633.8754,3132.9461,61.944,1,NORMAL
NK-68,2026-06-05 11:00:00,5.04,253909.6274,4637.6856,3112.9882,58.517,1,NORMAL
NK-68,2026-06-05 12:00:00,4.9833,276010.6181,4686.3407,3071.8627,59.454,1,NORMAL
NK-68,2026-06-05 13:00:00,4.98,294720.1294,4732.9093,2987.4949,39.9109,-1,ANOMALÍA
NK-68,2026-06-05 14:00:00,5.0467,234665.1064,4724.291,3139.4476,55.7014,1,NORMAL
NK-68,2026-06-05 15:00:00,4.986,273710.1151,4767.4123,3026.7154,61.8177,1,NORMAL
NK-68,2026-06-05 16:00:00,4.9833,266038.7505,4682.4096,3011.5352,62.1876,1,NORMAL
NK-68,2026-06-05 17:00:00,3.3233,293375.7002,3137.0284,2104.8088,79.1888,-1,ANOMALÍA
NK-68,2026-06-05 18:00:00,4.98,294753.98,4755.2864,3020.9094,67.128,1,NORMAL
NK-68,2026-06-05 19:00:00,4.984,259657.1043,4670.8884,3077.4267,64.5743,1,NORMAL
NK-68,2026-06-05 20:00:00,4.98,262057.8209,4688.155,3071.2579,64.087,1,NORMAL
NK-68,2026-06-05 21:00:00,4.984,264113.4977,4715.5216,2978.3627,64.3191,1,NORMAL
NK-68,2026-06-05 22:00:00,4.9833,262674.5258,4684.3751,3064.0005,64.1967,1,NORMAL
NK-68,2026-06-05 23:00:00,4.98,268396.391,4746.0634,3038.5994,64.2681,1,NORMAL
NK-68,2026-06-06 00:00:00,4.985,268773.7667,4712.3465,3025.8989,64.1056,1,NORMAL
NK-68,2026-06-06 01:00:00,4.984,268264.3651,4676.4222,2957.8604,64.1456,1,NORMAL
NK-68,2026-06-06 02:00:00,4.98,281744.9244,4830.9603,2985.5294,63.4314,1,NORMAL
NK-68,2026-06-06 03:00:00,4.985,281039.4516,4635.9166,2982.8078,65.0762,1,NORMAL
NK-68,2026-06-06 04:00:00,5.0033,280973.4759,4721.8719,2978.4231,64.9443,1,NORMAL
NK-68,2026-06-06 05:00:00,4.98,273700.4027,4688.3062,3077.6082,64.7062,1,NORMAL
NK-68,2026-06-06 06:00:00,4.98,284472.8002,4635.9166,2968.5198,68.3515,1,NORMAL
NK-68,2026-06-06 07:00:00,4.99,281907.6872,4686.2651,2991.8796,64.7606,1,NORMAL
NK-68,2026-06-06 08:00:00,4.98,280829.057,4665.022,3067.0244,66.5987,1,NORMAL
NK-68,2026-06-06 09:00:00,4.9867,273716.1517,4722.4767,2969.9561,64.4898,1,NORMAL
NK-68,2026-06-06 10:00:00,4.9833,270287.7429,4671.0698,3007.7553,65.0592,1,NORMAL
NK-68,2026-06-06 11:00:00,4.9833,270960.5283,4748.9361,3028.0156,66.9193,1,NORMAL
NK-68,2026-06-06 12:00:00,4.984,276299.7238,4669.6183,3029.9812,65.5711,1,NORMAL
NK-68,2026-06-06 13:00:00,4.9867,267940.9085,4699.0412,3040.7162,63.7477,1,NORMAL
NK-68,2026-06-06 14:00:00,4.98,269985.5017,4707.2058,3058.7086,63.799,1,NORMAL
NK-68,2026-06-06 15:00:00,4.984,261353.7639,4613.8268,3059.2831,65.3427,1,NORMAL
NK-68,2026-06-06 16:00:00,4.98,259977.9052,4684.9799,3031.7956,64.4526,1,NORMAL
NK-68,2026-06-06 17:00:00,4.9867,266093.2939,4628.5836,3015.1639,64.1993,1,NORMAL
NK-68,2026-06-06 18:00:00,4.98,264071.9361,4639.9233,3082.144,64.3549,1,NORMAL
NK-68,2026-06-06 19:00:00,4.98,257865.3277,4689.3646,3058.5574,64.3833,1,NORMAL
NK-68,2026-06-06 20:00:00,4.98,259890.605,4681.5024,3065.1344,64.4638,1,NORMAL
NK-68,2026-06-06 21:00:00,4.985,253711.3961,4645.2152,3079.8761,64.332,1,NORMAL
NK-68,2026-06-06 22:00:00,4.98,262845.655,4600.5366,3099.3805,64.4128,1,NORMAL
NK-68,2026-06-06 23:00:00,4.98,237087.4253,4669.2555,3090.9891,63.1766,1,NORMAL
NK-68,2026-06-07 00:00:00,4.98,243862.1677,4571.5068,3163.5635,64.2442,1,NORMAL
NK-68,2026-06-07 01:00:00,4.98,249345.8604,4615.9586,3121.3796,63.0384,1,NORMAL
NK-68,2026-06-07 02:00:00,4.985,245966.2453,4699.646,3101.8752,63.0284,1,NORMAL
NK-68,2026-06-07 03:00:00,4.985,243912.3833,4549.7345,3117.5241,32.3254,1,NORMAL
NK-68,2026-06-07 04:00:00,4.982,248750.4335,4597.4975,3118.0684,63.9156,1,NORMAL
NK-68,2026-06-07 05:00:00,5.01,243482.908,4678.3273,3138.994,62.3453,1,NORMAL
NK-68,2026-06-07 06:00:00,4.9767,246507.8226,4598.949,3195.088,63.273,1,NORMAL
NK-68,2026-06-07 07:00:00,4.9833,251175.2993,4658.8229,3142.9251,42.7587,1,NORMAL
NK-68,2026-06-07 08:00:00,5.0,251760.5402,4588.6979,3116.5262,64.0084,1,NORMAL
NK-68,2026-06-07 09:00:00,4.99,240874.467,4679.688,3170.1405,62.8563,1,NORMAL
NK-68,2026-06-07 10:00:00,4.9833,284130.9573,4717.0336,3068.3852,42.9785,1,NORMAL
NK-68,2026-06-07 11:00:00,4.98,234625.1048,4612.1031,3233.6431,64.5526,1,NORMAL
NK-68,2026-06-07 12:00:00,4.99,271327.4746,4731.2461,3152.4505,63.7856,1,NORMAL
NK-68,2026-06-07 13:00:00,5.055,248863.2606,4629.1127,3142.6983,59.9969,1,NORMAL
NK-68,2026-06-07 14:00:00,4.98,243703.3612,4695.3369,3186.0162,63.9266,1,NORMAL
NK-68,2026-06-07 15:00:00,4.98,285776.0026,4694.6565,3036.3315,63.3235,1,NORMAL
NK-68,2026-06-07 16:00:00,4.99,235936.6285,4652.019,3217.7675,62.0864,1,NORMAL
NK-68,2026-06-07 17:00:00,4.99,278234.691,4716.202,3075.7938,62.1383,1,NORMAL
NK-68,2026-06-07 18:00:00,4.98,241980.3357,4666.0803,3137.2552,63.0556,1,NORMAL
NK-68,2026-06-07 19:00:00,4.985,261570.7424,4739.1083,3106.4111,62.5797,1,NORMAL
NK-68,2026-06-07 20:00:00,4.985,252500.6661,4667.2143,3049.7124,63.1963,1,NORMAL
NK-68,2026-06-07 21:00:00,4.985,233508.9113,4656.3281,3150.4093,62.9291,1,NORMAL
NK-68,2026-06-07 22:00:00,4.98,304263.9735,4715.9752,3042.9085,79.6057,1,NORMAL
NK-68,2026-06-07 23:00:00,4.985,254198.9174,4630.4735,3083.0512,62.3505,1,NORMAL
NK-68,2026-06-08 00:00:00,4.98,242840.2802,4639.0917,3143.8323,64.2372,1,NORMAL
NK-68,2026-06-08 01:00:00,4.986,257677.1814,4671.977,3102.5556,62.2179,1,NORMAL
NK-68,2026-06-08 02:00:00,4.98,252516.5473,4707.8106,3056.1382,62.2991,1,NORMAL
NK-68,2026-06-08 03:00:00,4.9833,250182.8957,4615.2783,3047.9736,63.4696,1,NORMAL
NK-68,2026-06-08 04:00:00,4.98,255504.8414,4584.4341,3050.8463,62.864,1,NORMAL
NK-68,2026-06-08 05:00:00,4.9833,257146.16,4632.6659,3047.52,62.1682,1,NORMAL
NK-68,2026-06-08 06:00:00,4.98,263515.8655,4697.6502,3028.8019,64.1853,1,NORMAL
NK-68,2026-06-08 07:00:00,4.985,267286.1113,4708.491,3060.8253,63.1941,1,NORMAL
NK-68,2026-06-08 08:00:00,4.98,262036.2403,4723.2327,2981.4471,62.2371,1,NORMAL
NK-68,2026-06-08 09:00:00,4.98,277478.2685,4747.9533,3012.518,63.3833,1,NORMAL
NK-68,2026-06-08 10:00:00,4.99,269134.0279,4733.6652,3022.0434,62.0739,1,NORMAL
NK-68,2026-06-08 11:00:00,5.04,273081.2734,4749.8433,3033.3075,61.4637,1,NORMAL
NK-68,2026-06-08 12:00:00,4.98,286054.2753,4744.3246,3010.4768,65.4899,1,NORMAL
NK-68,2026-06-08 13:00:00,4.98,283158.6093,4738.2011,2990.2921,63.1651,1,NORMAL
NK-68,2026-06-08 14:00:00,4.98,283975.7913,4727.7686,3018.6415,64.3271,1,NORMAL
NK-68,2026-06-08 15:00:00,4.985,282459.1844,4735.4796,2991.1993,63.3019,1,NORMAL
NK-68,2026-06-08 16:00:00,4.99,285334.5241,4708.2642,2976.2308,64.3275,1,NORMAL
NK-68,2026-06-08 17:00:00,4.98,293333.4571,4721.1915,2920.2124,67.5351,1,NORMAL
NK-68,2026-06-08 18:00:00,4.985,290224.3323,4718.9236,2969.4269,65.6507,1,NORMAL
NK-68,2026-06-08 19:00:00,4.985,292362.3689,4762.9218,2913.4086,66.6546,-1,ANOMALÍA
NK-68,2026-06-08 20:00:00,4.98,299587.3406,4744.5514,2900.0277,66.5698,1,NORMAL
NK-68,2026-06-08 21:00:00,4.986,296387.5471,4730.0365,2954.5945,64.9344,1,NORMAL
NK-68,2026-06-08 22:00:00,4.984,289143.3617,4679.5066,2897.3515,64.1191,1,NORMAL
NK-68,2026-06-08 23:00:00,5.0133,280417.5173,4685.4335,2910.5358,62.6406,1,NORMAL
NK-68,2026-06-09 00:00:00,4.98,282428.2261,4676.5129,2927.6211,64.4765,1,NORMAL
NK-68,2026-06-09 01:00:00,4.9767,295789.9104,4777.6635,2894.6602,62.3979,-1,ANOMALÍA
NK-68,2026-06-09 02:00:00,4.98,288960.1497,4691.6326,2940.9264,63.7007,1,NORMAL
NK-68,2026-06-09 03:00:00,4.98,278429.9384,4727.4662,2912.3502,65.1384,1,NORMAL
NK-68,2026-06-09 04:00:00,4.996,284446.4776,4699.5553,2943.7991,64.1899,1,NORMAL
NK-68,2026-06-09 05:00:00,4.9833,277222.1259,4649.4487,2937.2976,43.1973,1,NORMAL
NK-68,2026-06-09 06:00:00,4.9833,294216.5679,4727.7686,3029.6788,66.543,1,NORMAL
NK-68,2026-06-09 07:00:00,4.9833,281496.6093,4692.8421,2973.5848,65.8337,1,NORMAL
NK-68,2026-06-09 08:00:00,5.0333,281442.2789,4658.5205,2962.5475,63.9429,1,NORMAL
NK-68,2026-06-09 09:00:00,5.04,277813.6333,4705.3159,2983.0346,62.1584,1,NORMAL
NK-68,2026-06-09 10:00:00,4.985,284572.2095,4654.9674,2942.4383,65.4799,1,NORMAL
NK-68,2026-06-09 11:00:00,4.985,279679.2703,4633.6486,2989.3849,64.3472,1,NORMAL
NK-68,2026-06-09 12:00:00,4.98,275175.3551,4532.7249,3063.0933,66.3714,1,NORMAL
NK-68,2026-06-09 13:00:00,4.98,273729.0996,4669.0287,2938.8096,65.1773,1,NORMAL
NK-68,2026-06-09 14:00:00,4.98,273551.1536,4689.4402,3019.095,64.43,1,NORMAL
NK-68,2026-06-09 15:00:00,4.985,273837.4759,4755.2108,2994.6012,63.4534,1,NORMAL
NK-68,2026-06-09 16:00:00,4.985,268307.9981,4610.062,3051.5267,64.3869,1,NORMAL
NK-68,2026-06-09 17:00:00,4.985,270049.1913,4699.646,3037.919,64.2221,1,NORMAL
NK-68,2026-06-09 18:00:00,4.982,271386.5168,4629.7024,3060.916,65.5224,1,NORMAL
NK-68,2026-06-09 19:00:00,4.9867,262479.0294,4701.3092,3081.8417,64.86,1,NORMAL
NK-68,2026-06-09 20:00:00,4.9833,254910.2908,4643.2496,3210.0564,86.6816,1,NORMAL
NK-68,2026-06-09 21:00:00,4.98,264806.0992,4609.3816,3129.771,66.3528,1,NORMAL
NK-68,2026-06-09 22:00:00,4.99,250965.693,4613.6151,3104.9747,64.1571,1,NORMAL
NK-68,2026-06-09 23:00:00,4.99,255280.5708,4675.7569,3133.0973,62.1284,1,NORMAL
NK-68,2026-06-10 00:00:00,4.9833,251622.5289,4641.2841,3130.8294,64.3067,1,NORMAL
NK-68,2026-06-10 01:00:00,4.9833,246824.6202,4565.3834,3108.6035,62.7142,1,NORMAL
NK-68,2026-06-10 02:00:00,5.0,251914.4067,4602.1241,3079.4225,61.716,1,NORMAL
NK-68,2026-06-10 03:00:00,4.98,255474.1582,4636.1434,3096.2053,64.2165,1,NORMAL
NK-68,2026-06-10 04:00:00,4.99,245963.984,4532.2713,3155.3988,63.1116,1,NORMAL
NK-68,2026-06-10 05:00:00,4.98,245083.0337,4544.9718,3124.5547,64.054,1,NORMAL
NK-68,2026-06-10 06:00:00,4.985,257669.1939,4684.6775,3043.3621,63.5064,1,NORMAL
NK-68,2026-06-10 07:00:00,4.98,253244.4862,4646.1224,3080.5565,62.952,1,NORMAL
NK-68,2026-06-10 08:00:00,4.985,246714.4761,4653.153,3108.9059,60.788,1,NORMAL
NK-68,2026-06-10 09:00:00,4.985,261080.2189,4625.0304,3068.0828,63.3074,1,NORMAL
NK-68,2026-06-10 10:00:00,4.985,245832.0204,4620.2677,3195.5415,62.0774,1,NORMAL
NK-68,2026-06-10 11:00:00,5.0233,306077.4113,4732.7581,3022.5726,59.4519,1,NORMAL
NK-68,2026-06-10 12:00:00,4.98,230184.9067,4628.4324,3212.3244,31.047,1,NORMAL
NK-68,2026-06-10 13:00:00,4.98,257935.4959,4669.0287,3135.4409,58.9313,1,NORMAL
NK-68,2026-06-10 14:00:00,4.98,252808.8428,4667.4411,3076.2474,59.8076,1,NORMAL
NK-68,2026-06-10 15:00:00,4.988,232466.8344,4622.3543,3160.2522,56.9926,1,NORMAL
NK-68,2026-06-10 16:00:00,4.9833,438776.3452,5023.6604,2622.0526,59.945,-1,ANOMALÍA
NK-68,2026-06-10 17:00:00,4.9867,266165.6591,4753.9256,3102.4044,60.1923,1,NORMAL
NK-68,2026-06-10 18:00:00,4.98,245781.5956,4662.6784,3119.5652,60.7078,1,NORMAL
NK-68,2026-06-10 19:00:00,4.98,287101.6037,4742.5102,3025.6721,63.2849,1,NORMAL
NK-68,2026-06-10 20:00:00,4.985,258617.5362,4694.4297,3071.7115,61.9337,1,NORMAL
NK-68,2026-06-10 21:00:00,4.98,243857.138,4611.8763,3140.4304,61.0952,1,NORMAL
NK-68,2026-06-10 22:00:00,4.985,279655.4968,4762.695,3009.3429,63.3182,1,NORMAL
NK-68,2026-06-10 23:00:00,4.98,258114.5479,4607.794,3115.2561,63.2571,1,NORMAL
NK-68,2026-06-11 00:00:00,4.98,238980.3236,4591.9184,3129.771,63.7428,1,NORMAL
NK-68,2026-06-11 01:00:00,4.99,271691.5812,4705.9963,3028.3936,65.4676,1,NORMAL
NK-68,2026-06-11 02:00:00,4.985,255468.2399,4769.9524,3067.856,66.2484,1,NORMAL
NK-68,2026-06-11 03:00:00,4.985,261862.7124,4616.8658,3085.9996,65.3647,1,NORMAL
NK-68,2026-06-11 04:00:00,4.99,261793.9097,4687.8526,3035.4243,66.9122,1,NORMAL
NK-68,2026-06-11 05:00:00,4.985,257492.6946,4701.4604,3046.764,64.9897,1,NORMAL
NK-68,2026-06-11 06:00:00,4.98,267129.7393,4644.6104,3064.454,67.0022,1,NORMAL
NK-68,2026-06-11 07:00:00,4.98,261529.4778,4600.5366,3137.482,67.2108,1,NORMAL
NK-68,2026-06-11 08:00:00,4.98,261126.0517,4695.5637,3076.4742,64.2051,1,NORMAL
NK-68,2026-06-11 09:00:00,5.015,256092.06,4629.3395,3090.5355,64.7389,1,NORMAL
NK-68,2026-06-11 10:00:00,4.99,262353.5029,4603.2581,3134.0801,66.1759,1,NORMAL
NK-68,2026-06-11 11:00:00,4.988,264680.7407,4725.047,3146.7353,64.4606,1,NORMAL
NK-68,2026-06-11 12:00:00,4.9833,259375.8026,4661.242,3123.5719,65.3959,1,NORMAL
NK-68,2026-06-11 13:00:00,4.982,260574.9867,4685.4033,3083.9584,65.1544,1,NORMAL
NK-68,2026-06-11 14:00:00,5.0233,256380.1445,4719.9063,3081.2369,64.0515,1,NORMAL
NK-68,2026-06-11 15:00:00,4.98,252731.5957,4694.8077,3159.5567,64.712,1,NORMAL
NK-68,2026-06-11 16:00:00,4.9867,248912.6235,4600.6122,3168.175,63.3617,1,NORMAL
NK-68,2026-06-11 17:00:00,5.0233,253879.8589,4620.5701,3134.7605,61.8191,1,NORMAL
NK-68,2026-06-11 18:00:00,4.9833,253663.7083,4582.9222,3118.2801,65.4644,1,NORMAL
NK-68,2026-06-11 19:00:00,4.98,243212.3143,4652.6238,3151.5433,64.2706,1,NORMAL
NK-68,2026-06-11 20:00:00,4.98,244707.6975,4670.3894,3163.7903,65.2263,1,NORMAL
NK-68,2026-06-11 21:00:00,4.99,241467.6676,4618.6802,3135.8945,63.3025,1,NORMAL
NK-68,2026-06-11 22:00:00,4.985,243368.9443,4631.6075,3144.0591,62.0062,1,NORMAL
NK-68,2026-06-11 23:00:00,4.99,237595.0953,4673.111,3159.2544,63.3878,1,NORMAL
NK-68,2026-06-12 00:00:00,4.98,231848.7044,4634.329,3244.0757,64.3088,1,NORMAL
NK-68,2026-06-12 01:00:00,4.985,238349.8414,4651.1119,3201.665,67.1157,1,NORMAL
NK-68,2026-06-12 02:00:00,4.98,238960.9285,4599.4026,3139.75,63.2125,1,NORMAL
NK-68,2026-06-12 03:00:00,4.98,238547.7553,4591.238,3158.574,63.0856,1,NORMAL
NK-68,2026-06-12 04:00:00,4.98,237296.4221,4521.3851,3140.6572,63.8763,1,NORMAL
NK-68,2026-06-12 05:00:00,4.9867,233297.9356,4560.2427,3244.3781,65.2477,1,NORMAL
NK-68,2026-06-12 06:00:00,4.985,255450.5227,4526.8282,3011.1572,63.3296,1,NORMAL
NK-68,2026-06-12 07:00:00,4.985,232422.1544,4632.7415,3241.5809,65.0401,1,NORMAL
NK-68,2026-06-12 08:00:00,4.9833,270661.7713,4609.684,3109.5106,62.7852,1,NORMAL
NK-68,2026-06-12 09:00:00,4.98,232468.4689,4524.5602,3171.5013,64.6897,1,NORMAL
NK-68,2026-06-12 10:00:00,4.9867,233781.3453,4641.2841,3220.7914,56.7346,1,NORMAL
NK-68,2026-06-12 11:00:00,4.9875,270584.1871,4744.8916,3040.187,56.5334,1,NORMAL
NK-68,2026-06-12 12:00:00,4.9767,222183.8098,4652.775,3204.9157,58.1819,1,NORMAL
NK-68,2026-06-12 13:00:00,4.9833,251605.4984,4743.3418,3124.0255,61.407,1,NORMAL
NK-68,2026-06-12 14:00:00,4.98,260025.0728,4697.378,3087.8139,64.3621,1,NORMAL
NK-68,2026-06-12 15:00:00,2.49,252411.1369,2352.5445,1548.1027,63.9716,-1,ANOMALÍA
NK-68,2026-06-12 16:00:00,4.98,320364.044,4802.1573,2935.4077,89.7834,-1,ANOMALÍA
NK-68,2026-06-12 17:00:00,5.025,279965.6819,4433.6155,3104.1432,99.8801,1,NORMAL
NK-68,2026-06-12 18:00:00,5.61,165307.2171,3834.8767,2919.532,55.0575,-1,ANOMALÍA
NK-68,2026-06-12 19:00:00,5.48,109297.8089,3931.0377,3147.6878,69.8396,-1,ANOMALÍA
NK-68,2026-06-12 20:00:00,5.425,124146.3738,3991.1384,3275.3734,36.7303,-1,ANOMALÍA
NK-68,2026-06-12 21:00:00,2.695,124988.1716,2005.3214,1654.2427,58.4358,-1,ANOMALÍA
NK-68,2026-06-12 22:00:00,5.365,134961.9337,4050.7855,3183.5214,30.9755,-1,ANOMALÍA
NK-68,2026-06-12 23:00:00,5.345,138873.0489,4041.7137,3283.7648,4.6025,-1,ANOMALÍA
NK-68,2026-06-13 00:00:00,5.32,145971.0945,4049.8783,3280.8165,0.8521,-1,ANOMALÍA
NK-68,2026-06-13 01:00:00,5.305,143979.261,4111.113,3261.5389,50.2603,-1,ANOMALÍA
NK-68,2026-06-13 02:00:00,5.3,155126.4991,4114.5149,3260.6317,52.3427,-1,ANOMALÍA
NK-68,2026-06-13 03:00:00,5.27,150703.4091,4031.2811,3363.8234,0.9775,-1,ANOMALÍA
NK-68,2026-06-13 04:00:00,5.258,154104.067,4068.7023,3228.0186,40.1087,-1,ANOMALÍA
NK-68,2026-06-13 05:00:00,5.2367,160230.5955,4119.958,3237.423,33.4127,-1,ANOMALÍA
NK-68,2026-06-13 06:00:00,5.22,161855.6633,4172.1208,3248.7628,53.688,-1,ANOMALÍA
NK-68,2026-06-13 07:00:00,5.25,153772.2884,4093.4986,3275.3734,76.198,-1,ANOMALÍA
NK-68,2026-06-13 08:00:00,5.2167,155453.9734,4177.2615,3303.496,19.6392,-1,ANOMALÍA
NK-68,2026-06-13 09:00:00,5.194,171351.612,4288.3306,3235.9111,0.2623,-1,ANOMALÍA
NK-68,2026-06-13 10:00:00,5.1767,166327.3296,4208.2568,3298.5065,34.1697,-1,ANOMALÍA
NK-68,2026-06-13 11:00:00,5.1733,175207.5878,4233.3555,3313.7773,100.0,-1,ANOMALÍA
NK-68,2026-06-13 12:00:00,5.16,168414.7697,4171.9394,3314.4728,99.9893,-1,ANOMALÍA
NK-68,2026-06-13 13:00:00,5.1567,182646.899,4208.408,3259.1953,100.0,-1,ANOMALÍA
NK-68,2026-06-13 18:00:00,5.135,162865.6998,4258.5297,3418.2542,100.0,-1,ANOMALÍA
NK-68,2026-06-13 19:00:00,5.235,171904.1729,4334.506,3329.8042,0.6911,-1,ANOMALÍA
NK-68,2026-06-13 20:00:00,5.11,204388.206,4372.154,3264.0336,50.6331,1,NORMAL
NK-68,2026-06-13 21:00:00,5.095,182551.2186,4469.4491,3289.2079,99.8074,1,NORMAL
NK-68,2026-06-13 22:00:00,5.09,172823.2291,4291.6418,3248.3848,72.8151,1,NORMAL
NK-68,2026-06-13 23:00:00,5.095,170917.0278,4370.7932,3382.8742,100.0,-1,ANOMALÍA
NK-68,2026-06-14 00:00:00,5.0867,185646.4927,4468.0127,3284.5964,34.234,1,NORMAL
NK-68,2026-06-14 01:00:00,5.064,198107.2379,4320.7169,3192.7293,61.6091,1,NORMAL
NK-68,2026-06-14 02:00:00,5.06,188153.5339,4395.1359,3342.2023,66.6579,1,NORMAL
NK-68,2026-06-14 03:00:00,5.07,178608.883,4348.1137,3289.2835,86.117,1,NORMAL
NK-68,2026-06-14 04:00:00,5.0367,201404.164,4387.8785,3288.2251,69.2628,1,NORMAL
NK-68,2026-06-14 05:00:00,5.0433,188427.8561,4393.6239,3307.8807,66.4976,1,NORMAL
NK-68,2026-06-14 06:00:00,5.05,195291.1686,4492.8089,3282.026,39.2708,1,NORMAL
NK-68,2026-06-14 07:00:00,5.02,211008.6342,4386.2153,3194.332,71.4768,1,NORMAL
NK-68,2026-06-14 08:00:00,5.04,189379.6161,4427.492,3269.9303,77.6546,1,NORMAL
NK-68,2026-06-14 09:00:00,5.05,190994.8183,4430.6671,3302.1352,99.4456,1,NORMAL
NK-68,2026-06-14 10:00:00,5.018,238018.8154,4508.4124,3261.2214,99.1039,1,NORMAL
NK-68,2026-06-14 11:00:00,5.024,217200.5618,4532.8156,3259.1349,98.6286,1,NORMAL
NK-68,2026-06-14 12:00:00,5.03,193558.6786,4421.686,3380.6063,60.3464,1,NORMAL
NK-68,2026-06-14 13:00:00,5.0325,204549.6075,4411.6163,3311.4338,99.2172,1,NORMAL
NK-68,2026-06-14 14:00:00,5.015,231844.8393,4472.6242,3212.778,98.604,1,NORMAL
NK-68,2026-06-14 15:00:00,5.025,223256.5897,4412.9771,3306.2175,98.7159,1,NORMAL
NK-68,2026-06-14 16:00:00,5.028,202603.2826,4477.9312,3345.8613,98.7465,1,NORMAL
NK-68,2026-06-14 17:00:00,5.03,200414.5691,4493.8976,3346.4963,99.1342,1,NORMAL
NK-68,2026-06-14 18:00:00,5.0167,232118.1951,4519.8732,3236.0623,66.1418,1,NORMAL
NK-68,2026-06-14 19:00:00,5.006,230001.9733,4495.2583,3265.7573,40.0082,1,NORMAL
NK-68,2026-06-14 20:00:00,5.008,214402.8501,4496.2562,3297.8715,98.6419,1,NORMAL
NK-68,2026-06-14 21:00:00,5.0225,205247.3453,4394.9469,3308.4855,49.8636,1,NORMAL
NK-68,2026-06-14 22:00:00,5.028,208374.9872,4455.9774,3248.793,98.3598,1,NORMAL
NK-68,2026-06-14 23:00:00,5.0,234169.9642,4563.569,3229.1072,98.3672,1,NORMAL
NK-68,2026-06-15 00:00:00,5.0,235915.0164,4532.7249,3146.5538,97.7598,1,NORMAL
NK-68,2026-06-15 01:00:00,4.995,229250.4841,4505.9631,3178.5319,98.013,1,NORMAL
NK-68,2026-06-15 02:00:00,4.9933,224722.5743,4471.9438,3240.2958,66.682,1,NORMAL
NK-68,2026-06-15 03:00:00,5.0,222463.8841,4434.9762,3265.848,94.7047,1,NORMAL
NK-68,2026-06-15 04:00:00,5.0,218314.9682,4477.8405,3323.0003,96.2782,1,NORMAL
NK-68,2026-06-15 05:00:00,5.0,222688.5407,4554.724,3224.3445,94.6403,1,NORMAL
NK-68,2026-06-15 06:00:00,4.995,232797.6914,4540.4359,3291.249,95.0426,1,NORMAL
NK-68,2026-06-15 07:00:00,4.99,230597.0771,4567.1977,3270.6107,92.231,1,NORMAL
NK-68,2026-06-15 08:00:00,5.0,227995.0124,4606.8868,3261.0853,94.0256,1,NORMAL
NK-68,2026-06-15 09:00:00,5.05,235831.1928,4468.7687,3247.2508,92.5451,1,NORMAL
NK-68,2026-06-15 10:00:00,4.995,231058.2716,4496.2109,3220.0354,92.9747,1,NORMAL
NK-68,2026-06-15 11:00:00,5.005,222567.5403,4478.7477,3261.0853,91.8779,1,NORMAL
NK-68,2026-06-15 12:00:00,5.0,208770.7882,4485.3247,3312.7946,90.9376,1,NORMAL
NK-68,2026-06-15 13:00:00,5.07,229887.2358,4530.9105,3246.1168,91.4333,1,NORMAL
NK-68,2026-06-15 14:00:00,5.04,251896.4178,4575.5891,3223.6641,90.4509,1,NORMAL
NK-68,2026-06-15 15:00:00,5.0,235084.6817,4552.2292,3223.6641,88.9035,1,NORMAL
NK-68,2026-06-15 16:00:00,5.05,210524.1493,4507.5506,3338.1956,86.8611,1,NORMAL
NK-68,2026-06-15 17:00:00,5.005,208515.2661,4549.0541,3305.3103,86.9812,1,NORMAL
NK-68,2026-06-15 18:00:00,5.004,227215.8147,4575.6345,3236.1832,88.1047,1,NORMAL
NK-68,2026-06-15 19:00:00,4.9867,237962.347,4621.3261,3222.6058,88.602,1,NORMAL
NK-68,2026-06-15 20:00:00,5.0,212908.8898,4544.2158,3244.3781,86.7249,1,NORMAL
NK-68,2026-06-15 21:00:00,5.0033,207323.3262,4505.9631,3284.1428,87.4302,1,NORMAL
NK-68,2026-06-15 22:00:00,4.99,231201.4834,4575.5438,3175.3114,52.5259,1,NORMAL
NK-68,2026-06-15 23:00:00,4.9967,208938.944,4512.4645,3262.3705,86.5875,1,NORMAL
NK-68,2026-06-16 00:00:00,5.0,224721.759,4540.4359,3180.5731,85.4383,1,NORMAL
NK-68,2026-06-16 01:00:00,5.0,227774.6311,4575.5891,3213.0048,87.1844,1,NORMAL
NK-68,2026-06-16 02:00:00,5.0,198113.8933,4622.7625,3357.4732,86.5538,1,NORMAL
NK-68,2026-06-16 03:00:00,4.995,235828.1288,4621.1749,3259.0442,87.4873,1,NORMAL
NK-68,2026-06-16 04:00:00,4.99,208700.9641,4503.4683,3286.9399,87.116,1,NORMAL
NK-68,2026-06-16 05:00:00,5.0,196366.144,4485.7783,3336.8348,86.6023,1,NORMAL
NK-68,2026-06-16 06:00:00,4.9867,228713.8624,4506.1143,3190.5521,86.2436,1,NORMAL
NK-68,2026-06-16 07:00:00,5.0,209168.5519,4538.6215,3319.8252,84.731,1,NORMAL
NK-68,2026-06-16 08:00:00,4.995,217273.5743,4550.8685,3252.4671,84.4359,1,NORMAL
NK-68,2026-06-16 09:00:00,5.0,227273.5541,4562.8886,3275.3734,86.4998,1,NORMAL
NK-68,2026-06-16 10:00:00,5.01,194998.3818,4477.8405,3316.8769,87.1739,1,NORMAL
NK-68,2026-06-16 11:00:00,4.985,250130.1453,4549.5077,3204.3866,43.3396,1,NORMAL
NK-68,2026-06-16 12:00:00,5.0,218413.376,4553.59,3345.2263,85.56,1,NORMAL
NK-68,2026-06-16 13:00:00,4.99,239570.9793,4619.8142,3210.2832,86.0407,1,NORMAL
NK-68,2026-06-16 14:00:00,4.985,235404.9133,4575.3623,3262.8997,86.6035,1,NORMAL
NK-68,2026-06-16 15:00:00,4.9967,221471.9537,4501.276,3278.0949,58.0278,1,NORMAL
NK-68,2026-06-16 16:00:00,4.99,231882.7,4590.1796,3235.1551,86.7016,1,NORMAL
NK-68,2026-06-16 17:00:00,5.0033,201051.4775,4531.0617,3359.1363,85.751,1,NORMAL
NK-68,2026-06-16 18:00:00,5.0,240810.3566,4513.9765,3217.0115,57.2871,1,NORMAL
NK-68,2026-06-16 19:00:00,4.996,206537.0665,4607.8394,3359.3783,84.7805,1,NORMAL
NK-68,2026-06-16 20:00:00,3.3267,233941.2733,3008.6625,2117.0557,85.6759,-1,ANOMALÍA
NK-68,2026-06-16 21:00:00,5.0333,217526.8568,4509.8942,3241.2029,85.206,1,NORMAL
NK-68,2026-06-16 22:00:00,5.0,200281.2408,4533.5413,3288.1646,85.5667,1,NORMAL
NK-68,2026-06-16 23:00:00,4.996,230175.67,4509.5918,3233.5524,86.2148,1,NORMAL
NK-68,2026-06-17 00:00:00,5.002,200864.1345,4514.3998,3338.5131,84.7478,1,NORMAL
NK-68,2026-06-17 01:00:00,4.985,228936.9218,4509.1382,3255.6422,43.4635,1,NORMAL
NK-68,2026-06-17 02:00:00,4.995,209832.6533,4589.4236,3333.8865,85.1412,1,NORMAL
NK-68,2026-06-17 03:00:00,4.995,214647.2808,4610.5156,3188.5109,86.7375,1,NORMAL
NK-68,2026-06-17 04:00:00,4.995,221946.1946,4548.1469,3186.9233,84.2594,1,NORMAL
NK-68,2026-06-17 05:00:00,4.995,199196.2126,4558.3527,3335.0205,85.5102,1,NORMAL
NK-68,2026-06-17 06:00:00,5.03,236440.3554,4550.6417,3159.9347,82.3964,1,NORMAL
NK-68,2026-06-17 07:00:00,5.045,206329.119,4530.0033,3337.0616,84.5948,1,NORMAL
NK-68,2026-06-17 08:00:00,4.99,232919.4289,4522.2923,3192.3664,91.7767,1,NORMAL
NK-68,2026-06-17 09:00:00,5.0,190293.2339,4564.7786,3405.1001,25.7106,-1,ANOMALÍA
NK-68,2026-06-17 10:00:00,4.99,218032.7598,4613.6907,3211.4172,66.8404,1,NORMAL
NK-68,2026-06-17 11:00:00,5.046,193146.9165,4561.3918,3371.4438,68.1962,1,NORMAL
NK-68,2026-06-17 12:00:00,4.982,222468.3884,4572.2779,3249.0652,71.3394,1,NORMAL
NK-68,2026-06-17 13:00:00,4.98,202262.2464,4557.8235,3253.1475,47.3313,1,NORMAL
NK-68,2026-06-17 14:00:00,4.9833,230382.2721,4643.8544,3147.6122,70.2263,1,NORMAL
NK-68,2026-06-17 15:00:00,4.99,199421.7724,4532.997,3249.8816,69.4789,1,NORMAL
NK-68,2026-06-17 16:00:00,4.98,226479.7276,4609.8352,3256.625,70.8381,1,NORMAL
NK-68,2026-06-17 17:00:00,4.98,195906.2915,4591.6916,3297.1457,67.5508,1,NORMAL
NK-68,2026-06-17 18:00:00,4.98,214966.5956,4628.2056,3232.2823,71.9569,1,NORMAL
NK-68,2026-06-17 19:00:00,4.98,208090.5135,4550.4149,3211.1904,71.8072,1,NORMAL
NK-68,2026-06-17 20:00:00,4.99,222011.5937,4653.3798,3227.9732,72.9216,1,NORMAL
NK-68,2026-06-17 21:00:00,4.982,209991.5094,4556.8559,3280.7258,73.3309,1,NORMAL
NK-68,2026-06-17 22:00:00,4.985,233218.401,4662.6784,3197.5827,73.051,1,NORMAL
NK-68,2026-06-17 23:00:00,4.98,218514.5659,4515.4884,3143.6055,73.6884,1,NORMAL
NK-68,2026-06-18 00:00:00,4.98,231776.1719,4598.949,3180.1195,73.866,1,NORMAL
NK-68,2026-06-18 01:00:00,4.985,206391.3034,4561.9814,3199.6239,70.1351,1,NORMAL
NK-68,2026-06-18 02:00:00,4.985,214071.7503,4530.0033,3241.1273,69.9378,1,NORMAL
NK-68,2026-06-18 03:00:00,4.98,212039.6357,4569.9192,3179.2123,70.1247,1,NORMAL
NK-68,2026-06-18 04:00:00,4.98,214095.2729,4641.5865,3186.9233,70.0312,1,NORMAL
NK-68,2026-06-18 05:00:00,4.99,223349.4493,4634.5558,3255.1886,72.9993,1,NORMAL
NK-68,2026-06-18 06:00:00,4.985,217664.971,4476.7065,3190.0985,71.0789,1,NORMAL
NK-68,2026-06-18 07:00:00,5.0,230263.4373,4563.569,3217.9943,72.2814,1,NORMAL
NK-68,2026-06-18 08:00:00,4.98,224019.0801,4557.6723,3212.5512,72.2554,1,NORMAL
NK-68,2026-06-18 09:00:00,4.984,228485.2611,4525.921,3189.6449,74.0393,1,NORMAL
NK-68,2026-06-18 10:00:00,5.0367,225237.8847,4577.3279,3225.7809,72.2626,1,NORMAL
NK-68,2026-06-18 11:00:00,4.99,231925.2288,4569.0121,3233.0383,75.9412,1,NORMAL
NK-68,2026-06-18 12:00:00,4.99,238154.8732,4582.771,3235.1551,76.6805,1,NORMAL
NK-68,2026-06-18 13:00:00,4.9833,232592.8699,4570.8264,3238.7838,76.4715,1,NORMAL
NK-68,2026-06-18 14:00:00,4.9967,217733.4929,4527.1306,3339.1784,75.6118,1,NORMAL
NK-68,2026-06-18 15:00:00,4.984,213077.28,4515.2163,3319.4623,76.824,1,NORMAL
NK-68,2026-06-18 16:00:00,4.9867,228635.286,4517.6052,3233.6431,79.0853,1,NORMAL
NK-68,2026-06-18 17:00:00,5.06,222765.6079,4522.0655,3240.9005,75.0673,1,NORMAL
NK-68,2026-06-18 18:00:00,4.98,205198.6513,4540.8895,3296.0117,78.5291,1,NORMAL
NK-68,2026-06-18 19:00:00,4.99,217468.3944,4578.7643,3300.7744,39.0373,1,NORMAL
NK-68,2026-06-18 20:00:00,4.98,230257.062,4515.2617,3253.6011,77.6852,1,NORMAL
NK-68,2026-06-18 21:00:00,5.0,210258.899,4507.3238,3330.2578,77.9685,1,NORMAL
NK-68,2026-06-18 22:00:00,4.995,218369.7123,4466.7275,3174.2228,38.9703,1,NORMAL
NK-68,2026-06-18 23:00:00,4.98,226951.8584,4514.1277,3255.1886,78.1537,1,NORMAL
NK-68,2026-06-19 00:00:00,4.99,203863.677,4502.3343,3369.2665,78.5308,1,NORMAL
NK-68,2026-06-19 01:00:00,4.98,227330.0322,4499.8396,3199.1703,39.2569,1,NORMAL
NK-68,2026-06-19 02:00:00,5.045,217290.5186,4585.5681,3310.9802,78.3526,1,NORMAL
NK-68,2026-06-19 03:00:00,4.99,227263.2131,4564.9298,3201.4382,39.8663,1,NORMAL
NK-68,2026-06-19 04:00:00,4.98,211960.0585,4549.5077,3232.0555,78.8034,1,NORMAL
NK-68,2026-06-19 05:00:00,4.99,220668.3694,4533.6321,3224.5713,79.6021,1,NORMAL
NK-68,2026-06-19 06:00:00,4.984,223123.829,4564.5669,3260.7678,62.2216,1,NORMAL
NK-68,2026-06-19 07:00:00,4.99,204474.8966,4530.7593,3288.3763,77.9797,1,NORMAL
NK-68,2026-06-19 08:00:00,4.9867,226503.431,4595.9251,3202.1942,78.8211,1,NORMAL
NK-68,2026-06-19 09:00:00,4.995,209388.5804,4515.7152,3368.3593,78.1628,1,NORMAL
NK-68,2026-06-19 10:00:00,4.9833,236552.6607,4606.8112,3197.0535,77.7464,1,NORMAL
NK-68,2026-06-19 11:00:00,4.99,199750.7142,4551.3221,3434.8103,79.4724,1,NORMAL
NK-68,2026-06-19 12:00:00,5.055,251911.0205,4611.1959,3229.1072,76.9716,1,NORMAL
NK-68,2026-06-19 13:00:00,4.99,207332.5192,4482.83,3409.1824,79.8445,1,NORMAL
NK-68,2026-06-19 14:00:00,4.9867,246876.8571,4541.3431,3236.2135,76.2065,1,NORMAL
NK-68,2026-06-19 15:00:00,5.0,216300.9093,4528.6426,3369.4933,78.3009,1,NORMAL
NK-68,2026-06-19 16:00:00,4.995,214714.3074,4438.3781,3271.9715,78.8828,1,NORMAL
NK-68,2026-06-19 17:00:00,4.985,215119.1453,4541.5699,3274.4662,72.9671,1,NORMAL
NK-68,2026-06-19 18:00:00,5.0267,213099.0337,4548.9029,3348.5526,69.4269,1,NORMAL
NK-68,2026-06-19 19:00:00,4.984,203031.5893,4618.907,3285.806,64.4517,1,NORMAL
NK-68,2026-06-19 20:00:00,4.9867,233164.7988,4764.963,3192.5176,65.3221,1,NORMAL
NK-68,2026-06-19 21:00:00,4.99,184087.4999,4598.0418,3345.2263,62.8619,1,NORMAL
NK-68,2026-06-19 22:00:00,4.995,207987.5218,4592.372,3240.447,58.9074,1,NORMAL
NK-68,2026-06-19 23:00:00,4.985,191392.394,4691.7082,3283.0844,64.7924,1,NORMAL
NK-68,2026-06-20 00:00:00,4.985,203251.0096,4621.4017,3271.0643,66.1066,1,NORMAL
NK-68,2026-06-20 01:00:00,4.98,235146.8608,4594.4131,3086.6799,69.0969,1,NORMAL
NK-68,2026-06-20 02:00:00,4.9833,201319.2017,4629.6419,3252.6939,66.8623,1,NORMAL
NK-68,2026-06-20 03:00:00,4.9833,233440.1451,4601.5194,3168.175,68.0951,1,NORMAL
NK-68,2026-06-20 04:00:00,4.9867,195101.8445,4622.0821,3325.4195,67.8555,1,NORMAL
NK-68,2026-06-20 05:00:00,4.9833,229428.1514,4634.9338,3161.2199,71.4861,1,NORMAL
NK-68,2026-06-20 06:00:00,4.9867,213279.3049,4583.3758,3287.1667,70.6479,1,NORMAL
NK-68,2026-06-20 07:00:00,4.9933,227793.1034,4667.8947,3154.1137,69.7399,1,NORMAL
NK-68,2026-06-20 08:00:00,4.9833,218234.5707,4684.9799,3254.2059,68.895,1,NORMAL
NK-68,2026-06-20 09:00:00,4.3267,199476.3768,4566.1393,3262.0681,23.3091,-1,ANOMALÍA
NK-68,2026-06-20 10:00:00,4.0067,219878.8091,4512.1621,3254.3571,71.366,1,NORMAL
NK-68,2026-06-20 11:00:00,4.0,201297.6635,4495.7573,3346.587,73.217,1,NORMAL
NK-68,2026-06-20 12:00:00,4.005,226044.4047,4556.3116,3260.1781,74.0412,1,NORMAL
NK-68,2026-06-20 13:00:00,4.005,222538.2066,4524.3335,3257.003,75.7501,1,NORMAL
NK-68,2026-06-20 14:00:00,4.005,203542.6065,4539.3019,3322.5467,75.4676,1,NORMAL
NK-68,2026-06-20 15:00:00,4.005,219966.5984,4518.6636,3245.2097,77.5478,1,NORMAL
NK-68,2026-06-20 16:00:00,4.42,246814.2683,4576.9499,3250.4259,49.4981,1,NORMAL
NK-68,2026-06-20 17:00:00,4.415,227232.5288,4594.4131,3185.109,38.3152,1,NORMAL
NK-68,2026-06-20 18:00:00,4.42,227469.3724,4587.8361,3257.003,77.4859,1,NORMAL
NK-68,2026-06-20 19:00:00,4.42,219767.8656,4593.5059,3284.8988,39.1782,1,NORMAL
NK-68,2026-06-20 20:00:00,4.43,203916.8889,4524.1067,3262.2193,76.3854,1,NORMAL
NK-68,2026-06-20 21:00:00,4.42,214449.8336,4542.3637,3288.9811,80.0035,1,NORMAL
NK-68,2026-06-20 22:00:00,4.42,228568.5105,4583.8293,3202.3454,81.5493,1,NORMAL
NK-68,2026-06-20 23:00:00,4.42,213967.8293,4573.0944,3224.1177,81.6319,1,NORMAL
NK-68,2026-06-21 00:00:00,4.42,207542.0844,4517.076,3265.3944,81.4395,1,NORMAL
NK-68,2026-06-21 01:00:00,4.42,210953.3861,4476.4797,3354.7516,84.3438,1,NORMAL
NK-68,2026-06-21 02:00:00,4.415,231188.458,4522.7459,3226.6125,82.5058,1,NORMAL
NK-68,2026-06-21 03:00:00,4.42,219859.2896,4488.7266,3287.3935,80.748,1,NORMAL
NK-68,2026-06-21 04:00:00,4.4133,209647.8407,4439.4365,3339.0272,82.766,1,NORMAL
NK-68,2026-06-21 05:00:00,4.42,209445.9664,4438.8317,3275.6002,82.9549,1,NORMAL
NK-68,2026-06-21 06:00:00,4.42,223259.125,4479.428,3264.4872,84.4537,1,NORMAL
NK-68,2026-06-21 07:00:00,4.42,206803.691,4514.1277,3261.7657,82.5482,1,NORMAL
NK-68,2026-06-21 08:00:00,4.42,216769.7332,4505.5095,3286.4863,83.9041,1,NORMAL
NK-68,2026-06-21 09:00:00,4.42,229975.7291,4492.8089,3217.0871,83.7804,1,NORMAL
NK-68,2026-06-21 10:00:00,4.42,217621.2289,4442.2337,3354.0713,82.4727,1,NORMAL
NK-68,2026-06-21 11:00:00,4.425,214732.3066,4524.3335,3294.8778,77.6668,1,NORMAL
NK-68,2026-06-21 12:00:00,4.42,218240.2661,4527.5086,3290.1151,73.3136,1,NORMAL
NK-68,2026-06-21 13:00:00,4.42,201078.1516,4528.189,3387.8637,35.6848,-1,ANOMALÍA
NK-68,2026-06-21 14:00:00,4.415,248859.258,4595.5471,3208.0153,34.8574,1,NORMAL
NK-68,2026-06-21 15:00:00,4.49,197966.3009,4560.8475,3361.5555,64.1301,1,NORMAL
NK-68,2026-06-21 16:00:00,4.42,243206.2656,4618.7558,3271.5935,68.024,1,NORMAL
NK-68,2026-06-21 17:00:00,4.42,206707.8391,4560.3939,3352.9373,35.5303,-1,ANOMALÍA
NK-68,2026-06-21 18:00:00,4.42,247693.5318,4593.5059,3185.109,48.9964,1,NORMAL
NK-68,2026-06-21 19:00:00,4.42,206640.7184,4592.5988,3334.4913,70.7484,1,NORMAL
NK-68,2026-06-21 20:00:00,4.4167,226103.4689,4516.0932,3261.4633,23.443,1,NORMAL
NK-68,2026-06-21 21:00:00,4.42,202401.6382,4531.9689,3315.7429,49.2682,1,NORMAL
NK-68,2026-06-21 22:00:00,4.42,221090.7424,4509.5918,3208.6957,48.7259,1,NORMAL
NK-68,2026-06-21 23:00:00,4.4167,206911.9847,4536.3536,3285.6548,49.5042,1,NORMAL
NK-68,2026-06-22 00:00:00,4.4167,223708.5085,4528.7938,3195.6927,74.3797,1,NORMAL
NK-68,2026-06-22 01:00:00,4.4167,210964.3635,4540.8895,3254.5082,24.9347,1,NORMAL
NK-68,2026-06-22 02:00:00,4.41,205620.0797,4522.7459,3263.8824,74.9397,1,NORMAL
NK-68,2026-06-22 03:00:00,4.42,229893.4598,4603.4849,3194.1808,37.6728,1,NORMAL
NK-68,2026-06-22 04:00:00,4.415,212268.2832,4632.2879,3258.3638,76.7769,1,NORMAL
NK-68,2026-06-22 05:00:00,4.85,205807.525,4439.9657,3315.9697,73.784,1,NORMAL
NK-68,2026-06-22 06:00:00,4.85,232508.47,4484.4175,3159.9347,74.9023,1,NORMAL
NK-68,2026-06-22 07:00:00,4.8433,237380.1224,4489.785,3162.4295,75.3094,1,NORMAL
NK-68,2026-06-22 08:00:00,4.85,229536.0578,4529.5497,3254.9618,75.7232,1,NORMAL
NK-68,2026-06-22 09:00:00,4.9,216105.3817,4583.3002,3307.3515,73.4106,1,NORMAL
NK-68,2026-06-22 10:00:00,4.86,217643.2457,4542.0235,3336.1544,75.7443,1,NORMAL
NK-68,2026-06-22 11:00:00,4.85,232599.9117,4527.5086,3307.1247,76.5528,1,NORMAL
NK-68,2026-06-22 12:00:00,4.85,228322.8158,4595.0935,3328.4434,75.5489,1,NORMAL
NK-68,2026-06-22 13:00:00,4.855,219422.5671,4508.0042,3316.4233,76.6977,1,NORMAL
NK-68,2026-06-22 14:00:00,4.855,213525.9542,4510.2722,3294.651,74.2039,1,NORMAL
NK-68,2026-06-22 15:00:00,1.6167,223563.5447,1501.5341,1094.9663,75.5295,-1,ANOMALÍA
NK-68,2026-06-22 16:00:00,4.8567,245523.8592,4569.7681,3236.2135,85.0226,1,NORMAL
NK-68,2026-06-22 17:00:00,4.85,226309.9583,4530.6837,3265.6212,76.8375,1,NORMAL
NK-68,2026-06-22 18:00:00,4.856,216606.4438,4481.0156,3334.0679,76.8264,1,NORMAL
NK-68,2026-06-22 19:00:00,4.85,227356.9365,4518.8904,3243.8489,77.6093,1,NORMAL
NK-68,2026-06-22 20:00:00,4.85,217865.0219,4517.3028,3323.6807,76.3237,1,NORMAL
NK-68,2026-06-22 21:00:00,4.855,217785.5031,4528.8694,3293.7438,38.6735,1,NORMAL
NK-68,2026-06-22 22:00:00,4.85,212948.6071,4451.9859,3350.6693,77.2958,1,NORMAL
NK-68,2026-06-22 23:00:00,4.85,218233.8866,4461.2844,3279.6825,75.6766,1,NORMAL
NK-68,2026-06-23 00:00:00,4.85,217668.6526,4562.2082,3317.3305,75.3619,1,NORMAL
NK-68,2026-06-23 01:00:00,4.85,222994.7724,4511.8597,3265.848,75.5573,1,NORMAL
NK-68,2026-06-23 02:00:00,4.845,221551.2223,4513.6741,3292.1562,76.4163,1,NORMAL
NK-68,2026-06-23 03:00:00,4.855,212912.4993,4523.6531,3311.6606,76.0418,1,NORMAL
NK-68,2026-06-23 04:00:00,4.85,216019.5569,4551.0953,3247.2508,74.9859,1,NORMAL
NK-68,2026-06-23 05:00:00,4.85,218712.46,4540.6627,3230.9216,74.7565,1,NORMAL
NK-68,2026-06-23 06:00:00,4.85,217466.9876,4452.4394,3282.1772,74.7576,1,NORMAL
NK-68,2026-06-23 07:00:00,4.92,223310.9832,4497.5716,3274.2394,73.7781,1,NORMAL
NK-68,2026-06-24 12:00:00,4.85,228059.0277,4585.7949,3223.3617,70.1938,1,NORMAL
NK-68,2026-06-24 13:00:00,4.85,229181.3023,4536.3536,3206.2765,70.4098,1,NORMAL
NK-68,2026-06-24 14:00:00,4.854,232288.0439,4679.688,3202.164,67.1994,1,NORMAL
NK-68,2026-06-24 15:00:00,4.85,231740.4308,4553.1364,3193.2736,69.673,1,NORMAL
NK-68,2026-06-24 16:00:00,4.8833,224818.6129,4587.9117,3196.1463,67.9886,1,NORMAL
NK-68,2026-06-24 17:00:00,4.85,225549.2198,4560.5451,3223.6641,67.3682,1,NORMAL
NK-68,2026-06-24 18:00:00,4.8467,231683.0547,4585.7949,3205.9741,68.4837,1,NORMAL
NK-68,2026-06-24 19:00:00,4.8467,224617.6188,4604.2409,3226.6881,70.3116,1,NORMAL
NK-68,2026-06-24 20:00:00,4.85,222780.2455,4645.2152,3191.9128,71.5493,1,NORMAL
NK-68,2026-06-24 21:00:00,4.8467,222966.4427,4554.4972,3206.8813,71.0257,1,NORMAL
NK-68,2026-06-24 22:00:00,4.852,222517.2042,4557.0373,3257.5019,70.8856,1,NORMAL
NK-68,2026-06-24 23:00:00,4.855,218583.2896,4498.7056,3256.5494,72.8713,1,NORMAL
NK-68,2026-06-25 00:00:00,4.855,227707.6729,4523.1995,3134.9873,71.9285,1,NORMAL
NK-68,2026-06-25 01:00:00,4.845,219017.5577,4505.7363,3205.7473,70.7446,1,NORMAL
NK-68,2026-06-25 02:00:00,4.85,222760.6668,4491.4482,3129.771,71.5229,1,NORMAL
NK-68,2026-06-25 03:00:00,4.845,219055.7532,4697.1512,3210.9636,73.812,1,NORMAL
NK-68,2026-06-25 04:00:00,4.85,220322.9972,4559.2145,3212.4151,71.4038,1,NORMAL
NK-68,2026-06-25 05:00:00,4.8467,212298.6943,4525.4674,3282.782,72.364,1,NORMAL
NK-68,2026-06-25 06:00:00,4.854,216793.0942,4482.4671,3217.3139,71.252,1,NORMAL
NK-68,2026-06-25 07:00:00,4.85,233196.4229,4486.6099,3220.0354,71.5081,1,NORMAL
NK-68,2026-06-25 08:00:00,4.85,217884.3009,4554.6484,3311.0558,73.0555,1,NORMAL
NK-68,2026-06-25 09:00:00,4.84,210261.0993,4447.2232,3332.9793,72.4712,1,NORMAL
NK-68,2026-06-25 10:00:00,0.0,,0.0,0.0,,-1,ANOMALÍA
NK-68,2026-06-25 11:00:00,0.0,,0.0,0.0,,-1,ANOMALÍA
NK-68,2026-06-25 12:00:00,0.0,,0.0,0.0,,-1,ANOMALÍA
NK-68,2026-06-25 13:00:00,0.0,,0.0,0.0,,-1,ANOMALÍA
NK-68,2026-06-25 14:00:00,0.0,,0.0,0.0,,-1,ANOMALÍA
NK-68,2026-06-25 15:00:00,0.0,,0.0,0.0,,-1,ANOMALÍA
NK-68,2026-06-25 16:00:00,0.0,,0.0,0.0,,-1,ANOMALÍA
NK-68,2026-06-25 17:00:00,0.0,,0.0,0.0,,-1,ANOMALÍA
NK-68,2026-06-25 18:00:00,0.0,,0.0,0.0,,-1,ANOMALÍA
NK-68,2026-06-25 19:00:00,0.0,,0.0,0.0,,-1,ANOMALÍA
NK-68,2026-06-25 20:00:00,0.0,,0.0,0.0,,-1,ANOMALÍA
NK-68,2026-06-25 21:00:00,4.86,262519.6877,4558.5795,3246.7972,98.001,1,NORMAL
NK-68,2026-06-25 22:00:00,4.855,250787.9459,4497.1181,3186.9233,47.3147,1,NORMAL
NK-68,2026-06-25 23:00:00,4.85,236720.7203,4415.2451,3264.714,86.0833,1,NORMAL
NK-68,2026-06-26 00:00:00,4.85,229117.3382,4519.7976,3285.3524,82.8275,1,NORMAL
NK-68,2026-06-26 01:00:00,4.85,220111.3656,4456.7032,3287.4389,77.1199,1,NORMAL
NK-68,2026-06-26 02:00:00,4.8467,227734.397,4530.7593,3255.7178,77.3951,1,NORMAL
NK-68,2026-06-26 03:00:00,4.86,223377.2036,4481.7716,3301.0768,75.0356,1,NORMAL
NK-68,2026-06-26 04:00:00,4.8533,221394.7201,4523.8043,3264.9408,72.1887,1,NORMAL
NK-68,2026-06-26 05:00:00,4.8533,209975.9342,4492.6578,3291.0978,70.4461,1,NORMAL
NK-68,2026-06-26 06:00:00,4.85,224906.239,4500.8829,3182.7503,72.1871,1,NORMAL
NK-68,2026-06-26 07:00:00,4.85,231792.3894,4608.2022,3232.5545,76.4057,1,NORMAL
NK-68,2026-06-26 08:00:00,4.854,223873.069,4440.4647,3283.1751,62.2376,1,NORMAL
NK-68,2026-06-26 09:00:00,4.88,238071.5886,4519.5708,3226.1589,38.483,1,NORMAL
NK-68,2026-06-26 10:00:00,4.8567,250856.1192,4648.9951,3201.287,25.9962,1,NORMAL
NK-68,2026-06-26 11:00:00,4.848,247833.0147,4577.721,3282.3587,78.2541,1,NORMAL
NK-68,2026-06-26 12:00:00,4.85,229446.139,4555.858,3331.6186,78.097,1,NORMAL
NK-68,2026-06-26 13:00:00,4.85,217417.1442,4516.1688,3332.9793,76.1078,1,NORMAL
NK-68,2026-06-26 14:00:00,4.855,234522.8231,4496.8913,3240.9005,39.421,1,NORMAL
NK-68,2026-06-26 15:00:00,4.855,235127.086,4574.6819,3291.4758,76.2155,1,NORMAL
NK-68,2026-06-26 16:00:00,4.855,230233.5728,4580.125,3254.2815,77.127,1,NORMAL
NK-68,2026-06-26 17:00:00,4.91,221374.8003,4534.0856,3251.5599,76.5322,1,NORMAL
NK-68,2026-06-26 18:00:00,4.975,216141.4694,4546.5594,3257.2298,76.738,1,NORMAL
NK-68,2026-06-26 19:00:00,4.985,228453.6927,4490.9946,3157.2132,75.9908,1,NORMAL
NK-68,2026-06-26 20:00:00,4.98,236502.48,4532.7249,3246.7972,76.084,1,NORMAL
NK-68,2026-06-26 21:00:00,4.975,226281.5417,4541.7967,3268.5695,76.7807,1,NORMAL
NK-68,2026-06-26 22:00:00,4.972,223173.1229,4505.9631,3282.9937,76.8033,1,NORMAL
NK-68,2026-06-26 23:00:00,4.97,220947.7412,4512.6157,3286.1084,77.4379,1,NORMAL
NK-68,2026-06-27 00:00:00,4.966,220185.427,4565.2019,3240.2655,76.8061,1,NORMAL
NK-68,2026-06-27 01:00:00,4.97,229538.2344,4512.0109,3286.1084,51.2425,1,NORMAL
NK-68,2026-06-27 02:00:00,4.9733,227542.2324,4482.6788,3303.0424,77.1717,1,NORMAL
NK-68,2026-06-27 03:00:00,4.9767,220370.2921,4531.2129,3252.3915,76.71,1,NORMAL
NK-68,2026-06-27 04:00:00,5.02,221285.9163,4494.7745,3262.0681,74.6937,1,NORMAL
NK-68,2026-06-27 05:00:00,4.975,225622.343,4484.8711,3189.4181,77.6627,1,NORMAL
NK-68,2026-06-27 06:00:00,4.975,227979.1289,4496.4377,3254.2815,78.953,1,NORMAL
NK-68,2026-06-27 07:00:00,4.97,220898.0709,4552.6828,3283.9916,78.7662,1,NORMAL
NK-68,2026-06-27 08:00:00,4.97,235480.6985,4600.7634,3293.517,76.8974,1,NORMAL
NK-68,2026-06-27 09:00:00,4.975,227824.7449,4572.8676,3263.3533,38.0316,1,NORMAL
NK-68,2026-06-27 10:00:00,4.975,225927.2609,4484.1907,3279.0021,77.7341,1,NORMAL
NK-68,2026-06-27 11:00:00,4.98,231415.5335,4548.3737,3308.4855,77.6484,1,NORMAL
NK-68,2026-06-27 12:00:00,4.97,220055.3748,4569.4657,3308.2587,78.8267,1,NORMAL
NK-68,2026-06-27 13:00:00,4.975,230804.6261,4552.2292,3291.249,76.2962,1,NORMAL
NK-68,2026-06-27 14:00:00,4.975,223327.7498,4628.8859,3277.6413,76.859,1,NORMAL
NK-68,2026-06-27 15:00:00,4.975,217660.2528,4601.8973,3342.0511,77.7577,1,NORMAL
NK-68,2026-06-27 16:00:00,4.9733,242282.2339,4634.329,3264.1848,75.4648,1,NORMAL
NK-68,2026-06-27 17:00:00,4.98,232481.3703,4568.7853,3235.2307,67.2262,1,NORMAL
NK-68,2026-06-27 18:00:00,5.008,212841.0898,4630.5189,3317.7387,39.6844,1,NORMAL
NK-68,2026-06-27 19:00:00,4.97,219250.1743,4624.5012,3282.4796,65.0737,1,NORMAL
NK-68,2026-06-27 20:00:00,4.97,216189.4237,4579.8982,3233.3407,65.396,1,NORMAL
NK-68,2026-06-27 21:00:00,4.9767,226977.1916,4593.5059,3209.9052,48.5469,1,NORMAL
NK-68,2026-06-27 22:00:00,4.9733,225998.5643,4547.9957,3246.3436,72.7614,1,NORMAL
NK-68,2026-06-27 23:00:00,4.97,226939.646,4533.3297,3205.3693,72.926,1,NORMAL
NK-68,2026-06-28 00:00:00,4.97,223090.7939,4576.3602,3229.4701,70.0401,1,NORMAL
NK-68,2026-06-28 01:00:00,4.97,217354.1083,4584.2829,3192.6688,69.3573,1,NORMAL
NK-68,2026-06-28 02:00:00,4.97,220554.6461,4586.7021,3267.8136,67.4413,1,NORMAL
NK-68,2026-06-28 03:00:00,4.99,218362.667,4616.9414,3231.3752,64.9335,1,NORMAL
NK-68,2026-06-28 04:00:00,4.9667,219342.8972,4574.6063,3234.3991,43.343,1,NORMAL
NK-68,2026-06-28 05:00:00,4.975,221301.167,4524.787,3190.0985,65.9627,1,NORMAL
NK-68,2026-06-28 06:00:00,4.97,224250.1656,4672.2038,3238.4058,67.0862,1,NORMAL
NK-68,2026-06-28 07:00:00,4.975,224694.9677,4519.5708,3224.5713,67.012,1,NORMAL
NK-68,2026-06-28 08:00:00,4.975,232676.7829,4666.9875,3215.0459,34.1656,1,NORMAL
NK-68,2026-06-28 09:00:00,4.975,241279.209,4544.9718,3154.9452,71.898,1,NORMAL
NK-68,2026-06-28 10:00:00,4.965,250547.3461,4547.6933,3156.7596,71.8474,1,NORMAL
NK-68,2026-06-28 11:00:00,4.97,251933.3489,4622.9893,3149.0486,71.3996,1,NORMAL
NK-68,2026-06-28 12:00:00,4.9667,250785.3212,4656.1013,3171.6525,71.8908,1,NORMAL
NK-68,2026-06-28 13:00:00,4.98,227715.8231,4633.2707,3217.3139,72.0168,1,NORMAL
NK-68,2026-06-28 14:00:00,4.975,221595.3128,4597.5882,3290.1151,72.0416,1,NORMAL
NK-68,2026-06-28 15:00:00,4.98,225715.1013,4514.5813,3236.9694,71.5357,1,NORMAL
NK-68,2026-06-28 16:00:00,5.0233,237444.0398,4596.8323,3197.9607,71.1045,1,NORMAL
NK-68,2026-06-28 17:00:00,4.9767,229359.6494,4562.2082,3243.3197,72.7863,1,NORMAL
NK-68,2026-06-28 18:00:00,4.9733,220572.0731,4513.6741,3282.3284,73.3473,1,NORMAL
NK-68,2026-06-28 19:00:00,4.9733,219965.4515,4539.9823,3286.1084,73.8389,1,NORMAL
NK-68,2026-06-28 20:00:00,4.97,222053.1962,4511.2549,3220.9426,73.8487,1,NORMAL
NK-68,2026-06-28 21:00:00,4.9733,219593.8174,4585.3413,3222.4546,72.6652,1,NORMAL
NK-68,2026-06-28 22:00:00,4.975,218825.1224,4530.4569,3233.8699,71.4686,1,NORMAL
NK-68,2026-06-28 23:00:00,4.97,210304.4664,4504.1487,3191.308,70.6276,1,NORMAL
NK-68,2026-06-29 00:00:00,4.9733,216588.3507,4500.3688,3239.691,70.9506,1,NORMAL
NK-68,2026-06-29 01:00:00,4.978,210996.0647,4553.0457,3256.504,69.357,1,NORMAL
NK-68,2026-06-29 02:00:00,4.966,212781.4144,4573.0944,3305.9454,70.8097,1,NORMAL
NK-68,2026-06-29 03:00:00,4.965,216425.8142,4472.3974,3291.7026,67.3452,1,NORMAL
NK-68,2026-06-29 04:00:00,4.98,209629.6367,4507.9286,3186.0162,66.4103,1,NORMAL
NK-68,2026-06-29 05:00:00,4.9767,212855.2525,4558.2771,3263.2777,65.9411,1,NORMAL
NK-68,2026-06-29 06:00:00,4.975,209660.5979,4545.6522,3253.1475,66.6174,1,NORMAL
NK-68,2026-06-29 07:00:00,4.965,211925.7823,4617.9998,3257.6834,65.1908,1,NORMAL
NK-68,2026-06-29 08:00:00,4.97,209028.144,4526.1478,3189.6449,66.966,1,NORMAL
NK-68,2026-06-29 09:00:00,3.3133,187747.6538,2945.6135,2287.7568,0.1698,-1,ANOMALÍA
NK-68,2026-06-29 10:00:00,4.975,205616.5989,4557.6723,3343.6387,60.4636,1,NORMAL
NK-68,2026-06-29 11:00:00,4.97,213686.8586,4742.5556,3300.6837,57.9136,1,NORMAL
NK-68,2026-06-29 12:00:00,4.9767,214729.6751,4613.6151,3203.4038,63.8203,1,NORMAL
NK-68,2026-06-29 13:00:00,5.092,220916.3726,4592.8709,3281.9051,58.544,1,NORMAL
NK-68,2026-06-29 14:00:00,4.9667,219618.8919,4642.0401,3240.9005,67.9565,1,NORMAL
NK-68,2026-06-29 15:00:00,4.97,239832.9181,4659.0497,3185.3358,70.1905,1,NORMAL
NK-68,2026-06-29 16:00:00,4.165,259346.9429,4524.3335,3085.546,77.691,1,NORMAL
NK-68,2026-06-29 17:00:00,4.16,205737.2394,4527.7354,3333.1305,76.4109,1,NORMAL
NK-68,2026-06-29 18:00:00,4.165,241803.3985,4558.8063,3205.2937,76.1111,1,NORMAL
NK-68,2026-06-29 19:00:00,4.17,216682.4745,4528.8694,3151.5433,76.6767,1,NORMAL
NK-68,2026-06-29 20:00:00,4.17,218189.2188,4480.562,3232.2823,75.1268,1,NORMAL
NK-68,2026-06-29 21:00:00,4.2133,234916.2461,4546.3326,3147.1586,74.1552,1,NORMAL
NK-68,2026-06-29 22:00:00,4.17,225365.69,4557.8991,3203.0258,75.4642,1,NORMAL
NK-68,2026-06-29 23:00:00,4.165,229455.5854,4669.709,3186.243,75.8352,1,NORMAL
NK-68,2026-06-30 00:00:00,4.165,234554.2136,4586.0217,3208.4689,76.6627,1,NORMAL
NK-68,2026-06-30 01:00:00,4.17,232038.3762,4527.2818,3118.4313,74.6578,1,NORMAL
NK-68,2026-06-30 02:00:00,4.165,225890.9371,4578.3107,3112.3078,73.3159,1,NORMAL
NK-68,2026-06-30 03:00:00,4.21,220316.5506,4639.5453,3186.0162,34.0658,-1,ANOMALÍA
NK-68,2026-06-30 04:00:00,4.16,233532.9779,4703.9551,3189.1913,75.0357,1,NORMAL
NK-68,2026-06-30 05:00:00,4.165,225793.5304,4513.9009,3236.5914,77.1034,1,NORMAL
NK-68,2026-06-30 06:00:00,4.165,220286.5526,4527.2818,3191.4592,74.5778,1,NORMAL
NK-68,2026-06-30 07:00:00,4.16,226454.4029,4480.1084,3213.2316,76.5857,1,NORMAL
NK-68,2026-06-30 08:00:00,4.1633,224592.6983,4505.9631,3189.0401,25.5329,-1,ANOMALÍA
NK-68,2026-06-30 09:00:00,4.1667,219706.1721,4567.9537,3194.4832,48.5567,1,NORMAL
NK-68,2026-06-30 10:00:00,4.16,229315.4049,4602.8801,3178.6075,73.7161,1,NORMAL
NK-68,2026-06-30 11:00:00,4.1633,225221.31,4553.7412,3212.6268,48.5021,1,NORMAL
NK-68,2026-06-30 12:00:00,4.1667,223218.3404,4497.0425,3179.9683,73.3415,1,NORMAL
NK-68,2026-06-30 13:00:00,4.16,222602.0578,4626.0132,3234.0967,48.8167,1,NORMAL
NK-68,2026-06-30 14:00:00,4.1633,221459.5612,4541.7967,3228.3512,24.5359,-1,ANOMALÍA
NK-68,2026-06-30 15:00:00,4.1667,219982.754,4571.8848,3256.7762,24.4896,-1,ANOMALÍA
NK-68,2026-06-30 16:00:00,4.1667,222083.3879,4550.1125,3229.5608,75.5684,1,NORMAL
NK-68,2026-06-30 17:00:00,4.1633,219567.0774,4539.5287,3245.4365,77.6712,1,NORMAL
NK-68,2026-06-30 18:00:00,4.17,243551.4734,4565.1566,3186.9233,78.5828,1,NORMAL
NK-68,2026-06-30 19:00:00,4.165,224130.3771,4552.6828,3185.7894,39.3721,1,NORMAL
NK-68,2026-06-30 20:00:00,4.165,222798.1379,4532.0445,3201.665,81.0893,1,NORMAL
NK-68,2026-06-30 21:00:00,4.165,218248.7832,4446.7696,3229.5608,80.5635,1,NORMAL
NK-68,2026-06-30 22:00:00,4.16,242051.3212,4598.7222,3146.1002,81.6498,1,NORMAL
NK-68,2026-06-30 23:00:00,4.165,236357.903,4577.1767,3176.7176,79.2899,1,NORMAL
NK-68,2026-07-01 00:00:00,4.1633,222291.5204,4525.165,3219.4306,80.9526,1,NORMAL
NK-68,2026-07-01 01:00:00,4.165,220578.068,4498.252,3189.6449,80.5118,1,NORMAL
NK-68,2026-07-01 02:00:00,4.165,246749.8473,4543.8378,3119.5652,79.8124,1,NORMAL
NK-68,2026-07-01 03:00:00,4.165,235248.5923,4634.7826,3192.5932,79.8777,1,NORMAL
NK-68,2026-07-01 04:00:00,4.16,232793.1535,4596.2275,3155.3232,80.4056,1,NORMAL
NK-68,2026-07-01 05:00:00,4.164,226714.0962,4515.5792,3195.9951,79.6136,1,NORMAL
NK-68,2026-07-01 06:00:00,4.16,239899.6401,4501.5784,3128.4102,81.2048,1,NORMAL
NK-68,2026-07-01 07:00:00,4.1833,236048.7771,4533.7832,3102.5556,79.2434,1,NORMAL
NK-68,2026-07-01 08:00:00,4.164,243342.229,4546.3326,3166.4211,80.4973,1,NORMAL
NK-68,2026-07-01 09:00:00,4.1633,249206.8962,4609.3816,3145.3443,80.109,1,NORMAL
NK-68,2026-07-01 10:00:00,4.1667,246723.5608,4604.5433,3129.9222,78.5855,1,NORMAL
NK-68,2026-07-01 11:00:00,4.1633,252003.135,4581.259,3111.1738,80.0314,1,NORMAL
NK-68,2026-07-01 12:00:00,4.17,244643.8112,4616.639,3138.5404,78.1131,1,NORMAL
NK-68,2026-07-01 13:00:00,4.1667,237805.1741,4567.8025,3120.2456,76.0613,1,NORMAL
NK-68,2026-07-01 14:00:00,4.1633,237978.4895,4510.499,3186.1674,76.4465,1,NORMAL
NK-68,2026-07-01 15:00:00,4.1667,237405.6496,4575.2111,3137.6332,47.4956,1,NORMAL
NK-68,2026-07-01 16:00:00,4.1667,223500.3245,4531.3641,3183.8994,47.2214,1,NORMAL
NK-68,2026-07-01 17:00:00,4.165,233933.6575,4609.6084,3189.4181,70.8642,1,NORMAL
NK-68,2026-07-01 18:00:00,4.17,222584.5379,4526.8282,3176.4908,69.8659,1,NORMAL
NK-68,2026-07-01 19:00:00,4.16,225047.5939,4460.8309,3168.5529,36.971,-1,ANOMALÍA
NK-68,2026-07-01 20:00:00,4.16,226510.1111,4583.5269,3174.4496,72.5739,1,NORMAL
NK-68,2026-07-01 21:00:00,4.165,231417.2683,4530.4569,3161.2955,37.515,-1,ANOMALÍA
NK-68,2026-07-01 22:00:00,4.2133,230382.8575,4551.9268,3220.6402,0.1723,-1,ANOMALÍA
NK-68,2026-07-01 23:00:00,4.1667,232111.2494,4456.9753,3203.4038,76.1538,1,NORMAL
NK-68,2026-07-02 00:00:00,4.16,225447.1796,4468.9955,3198.2631,75.3588,1,NORMAL
NK-68,2026-07-02 01:00:00,4.166,224840.9326,4500.7921,3192.185,77.2156,1,NORMAL
NK-68,2026-07-02 02:00:00,4.17,226273.361,4486.9123,3199.7751,78.4048,1,NORMAL
NK-68,2026-07-02 03:00:00,4.1633,228625.5456,4497.1937,3231.0728,77.8568,1,NORMAL
NK-68,2026-07-02 04:00:00,4.16,222980.8052,4495.5305,3189.0401,78.3081,1,NORMAL
NK-68,2026-07-02 05:00:00,4.1567,217321.9193,4441.5533,3271.8959,80.914,1,NORMAL
NK-68,2026-07-02 06:00:00,4.2133,220978.311,4425.6776,3234.7015,78.2435,1,NORMAL
NK-68,2026-07-02 07:00:00,4.1633,233988.9055,4520.3267,3198.5655,52.6837,1,NORMAL
NK-68,2026-07-02 08:00:00,4.16,235295.0076,4495.9841,3210.3588,53.597,1,NORMAL
NK-68,2026-07-02 09:00:00,4.1667,228913.2751,4461.9648,3261.9169,54.2123,1,NORMAL
NK-68,2026-07-02 10:00:00,4.1633,221645.7189,4555.102,3253.9035,55.0302,1,NORMAL
NK-68,2026-07-02 11:00:00,4.1633,227091.1467,4507.9286,3180.4219,52.7664,1,NORMAL
NK-68,2026-07-02 12:00:00,4.165,224165.8206,4473.5314,3258.5906,75.9032,1,NORMAL
NK-68,2026-07-02 13:00:00,4.165,209080.3027,4665.6267,3268.5695,73.1983,1,NORMAL
NK-68,2026-07-02 14:00:00,4.225,223839.7933,4545.879,3107.7719,35.1611,-1,ANOMALÍA
NK-68,2026-07-02 15:00:00,4.17,223969.4257,4636.1434,3230.468,68.4556,1,NORMAL
NK-68,2026-07-02 16:00:00,4.168,209761.9307,4528.824,3314.8357,27.9021,-1,ANOMALÍA
NK-68,2026-07-02 17:00:00,4.165,234010.5576,4548.6005,3183.2946,0.2657,-1,ANOMALÍA
NK-68,2026-07-02 18:00:00,4.165,214053.8909,4574.0016,3217.3139,35.8551,1,NORMAL
NK-68,2026-07-02 19:00:00,4.16,229987.0333,4570.146,3179.8927,73.7962,1,NORMAL
NK-68,2026-07-02 20:00:00,4.165,228344.56,4692.1618,3286.4863,36.6896,-1,ANOMALÍA
NK-68,2026-07-02 21:00:00,4.16,208804.3902,4558.1259,3237.4986,73.1726,1,NORMAL
NK-68,2026-07-02 22:00:00,4.166,230359.1704,4531.727,3195.3601,43.7101,1,NORMAL
NK-68,2026-07-02 23:00:00,4.1633,215923.8837,4529.0962,3272.803,72.9603,1,NORMAL
NK-68,2026-07-03 00:00:00,4.1633,223217.7501,4550.5661,3176.9444,71.8446,1,NORMAL
NK-68,2026-07-03 01:00:00,4.21,218724.6888,4611.4681,3183.1132,70.1889,1,NORMAL
NK-68,2026-07-03 02:00:00,4.17,212737.6176,4516.0932,3235.9111,71.0408,1,NORMAL
NK-68,2026-07-03 03:00:00,4.16,226751.6442,4538.6215,3247.9312,73.142,1,NORMAL
NK-68,2026-07-03 09:00:00,4.1667,222922.7228,4555.2532,3212.3244,76.7961,1,NORMAL
NK-68,2026-07-03 10:00:00,4.1667,234993.203,4530.7593,3193.8784,78.2224,1,NORMAL
NK-68,2026-07-03 11:00:00,4.5767,248349.8843,4543.7622,3118.1289,25.012,-1,ANOMALÍA
NK-68,2026-07-03 12:00:00,4.57,222254.5123,4490.541,3150.4093,36.7087,1,NORMAL
NK-68,2026-07-03 13:00:00,4.575,222169.1992,4559.0331,3222.7569,0.2201,-1,ANOMALÍA
NK-68,2026-07-03 14:00:00,4.57,215490.2946,4682.8632,3174.6764,77.5791,1,NORMAL
NK-68,2026-07-03 15:00:00,4.58,230351.6016,4574.6819,3048.8052,74.1598,1,NORMAL
NK-68,2026-07-03 16:00:00,4.565,229069.7477,4625.484,3147.6878,0.2344,-1,ANOMALÍA
NK-68,2026-07-03 17:00:00,4.575,216700.2253,4507.5506,3274.2394,69.776,1,NORMAL
NK-68,2026-07-03 18:00:00,4.57,214906.2705,4503.5137,3242.6242,69.767,1,NORMAL
NK-68,2026-07-03 19:00:00,4.58,212924.1706,4542.4015,3179.2123,67.2651,1,NORMAL
NK-68,2026-07-03 20:00:00,4.57,230121.3961,4614.3711,3151.3921,47.6547,1,NORMAL
NK-68,2026-07-03 21:00:00,4.5733,219427.6497,4593.6571,3201.287,47.7033,1,NORMAL
NK-68,2026-07-03 22:00:00,4.5733,224850.9448,4571.4312,3096.0541,25.0637,1,NORMAL
NK-68,2026-07-03 23:00:00,4.58,231815.9091,4624.3501,3121.1528,25.0271,1,NORMAL
NK-68,2026-07-04 00:00:00,4.5767,234370.9628,4612.8591,3094.6934,24.5078,-1,ANOMALÍA
NK-68,2026-07-04 01:00:00,4.5733,235855.074,4609.2304,3106.4867,50.8911,1,NORMAL
NK-68,2026-07-04 02:00:00,4.57,228346.0383,4632.3635,3098.3221,50.7296,1,NORMAL
NK-68,2026-07-04 03:00:00,4.5733,228938.7757,4634.0266,3114.8025,25.5024,-1,ANOMALÍA
NK-68,2026-07-04 04:00:00,4.57,237559.1702,4674.0938,3079.2713,0.1789,-1,ANOMALÍA
NK-68,2026-07-04 05:00:00,4.575,238732.7208,4608.928,3021.5898,0.2843,-1,ANOMALÍA
NK-68,2026-07-04 06:00:00,4.57,244709.0311,4617.773,3129.0906,0.2179,-1,ANOMALÍA
NK-68,2026-07-04 07:00:00,4.575,237715.3159,4698.2852,3131.5854,0.191,-1,ANOMALÍA
NK-68,2026-07-04 08:00:00,4.655,219690.6773,4564.9298,3260.1781,32.1773,1,NORMAL
NK-68,2026-07-04 09:00:00,4.57,247070.1872,4669.4823,3106.4111,71.5869,1,NORMAL
NK-68,2026-07-04 10:00:00,4.57,243038.7046,4626.1644,3114.8025,72.3111,1,NORMAL
NK-68,2026-07-04 11:00:00,4.57,244916.9821,4586.7021,3068.9899,69.993,1,NORMAL
NK-68,2026-07-04 12:00:00,4.57,250762.8504,4558.5795,3143.3787,69.9273,1,NORMAL
NK-68,2026-07-04 13:00:00,4.575,238295.0155,4583.3002,3113.215,0.0581,-1,ANOMALÍA
NK-68,2026-07-04 14:00:00,4.58,174939.3551,4586.2485,3361.3287,39.6102,1,NORMAL
NK-68,2026-07-04 15:00:00,4.576,231186.8326,4655.9199,3119.3384,41.7175,1,NORMAL
NK-68,2026-07-04 16:00:00,4.5767,231542.4218,4597.437,3195.6927,68.6248,1,NORMAL
NK-68,2026-07-04 17:00:00,4.5733,231236.1791,4570.3728,3174.374,23.1964,1,NORMAL
NK-68,2026-07-04 18:00:00,4.57,232392.8027,4600.3098,3166.0582,68.8185,1,NORMAL
NK-68,2026-07-04 19:00:00,4.57,228226.0614,4650.5071,3169.0821,46.7307,1,NORMAL
NK-68,2026-07-04 20:00:00,4.57,225347.3661,4618.1132,3108.9059,17.8244,-1,ANOMALÍA
NK-68,2026-07-04 21:00:00,4.57,228576.7448,4558.3981,3091.6694,14.7821,-1,ANOMALÍA
NK-68,2026-07-04 22:00:00,4.575,216859.5612,4547.4665,3144.5127,71.0912,1,NORMAL
NK-68,2026-07-04 23:00:00,4.5733,216037.1466,4528.0378,3174.6764,47.3493,1,NORMAL
NK-68,2026-07-05 00:00:00,4.57,218447.6243,4598.0418,3195.088,47.8873,1,NORMAL
NK-68,2026-07-05 01:00:00,4.5733,219586.0678,4587.0045,3106.0331,23.259,1,NORMAL
NK-68,2026-07-05 02:00:00,4.5767,218360.0906,4574.304,3160.3127,23.7316,1,NORMAL
NK-68,2026-07-05 03:00:00,4.5733,215853.7126,4519.8732,3147.1586,46.7697,1,NORMAL
NK-68,2026-07-05 04:00:00,4.5767,218154.4809,4592.2964,3131.1318,46.8006,1,NORMAL
NK-68,2026-07-05 05:00:00,4.5733,222124.6872,4554.7996,3188.4353,24.2897,1,NORMAL
NK-68,2026-07-05 06:00:00,4.57,229034.5777,4681.3512,3214.5923,71.9831,1,NORMAL
NK-68,2026-07-05 07:00:00,4.57,230661.8003,4654.287,3195.5415,35.6523,1,NORMAL
NK-68,2026-07-05 08:00:00,4.575,225880.9744,4578.3107,3210.0564,0.1546,-1,ANOMALÍA
NK-68,2026-07-05 09:00:00,4.575,217599.0076,4608.7012,3302.362,36.2048,1,NORMAL
NK-68,2026-07-05 10:00:00,4.575,227066.9041,4580.8054,3192.1396,34.6724,1,NORMAL
NK-68,2026-07-05 11:00:00,4.57,234544.5034,4613.2371,3215.7263,70.5912,1,NORMAL
NK-68,2026-07-05 12:00:00,4.5767,216289.1481,4561.9058,3221.8498,68.5824,1,NORMAL
NK-68,2026-07-05 13:00:00,4.5767,216832.2386,4524.1067,3282.4796,68.4906,1,NORMAL
NK-68,2026-07-05 14:00:00,4.5767,208399.7738,4539.5287,3248.914,69.1311,1,NORMAL
NK-68,2026-07-05 15:00:00,4.5733,214625.313,4537.5632,3269.1743,70.3418,1,NORMAL
NK-68,2026-07-05 16:00:00,4.5733,212956.5709,4525.0138,3279.1533,47.1569,1,NORMAL
NK-68,2026-07-05 17:00:00,4.58,211001.2577,4539.9823,3336.7592,45.5591,1,NORMAL
NK-68,2026-07-05 18:00:00,4.5733,204400.3098,4536.2024,3309.3926,46.5342,1,NORMAL
NK-68,2026-07-05 19:00:00,4.58,202453.3919,4531.3641,3353.6177,71.1518,1,NORMAL
NK-68,2026-07-05 20:00:00,4.5767,208410.8498,4485.5515,3352.3325,69.7725,1,NORMAL
NK-68,2026-07-05 21:00:00,4.58,201136.6459,4543.8378,3311.4338,69.064,1,NORMAL
NK-68,2026-07-05 22:00:00,4.58,202970.8395,4526.3746,3375.39,33.6128,-1,ANOMALÍA
NK-68,2026-07-05 23:00:00,4.57,208197.2811,4488.273,3346.8138,35.5733,1,NORMAL
NK-68,2026-07-06 00:00:00,4.57,203900.0539,4482.6788,3310.9046,23.7968,-1,ANOMALÍA
NK-68,2026-07-06 01:00:00,4.57,198408.2666,4523.1995,3262.8997,68.0969,1,NORMAL
NK-68,2026-07-06 02:00:00,4.575,203091.8129,4453.1198,3288.7543,33.6569,1,NORMAL
NK-68,2026-07-06 03:00:00,4.58,197263.054,4568.3317,3275.827,68.1197,1,NORMAL
NK-68,2026-07-06 04:00:00,4.58,203304.722,4574.6819,3368.1325,67.0644,1,NORMAL
NK-68,2026-07-06 05:00:00,4.575,197708.1813,4516.1688,3384.0082,33.6983,-1,ANOMALÍA
NK-68,2026-07-06 06:00:00,4.575,222469.4145,4479.8816,3289.4347,35.3151,1,NORMAL
NK-68,2026-07-06 07:00:00,4.58,205645.412,4505.2827,3295.5581,52.081,1,NORMAL
NK-68,2026-07-06 08:00:00,4.5733,193707.8915,4463.3256,3400.8666,46.4709,-1,ANOMALÍA
NK-68,2026-07-06 09:00:00,4.6233,278668.3318,4600.9146,3197.9607,66.3773,1,NORMAL
NK-68,2026-07-06 10:00:00,4.58,202959.0299,4507.097,3282.404,70.7172,1,NORMAL
NK-68,2026-07-06 12:00:00,4.58,225153.1572,4474.4386,3356.1124,98.7632,1,NORMAL
NK-68,2026-07-06 13:00:00,4.57,257772.4665,4494.6233,3229.7876,99.4558,1,NORMAL
NK-68,2026-07-06 14:00:00,4.58,216064.9218,4523.6531,3393.3068,98.6451,1,NORMAL
NK-68,2026-07-06 15:00:00,4.575,220040.2252,4600.7634,3285.5792,68.4365,1,NORMAL
NK-68,2026-07-06 16:00:00,4.585,201153.2754,4455.161,3401.925,83.6514,-1,ANOMALÍA
NK-68,2026-07-06 17:00:00,4.58,186771.6216,4514.3545,3425.9653,33.6028,-1,ANOMALÍA
NK-68,2026-07-06 18:00:00,4.575,222733.3478,4561.7546,3346.8138,64.2432,1,NORMAL
NK-68,2026-07-06 19:00:00,4.57,219004.8635,4654.7406,3263.8068,58.5055,1,NORMAL
NK-68,2026-07-06 20:00:00,4.572,203206.6953,4612.466,3373.1674,63.606,1,NORMAL
NK-68,2026-07-06 21:00:00,4.58,197902.4062,4525.0138,3372.5928,67.083,1,NORMAL
NK-68,2026-07-06 22:00:00,4.57,228200.8167,4658.8229,3108.4523,49.8424,1,NORMAL
NK-68,2026-07-06 23:00:00,4.57,245439.3484,4696.0173,2993.3916,25.1212,-1,ANOMALÍA
NK-68,2026-07-07 00:00:00,4.578,236045.5418,4696.8337,3009.5696,14.3467,-1,ANOMALÍA
NK-68,2026-07-07 01:00:00,4.57,210554.0511,4669.8905,3268.2974,41.3992,1,NORMAL
NK-68,2026-07-07 02:00:00,4.572,219697.492,4622.1728,3198.626,67.4884,1,NORMAL
NK-68,2026-07-07 03:00:00,4.57,236472.4657,4648.3903,3048.8052,68.7529,1,NORMAL
NK-68,2026-07-07 04:00:00,4.57,211130.194,4683.3167,3305.9907,68.0234,1,NORMAL
NK-68,2026-07-07 05:00:00,4.57,231499.892,4617.773,3200.3042,68.8977,1,NORMAL
NK-68,2026-07-07 06:00:00,4.575,240726.2772,4677.1933,3006.6213,67.225,1,NORMAL
NK-68,2026-07-07 07:00:00,4.57,247929.0198,4752.4892,3011.384,35.6483,-1,ANOMALÍA
NK-68,2026-07-07 08:00:00,4.5767,246708.8567,4723.5351,3061.1277,23.7652,-1,ANOMALÍA
NK-68,2026-07-07 09:00:00,4.57,266261.0158,4634.329,3085.0924,81.7901,1,NORMAL
NK-68,2026-07-07 10:00:00,4.57,264247.3666,4781.2922,3023.1773,38.5646,-1,ANOMALÍA
NK-68,2026-07-07 11:00:00,4.57,249851.9475,4708.9446,3049.9392,0.2207,-1,ANOMALÍA
NK-68,2026-07-07 12:00:00,4.575,254566.2536,4710.3054,2973.5092,0.1999,-1,ANOMALÍA
NK-68,2026-07-07 13:00:00,4.57,252137.2577,4692.6909,3010.9304,0.1858,-1,ANOMALÍA
NK-68,2026-07-07 14:00:00,4.65,245197.9185,4670.1626,3081.0101,67.3121,1,NORMAL
NK-68,2026-07-07 15:00:00,4.57,248657.0011,4666.3071,3024.7649,34.7575,-1,ANOMALÍA
NK-68,2026-07-07 16:00:00,4.6267,252452.9325,4657.9157,3068.234,21.5306,-1,ANOMALÍA
NK-68,2026-07-07 17:00:00,4.5733,255263.7032,4733.2117,3063.5469,47.339,1,NORMAL
NK-68,2026-07-07 18:00:00,4.6233,246220.3311,4663.0564,3070.9555,67.9087,1,NORMAL
NK-68,2026-07-07 19:00:00,4.5733,251831.9855,4652.9262,3073.2234,47.3224,1,NORMAL
NK-68,2026-07-07 20:00:00,4.57,252534.3402,4642.1913,3062.6397,70.0329,1,NORMAL
NK-68,2026-07-07 21:00:00,4.5733,243156.4471,4672.4306,3026.3525,23.1951,-1,ANOMALÍA
NK-68,2026-07-07 22:00:00,4.58,240669.5924,4631.8343,3083.5048,35.5293,1,NORMAL
NK-68,2026-07-07 23:00:00,4.57,240503.9544,4571.0532,3171.7281,34.566,1,NORMAL
NK-68,2026-07-08 00:00:00,4.575,242441.0786,4605.5261,3043.5889,69.9599,1,NORMAL
NK-68,2026-07-08 01:00:00,4.575,239757.2682,4675.3789,3109.3594,69.0695,1,NORMAL
NK-68,2026-07-08 02:00:00,4.575,234586.3598,4618.6802,3133.1729,35.6501,1,NORMAL
NK-68,2026-07-08 03:00:00,4.62,227315.9016,4632.7415,3169.9137,30.3963,1,NORMAL
NK-68,2026-07-08 04:00:00,4.575,231083.0421,4518.8904,3194.4076,67.348,1,NORMAL
NK-68,2026-07-08 05:00:00,4.575,232658.9938,4542.2503,3156.9864,67.9789,1,NORMAL
NK-68,2026-07-08 06:00:00,4.58,230696.8251,4572.1872,3178.3051,33.8393,1,NORMAL
NK-68,2026-07-08 07:00:00,4.575,234649.7793,4559.7135,3158.1204,33.7541,1,NORMAL
NK-68,2026-07-08 08:00:00,4.575,230238.8549,4566.0637,3213.0048,69.7196,1,NORMAL
NK-68,2026-07-08 09:00:00,4.57,228533.799,4665.3999,3125.0083,70.7157,1,NORMAL
NK-68,2026-07-08 10:00:00,4.57,233427.7878,4564.9298,3130.905,71.8038,1,NORMAL
NK-68,2026-07-08 11:00:00,4.58,232057.4637,4543.3842,3164.6974,71.1223,1,NORMAL
NK-68,2026-07-08 12:00:00,4.575,234892.0877,4570.146,3186.6965,35.6673,1,NORMAL
NK-68,2026-07-08 13:00:00,4.575,230281.4702,4590.5576,3158.8008,18.6712,-1,ANOMALÍA
NK-68,2026-07-08 14:00:00,4.5767,228760.2858,4576.1183,3178.4563,24.287,1,NORMAL
NK-68,2026-07-08 15:00:00,4.655,227048.7386,4595.5471,3173.3156,70.4679,1,NORMAL
NK-68,2026-07-08 16:00:00,4.57,242120.4821,4594.2619,3190.2497,58.1855,1,NORMAL
NK-68,2026-07-08 17:00:00,4.5767,233750.8417,4595.6227,3181.4803,0.157,-1,ANOMALÍA
NK-68,2026-07-08 18:00:00,4.575,237930.6732,4565.8369,3203.0258,75.5147,1,NORMAL
NK-68,2026-07-08 19:00:00,4.575,218906.0777,4529.2095,3192.3664,0.2339,-1,ANOMALÍA
NK-68,2026-07-08 20:00:00,4.59,218149.2466,4555.5556,3199.4727,24.7446,1,NORMAL
NK-68,2026-07-08 21:00:00,4.5733,217801.927,4547.0886,3161.5223,74.0708,1,NORMAL
NK-68,2026-07-08 22:00:00,4.5767,223727.0303,4479.9572,3197.2047,49.3804,1,NORMAL
NK-68,2026-07-08 23:00:00,4.57,219141.319,4619.3606,3166.285,37.1126,1,NORMAL
NK-68,2026-07-09 00:00:00,4.5767,212774.7473,4544.9718,3208.6957,49.7012,1,NORMAL
NK-68,2026-07-09 01:00:00,4.63,211781.2687,4522.8971,3195.2392,68.7452,1,NORMAL
NK-68,2026-07-09 02:00:00,4.5667,219045.6107,4521.6875,3225.1761,47.7932,1,NORMAL
NK-68,2026-07-09 03:00:00,4.5733,210013.0967,4601.9729,3236.667,46.5794,1,NORMAL
NK-68,2026-07-09 04:00:00,4.5733,209005.203,4572.792,3254.3571,69.2066,1,NORMAL
NK-68,2026-07-09 05:00:00,4.57,215821.0903,4514.5813,3231.3752,70.2726,1,NORMAL
NK-68,2026-07-09 06:00:00,4.575,211267.0604,4487.1391,3271.9715,70.5169,1,NORMAL
NK-68,2026-07-09 07:00:00,4.575,203697.9724,4498.7056,3249.5188,33.6065,1,NORMAL
NK-68,2026-07-09 08:00:00,4.575,205105.9164,4450.8519,3297.3725,34.4384,1,NORMAL
NK-68,2026-07-09 09:00:00,4.57,212270.212,4546.5594,3255.1886,68.8626,1,NORMAL
NK-68,2026-07-09 10:00:00,4.572,208105.4891,4517.3935,3334.8844,68.2985,1,NORMAL
NK-68,2026-07-09 11:00:00,4.5767,213045.4234,4549.8101,3296.9945,44.781,1,NORMAL
NK-68,2026-07-09 12:00:00,4.5733,195594.7686,4553.1364,3401.6226,45.4306,-1,ANOMALÍA
NK-68,2026-07-09 13:00:00,4.58,227436.3933,4541.1919,3249.3676,68.0687,1,NORMAL
NK-68,2026-07-09 14:00:00,4.5967,191558.7704,4552.3804,3402.8322,69.2905,1,NORMAL
NK-68,2026-07-09 15:00:00,4.5733,208788.0666,4520.6291,3313.0214,68.8451,1,NORMAL
NK-68,2026-07-09 16:00:00,4.5767,212443.4947,4622.6869,3271.4423,69.8501,1,NORMAL
NK-68,2026-07-09 17:00:00,4.57,190919.249,4580.8054,3446.8304,67.0962,1,NORMAL
NK-68,2026-07-09 18:00:00,4.58,220877.0483,4605.5261,3239.0862,68.3254,1,NORMAL
NK-68,2026-07-09 19:00:00,4.58,187786.3733,4491.5994,3422.9413,45.2511,-1,ANOMALÍA
NK-68,2026-07-09 20:00:00,4.5767,204060.0303,4496.8913,3361.5555,68.4277,1,NORMAL
NK-68,2026-07-09 21:00:00,4.58,228049.1084,4571.9604,3204.1598,67.226,1,NORMAL
NK-68,2026-07-09 22:00:00,4.57,181676.4719,4465.14,3421.883,68.0446,1,NORMAL
NK-68,2026-07-09 23:00:00,4.58,207748.4371,4527.055,3328.897,68.0926,1,NORMAL
NK-68,2026-07-10 00:00:00,4.5733,199871.7636,4487.0635,3345.831,67.8665,1,NORMAL
NK-68,2026-07-10 01:00:00,4.57,193068.8159,4509.365,3360.8751,69.6674,1,NORMAL
NK-68,2026-07-10 02:00:00,4.5733,223152.5552,4543.9134,3241.8077,67.971,1,NORMAL
NK-68,2026-07-10 03:00:00,4.575,182970.7813,4517.5296,3458.1702,67.909,1,NORMAL
NK-68,2026-07-10 04:00:00,4.625,203058.6903,4569.6925,3266.5284,65.1501,1,NORMAL
NK-68,2026-07-10 05:00:00,4.575,215887.354,4536.1268,3218.2211,67.1393,1,NORMAL
NK-68,2026-07-10 06:00:00,4.57,193026.0917,4510.8618,3314.11,27.4435,1,NORMAL
NK-68,2026-07-10 07:00:00,4.5767,217439.5784,4559.3355,3246.4948,45.6062,1,NORMAL
NK-68,2026-07-10 08:00:00,4.5767,192099.7316,4512.7669,3379.6991,68.7758,1,NORMAL
NK-68,2026-07-10 09:00:00,4.5733,209066.2383,4551.7756,3296.9945,23.0837,1,NORMAL
NK-68,2026-07-10 10:00:00,4.57,207501.4592,4560.6963,3281.4213,69.6521,1,NORMAL
NK-68,2026-07-10 11:00:00,4.575,197774.2405,4596.4543,3319.3716,68.8422,1,NORMAL
NK-68,2026-07-10 12:00:00,4.58,229471.0729,4613.736,3189.0099,68.1249,1,NORMAL
NK-68,2026-07-10 13:00:00,4.5733,196144.3391,4534.8416,3356.4148,45.5068,1,NORMAL
NK-68,2026-07-10 14:00:00,4.5767,221397.5553,4519.4196,3244.6805,67.2761,1,NORMAL
NK-68,2026-07-10 15:00:00,4.58,198124.565,4515.1861,3354.7516,69.665,1,NORMAL
NK-68,2026-07-10 16:00:00,4.575,209933.0028,4584.2073,3342.2779,69.1385,1,NORMAL
NK-68,2026-07-10 17:00:00,4.575,228121.07,4586.7021,3188.9645,70.7284,1,NORMAL
NK-68,2026-07-10 18:00:00,4.575,200395.6908,4545.1986,3313.9285,68.9648,1,NORMAL
NK-68,2026-07-10 19:00:00,4.6,223819.1645,4602.2753,3178.9099,22.1454,1,NORMAL
NK-68,2026-07-10 20:00:00,4.5767,190563.2041,4514.4301,3367.9057,46.907,1,NORMAL
NK-68,2026-07-10 21:00:00,4.575,213899.89,4535.4464,3254.0547,69.6178,1,NORMAL
NK-68,2026-07-10 22:00:00,4.57,198818.2359,4531.3641,3359.5143,35.3969,1,NORMAL
NK-68,2026-07-10 23:00:00,4.57,202061.8236,4546.1058,3335.9277,69.905,1,NORMAL
NK-68,2026-07-11 00:00:00,4.575,212119.3408,4585.5681,3258.137,70.7225,1,NORMAL
NK-68,2026-07-11 01:00:00,4.57,211758.2342,4612.3299,3244.7561,68.7878,1,NORMAL
NK-68,2026-07-11 02:00:00,4.575,199900.3672,4479.428,3301.228,68.9942,1,NORMAL
NK-68,2026-07-11 03:00:00,4.57,208424.506,4556.6139,3272.3495,67.9899,1,NORMAL
NK-68,2026-07-11 04:00:00,4.57,213412.2912,4614.3711,3177.9423,68.8783,1,NORMAL
NK-68,2026-07-11 05:00:00,4.5733,205873.7108,4488.7266,3363.6722,70.6811,1,NORMAL
NK-68,2026-07-11 06:00:00,4.5733,218590.7076,4533.0273,3197.8095,69.3406,1,NORMAL
NK-68,2026-07-11 07:00:00,4.5733,201678.5759,4547.2397,3358.6828,46.5511,1,NORMAL
NK-68,2026-07-11 08:00:00,4.57,222231.7858,4534.0856,3198.4143,68.7494,1,NORMAL
NK-68,2026-07-11 09:00:00,4.5833,210578.6727,4511.5573,3317.4061,67.8327,1,NORMAL
NK-68,2026-07-11 10:00:00,4.578,232194.1696,4610.6516,3233.9153,68.8284,1,NORMAL
NK-68,2026-07-11 11:00:00,4.575,195561.3971,4495.9841,3363.3699,67.2094,1,NORMAL
NK-68,2026-07-11 12:00:00,4.575,227872.2134,4557.4455,3215.4995,34.7089,1,NORMAL
NK-68,2026-07-11 13:00:00,4.58,203828.6135,4580.9566,3374.7096,67.2952,1,NORMAL
NK-68,2026-07-11 14:00:00,4.6133,223079.9068,4572.036,3222.7569,67.341,1,NORMAL
NK-68,2026-07-11 15:00:00,4.5767,203179.8254,4567.9537,3314.5333,45.4217,1,NORMAL
NK-68,2026-07-11 16:00:00,4.5767,220155.3948,4503.2415,3227.1417,46.0282,1,NORMAL
NK-68,2026-07-11 17:00:00,4.57,209067.9112,4565.6857,3294.8778,68.3052,1,NORMAL
NK-68,2026-07-11 18:00:00,4.57,219822.3834,4522.2923,3206.4277,68.4934,1,NORMAL
NK-68,2026-07-11 19:00:00,4.575,207059.9338,4581.0322,3292.8366,68.1818,1,NORMAL
NK-68,2026-07-11 20:00:00,4.57,220757.0608,4571.0532,3249.9724,68.22,1,NORMAL
NK-68,2026-07-11 21:00:00,4.575,205155.2823,4564.703,3371.5345,71.3114,1,NORMAL
NK-68,2026-07-11 22:00:00,4.57,215290.213,4606.9624,3228.3512,23.5369,1,NORMAL
NK-68,2026-07-11 23:00:00,4.57,196775.9563,4570.9776,3309.2414,44.7827,1,NORMAL
NK-68,2026-07-12 00:00:00,4.57,208878.7411,4447.1476,3217.0115,45.8101,1,NORMAL
NK-68,2026-07-12 01:00:00,4.57,206687.1681,4507.6262,3294.273,69.0675,1,NORMAL
NK-68,2026-07-12 02:00:00,4.5767,197798.2968,4481.318,3214.1387,43.7083,1,NORMAL
NK-68,2026-07-12 03:00:00,4.5733,210409.8608,4537.5632,3202.043,44.8861,1,NORMAL
NK-68,2026-07-12 04:00:00,4.57,202158.9598,4523.8345,3307.4876,42.5021,1,NORMAL
NK-68,2026-07-12 05:00:00,4.5767,213281.3701,4565.2322,3227.8976,67.0899,1,NORMAL
NK-68,2026-07-12 06:00:00,4.57,201928.468,4499.3104,3233.3407,68.444,1,NORMAL
NK-68,2026-07-12 07:00:00,4.58,213528.1265,4518.6636,3181.0267,67.3154,1,NORMAL
NK-68,2026-07-12 08:00:00,4.575,208864.3348,4551.7756,3347.0406,34.6178,1,NORMAL
NK-68,2026-07-12 09:00:00,4.575,222760.0009,4596.6811,3215.9531,68.399,1,NORMAL
NK-68,2026-07-12 10:00:00,4.57,207752.2167,4556.9919,3320.7324,68.19,1,NORMAL
NK-68,2026-07-12 11:00:00,4.57,213487.4892,4503.6951,3277.1878,70.3531,1,NORMAL
NK-68,2026-07-12 12:00:00,4.5767,208649.77,4548.2981,3319.8252,44.8171,1,NORMAL
NK-68,2026-07-12 13:00:00,4.57,214179.4257,4582.015,3274.6174,68.1012,1,NORMAL
NK-68,2026-07-12 14:00:00,4.5767,211792.3583,4568.1049,3294.4242,67.2976,1,NORMAL
NK-68,2026-07-12 15:00:00,4.58,208887.6744,4562.6618,3310.2998,66.3376,1,NORMAL
NK-68,2026-07-12 16:00:00,4.575,206788.5164,4563.569,3263.5801,33.6292,1,NORMAL
NK-68,2026-07-12 18:00:00,4.575,204954.7616,4543.3842,3333.8865,67.2107,1,NORMAL
NK-68,2026-07-12 19:00:00,4.575,212456.9468,4515.0349,3323.6807,68.0845,1,NORMAL
NK-68,2026-07-12 20:00:00,4.574,219395.8827,4555.7672,3297.69,72.0316,1,NORMAL
NK-68,2026-07-12 21:00:00,4.5733,208930.666,4519.8732,3278.3973,68.4603,1,NORMAL
NK-68,2026-07-12 22:00:00,4.5733,209165.0406,4487.0635,3243.1685,68.1795,1,NORMAL
NK-68,2026-07-12 23:00:00,4.6233,208294.6515,4546.7862,3261.4633,65.4696,1,NORMAL
NK-68,2026-07-13 00:00:00,4.5733,213567.0799,4544.9718,3263.7312,45.9642,1,NORMAL
NK-68,2026-07-13 01:00:00,4.58,208093.807,4498.7056,3229.4096,67.8623,1,NORMAL
NK-68,2026-07-13 02:00:00,4.63,205043.7376,4548.4493,3265.092,64.2479,1,NORMAL
NK-68,2026-07-13 03:00:00,4.57,207873.2599,4494.4721,3252.2403,68.1833,1,NORMAL
NK-68,2026-07-13 04:00:00,4.5733,206680.1303,4475.1189,3280.2117,67.7526,1,NORMAL
NK-68,2026-07-13 05:00:00,4.57,213160.25,4535.144,3232.4335,45.8566,1,NORMAL
NK-68,2026-07-13 06:00:00,4.57,213696.3999,4570.5996,3236.5914,67.2221,1,NORMAL
NK-68,2026-07-13 07:00:00,4.565,213413.123,4561.5278,3267.4356,34.655,1,NORMAL
NK-68,2026-07-13 08:00:00,4.615,211795.4713,4486.0051,3303.2692,66.7736,1,NORMAL
NK-68,2026-07-13 09:00:00,4.575,209997.9579,4548.6005,3279.2289,67.0464,1,NORMAL
NK-68,2026-07-13 10:00:00,4.575,222166.1512,4546.1058,3282.6308,68.5342,1,NORMAL
NK-68,2026-07-13 12:00:00,4.57,245095.5447,4556.1604,3229.712,81.1641,1,NORMAL
NK-68,2026-07-13 13:00:00,4.57,219287.9735,4629.7931,3234.3235,35.6674,1,NORMAL
NK-68,2026-07-13 14:00:00,4.58,215677.5493,4586.2485,3219.5818,69.2037,1,NORMAL
NK-68,2026-07-13 15:00:00,4.5733,214259.1921,4559.7891,3269.4767,45.3716,1,NORMAL
NK-68,2026-07-13 16:00:00,4.6267,211954.3699,4547.6933,3272.9542,65.5484,1,NORMAL
NK-68,2026-07-13 17:00:00,4.575,216291.8044,4592.1452,3256.0958,68.8965,1,NORMAL
NK-68,2026-07-13 18:00:00,4.58,214885.5186,4514.1277,3285.1256,67.2819,1,NORMAL
NK-68,2026-07-13 19:00:00,4.608,214542.7818,4558.3073,3260.4049,65.4846,1,NORMAL
NK-68,2026-07-13 20:00:00,4.57,213346.0509,4537.5632,3257.5322,67.2897,1,NORMAL
NK-68,2026-07-13 21:00:00,4.5767,208005.8534,4534.5392,3264.1848,66.5765,1,NORMAL
NK-68,2026-07-13 22:00:00,4.57,208901.0757,4563.4178,3295.4825,67.7226,1,NORMAL
NK-68,2026-07-13 23:00:00,4.57,211499.9975,4553.1364,3255.4154,34.3644,1,NORMAL
NK-68,2026-07-14 00:00:00,4.575,210042.5832,4541.7967,3307.1247,66.1524,1,NORMAL
NK-68,2026-07-14 01:00:00,4.575,203855.2785,4537.7144,3342.9583,68.0032,1,NORMAL
NK-68,2026-07-14 02:00:00,4.57,207582.1044,4506.4167,3264.2604,67.2097,1,NORMAL
NK-68,2026-07-14 03:00:00,4.575,210227.9194,4517.3028,3255.6422,68.9495,1,NORMAL
NK-68,2026-07-14 04:00:00,4.57,210101.2571,4510.7258,3281.2701,67.3204,1,NORMAL
NK-68,2026-07-14 05:00:00,4.57,214132.7486,4538.3947,3262.2193,68.0886,1,NORMAL
NK-68,2026-07-14 06:00:00,4.5733,203013.49,4578.2351,3269.6279,46.3932,1,NORMAL
NK-68,2026-07-14 07:00:00,4.5767,209408.1681,4520.7803,3229.1072,44.2441,1,NORMAL
NK-68,2026-07-14 08:00:00,4.5767,207534.8573,4523.5019,3270.9887,67.8277,1,NORMAL
NK-68,2026-07-14 09:00:00,4.572,212137.0518,4541.7967,3311.7513,67.1244,1,NORMAL
NK-68,2026-07-14 10:00:00,4.57,215313.6443,4587.7605,3271.1399,68.7619,1,NORMAL
NK-68,2026-07-14 11:00:00,4.57,212503.3438,4520.6291,3267.5112,67.1721,1,NORMAL
NK-68,2026-07-14 12:00:00,4.5733,213298.1008,4495.2281,3273.1054,67.1899,1,NORMAL
NK-68,2026-07-14 13:00:00,4.582,211789.0801,4536.3536,3304.4032,67.2243,1,NORMAL
NK-68,2026-07-14 14:00:00,4.5733,217288.5665,4534.2368,3309.5438,66.5122,1,NORMAL
NK-68,2026-07-14 15:00:00,4.5767,214763.9561,4562.6618,3274.1638,66.568,1,NORMAL
NK-68,2026-07-14 16:00:00,4.58,211592.8881,4578.5375,3323.2271,67.3164,1,NORMAL
NK-68,2026-07-14 17:00:00,4.5733,216385.9728,4544.5182,3271.1399,66.09,1,NORMAL
NK-68,2026-07-14 18:00:00,4.6,212579.7551,4521.8387,3258.8174,66.6242,1,NORMAL
NK-68,2026-07-14 19:00:00,4.57,219538.3265,4616.8658,3296.9189,66.416,1,NORMAL
NK-68,2026-07-14 20:00:00,4.57,214384.6808,4610.9691,3277.1878,68.9425,1,NORMAL
NK-68,2026-07-14 21:00:00,4.57,209767.8426,4550.6417,3274.0126,66.4411,1,NORMAL
NK-68,2026-07-14 22:00:00,4.575,209838.5518,4537.2608,3271.5179,65.4358,1,NORMAL
NK-68,2026-07-14 23:00:00,4.57,211857.2128,4561.5278,3273.7858,67.5677,1,NORMAL
NK-68,2026-07-15 00:00:00,4.575,214342.8841,4618.4534,3287.8471,68.0223,1,NORMAL
NK-68,2026-07-15 01:00:00,4.575,213334.6327,4583.7537,3290.3419,69.5174,1,NORMAL
NK-68,2026-07-15 02:00:00,4.58,210463.5388,4546.7862,3235.6389,39.5432,1,NORMAL
NK-68,2026-07-15 03:00:00,4.5733,212201.3622,4457.1265,3223.6641,67.7629,1,NORMAL
NK-68,2026-07-15 04:00:00,4.5733,209053.7021,4511.5573,3268.5695,66.627,1,NORMAL
NK-68,2026-07-15 05:00:00,4.57,213661.3364,4497.1937,3314.0797,45.7966,1,NORMAL
NK-68,2026-07-15 06:00:00,4.57,216802.8683,4507.6262,3275.827,69.1687,1,NORMAL
NK-68,2026-07-15 07:00:00,4.5767,216410.032,4585.9461,3317.8597,66.0988,1,NORMAL
NK-68,2026-07-15 08:00:00,4.5733,226513.3916,4558.7307,3254.8106,75.3926,1,NORMAL
NK-68,2026-07-15 09:00:00,4.58,214247.5023,4571.9604,3191.0057,67.4029,1,NORMAL
NK-68,2026-07-15 10:00:00,4.575,220834.697,4582.393,3254.5082,69.096,1,NORMAL
NK-68,2026-07-15 11:00:00,4.598,243564.7739,4473.486,3196.6302,98.9646,1,NORMAL
NK-68,2026-07-15 12:00:00,4.82,177541.0325,4190.8692,3282.3284,33.5257,-1,ANOMALÍA
NK-68,2026-07-15 13:00:00,5.3167,110902.6316,3782.0334,3019.095,2.7181,-1,ANOMALÍA
NK-68,2026-07-15 14:00:00,4.9967,118439.8259,4059.1769,3377.4311,4.846,-1,ANOMALÍA
NK-68,2026-07-15 15:00:00,4.99,111753.2555,4068.9291,3397.3891,19.1379,-1,ANOMALÍA
NK-68,2026-07-15 16:00:00,4.98,112912.5867,4065.3004,3395.3479,22.4158,-1,ANOMALÍA
NK-68,2026-07-15 17:00:00,4.98,142732.9451,4005.6533,3276.2806,50.7909,-1,ANOMALÍA
NK-68,2026-07-15 18:00:00,4.925,135773.877,4077.3205,3361.3287,14.023,-1,ANOMALÍA
NK-68,2026-07-15 19:00:00,4.915,138529.0766,4062.5788,3392.6264,51.3804,-1,ANOMALÍA
NK-68,2026-07-15 20:00:00,4.92,125466.4542,4115.6489,3368.3593,0.138,-1,ANOMALÍA
NK-68,2026-07-15 21:00:00,4.905,125994.5013,4100.4536,3368.8129,35.9364,-1,ANOMALÍA
NK-68,2026-07-15 22:00:00,4.88,134182.9608,4060.5377,3345.9066,20.0779,-1,ANOMALÍA
NK-68,2026-07-15 23:00:00,4.8667,135362.1859,4128.7274,3355.9612,69.5362,-1,ANOMALÍA
NK-68,2026-07-16 00:00:00,4.8433,136180.222,4081.8564,3391.3412,65.9814,-1,ANOMALÍA
NK-68,2026-07-16 01:00:00,4.8333,130402.8326,4115.2709,3345.831,33.5478,-1,ANOMALÍA
NK-68,2026-07-16 02:00:00,4.82,132388.1704,4169.0364,3406.1887,0.9381,-1,ANOMALÍA
NK-68,2026-07-16 03:00:00,4.815,134768.9148,4132.8853,3369.7201,8.0275,-1,ANOMALÍA
NK-68,2026-07-16 04:00:00,4.792,152088.2028,4129.0298,3372.0788,85.8552,-1,ANOMALÍA
NK-68,2026-07-16 05:00:00,4.77,159925.2439,4201.6042,3357.4732,99.9509,-1,ANOMALÍA
NK-68,2026-07-16 06:00:00,4.755,144003.2054,4181.1926,3383.7814,50.1019,-1,ANOMALÍA
NK-68,2026-07-16 07:00:00,4.755,149785.5073,4220.4282,3371.5345,99.9886,-1,ANOMALÍA
NK-68,2026-07-16 08:00:00,4.77,146190.285,4208.1812,3403.5126,100.0,-1,ANOMALÍA
NK-68,2026-07-16 09:00:00,4.72,176205.1464,4290.9614,3323.6807,99.9688,1,NORMAL
NK-68,2026-07-16 10:00:00,4.74,147609.8039,4200.6063,3463.6132,80.2258,-1,ANOMALÍA
NK-68,2026-07-16 11:00:00,5.03,196225.3664,4332.6917,3255.113,99.9562,1,NORMAL
NK-68,2026-07-16 12:00:00,5.0267,170257.5455,4287.1815,3352.7861,99.9871,-1,ANOMALÍA
NK-68,2026-07-16 13:00:00,5.0433,175438.6158,4306.6859,3358.2292,66.7415,1,NORMAL
NK-68,2026-07-16 14:00:00,5.0,184980.1336,4400.2766,3395.3479,99.9973,-1,ANOMALÍA
NK-68,2026-07-16 15:00:00,5.06,163407.2209,4299.5796,3376.7508,99.9609,-1,ANOMALÍA
NK-68,2026-07-16 16:00:00,5.02,176501.9927,4339.2687,3423.6973,99.947,-1,ANOMALÍA
NK-68,2026-07-16 17:00:00,5.04,160188.2453,4300.4868,3415.3059,100.0,-1,ANOMALÍA
NK-68,2026-07-16 18:00:00,4.985,191952.8798,4410.2556,3360.4215,99.7059,1,NORMAL
NK-68,2026-07-16 19:00:00,5.008,170976.073,4413.6121,3310.7534,99.8089,1,NORMAL
NK-68,2026-07-16 20:00:00,4.97,200690.4515,4397.555,3266.1504,99.2931,1,NORMAL
NK-68,2026-07-16 21:00:00,4.98,181010.1845,4316.5136,3375.3144,99.5877,-1,ANOMALÍA
NK-68,2026-07-16 22:00:00,4.9767,189740.7376,4400.579,3300.1696,99.3907,1,NORMAL
NK-68,2026-07-16 23:00:00,4.9467,207628.6652,4408.29,3302.5888,69.679,1,NORMAL
NK-68,2026-07-17 00:00:00,4.9567,188478.5913,4433.9934,3288.8299,99.3701,1,NORMAL
NK-68,2026-07-17 01:00:00,4.96,189867.8661,4343.8802,3279.3045,98.8765,1,NORMAL
NK-68,2026-07-17 02:00:00,4.9333,214776.4695,4373.2124,3268.7207,65.6894,1,NORMAL
NK-68,2026-07-17 03:00:00,4.9767,198334.9452,4342.2171,3316.4989,98.7835,1,NORMAL
NK-68,2026-07-17 04:00:00,4.94,189390.4747,4437.3198,3301.0768,66.1746,1,NORMAL
NK-68,2026-07-17 05:00:00,4.93,215757.7561,4388.6344,3244.0757,65.2836,1,NORMAL
NK-68,2026-07-17 06:00:00,4.925,213383.461,4434.7494,3307.8051,99.0517,1,NORMAL
NK-68,2026-07-17 07:00:00,4.945,201323.9382,4471.2634,3332.9793,98.2507,1,NORMAL
NK-68,2026-07-17 08:00:00,4.95,208338.0497,4425.224,3288.0739,98.5022,1,NORMAL
NK-68,2026-07-17 09:00:00,4.915,230830.3278,4425.9044,3279.0021,98.7765,1,NORMAL
NK-68,2026-07-17 10:00:00,4.925,215830.5026,4448.3571,3286.4863,98.3643,1,NORMAL
NK-68,2026-07-17 11:00:00,4.93,206254.4931,4455.3878,3383.101,99.3653,1,NORMAL
NK-68,2026-07-17 12:00:00,4.94,204199.7569,4483.0568,3342.9583,98.5437,1,NORMAL
NK-68,2026-07-17 13:00:00,4.915,239406.9149,4451.9859,3292.1562,0.1212,-1,ANOMALÍA
NK-68,2026-07-17 14:00:00,4.915,225079.7823,4455.6146,3273.559,98.8196,1,NORMAL
NK-68,2026-07-17 15:00:00,4.92,214690.4378,4441.3265,3345.9066,98.4155,1,NORMAL
NK-68,2026-07-17 16:00:00,4.924,210659.0653,4441.9162,3298.325,98.7476,1,NORMAL
NK-68,2026-07-17 17:00:00,4.9133,228506.9722,4526.3746,3264.2151,98.5427,1,NORMAL
NK-68,2026-07-17 18:00:00,4.9333,206607.8212,4477.3869,3335.8521,98.6367,1,NORMAL
NK-68,2026-07-17 19:00:00,4.9267,217928.0809,4411.3139,3270.8375,98.3638,1,NORMAL
NK-68,2026-07-17 20:00:00,4.91,235005.6769,4494.0185,3241.6565,65.4221,1,NORMAL
NK-68,2026-07-17 21:00:00,4.9167,219541.5358,4422.6537,3268.7207,66.0528,1,NORMAL
NK-68,2026-07-17 22:00:00,4.92,206099.9503,4427.9456,3336.1544,98.366,1,NORMAL
NK-68,2026-07-17 23:00:00,4.91,228406.6356,4454.7074,3206.8813,0.1873,-1,ANOMALÍA
NK-68,2026-07-18 00:00:00,4.905,234387.3157,4468.0883,3247.2508,98.0487,1,NORMAL
NK-68,2026-07-18 01:00:00,4.905,219420.0497,4458.5629,3298.0529,98.6185,1,NORMAL
NK-68,2026-07-18 02:00:00,4.91,216150.0237,4505.0559,3250.8795,98.0054,1,NORMAL
NK-68,2026-07-18 03:00:00,4.9,231586.5607,4387.1225,3205.9741,46.796,1,NORMAL
NK-68,2026-07-18 04:00:00,4.895,230653.1479,4463.5524,3237.2718,94.7174,1,NORMAL
NK-68,2026-07-18 05:00:00,4.895,228287.6948,4461.738,3242.7149,94.7733,1,NORMAL
NK-68,2026-07-18 06:00:00,4.9,226494.5153,4467.1811,3242.9417,94.4705,1,NORMAL
NK-68,2026-07-18 07:00:00,4.955,229308.1263,4495.0769,3250.4259,45.8549,1,NORMAL
NK-68,2026-07-18 08:00:00,4.905,235994.7255,4448.5839,3156.306,91.7081,1,NORMAL
NK-68,2026-07-18 09:00:00,4.895,225095.2907,4476.7065,3169.9137,89.9305,1,NORMAL
NK-68,2026-07-18 10:00:00,4.905,236403.8617,4514.8081,3264.2604,88.485,1,NORMAL
NK-68,2026-07-18 11:00:00,4.905,231317.576,4488.7266,3231.3752,88.6762,1,NORMAL
NK-68,2026-07-18 12:00:00,4.895,233511.426,4517.9832,3178.5319,88.508,1,NORMAL
NK-68,2026-07-18 13:00:00,4.9033,226872.9145,4613.1615,3249.2164,87.5773,1,NORMAL
NK-68,2026-07-18 14:00:00,4.9033,219315.9721,4509.743,3260.7073,87.0201,1,NORMAL
NK-68,2026-07-18 15:00:00,4.91,210179.286,4517.6052,3306.0663,87.3836,1,NORMAL
NK-68,2026-07-18 16:00:00,4.9133,210879.9606,4502.1831,3285.806,86.7452,1,NORMAL
NK-68,2026-07-18 17:00:00,4.8967,240064.1721,4538.7727,3202.799,86.848,1,NORMAL
NK-68,2026-07-18 18:00:00,4.9067,206020.5195,4518.21,3323.4539,87.0057,1,NORMAL
NK-68,2026-07-18 19:00:00,4.9067,229444.9226,4530.0033,3237.1206,86.9174,1,NORMAL
NK-68,2026-07-18 20:00:00,4.9,219530.9528,4550.2637,3259.0442,86.1356,1,NORMAL
NK-68,2026-07-18 21:00:00,4.9133,197992.2894,4507.475,3319.3716,86.9203,1,NORMAL
NK-68,2026-07-18 22:00:00,4.92,228770.6432,4455.161,3245.5876,85.7893,1,NORMAL
NK-68,2026-07-18 23:00:00,4.9033,205861.7385,4500.9736,3289.1323,87.4125,1,NORMAL
NK-68,2026-07-19 00:00:00,4.9033,223203.1789,4481.9228,3197.3559,85.5318,1,NORMAL
NK-68,2026-07-19 01:00:00,4.89,217782.2267,4601.9729,3219.5818,87.7135,1,NORMAL
NK-68,2026-07-19 02:00:00,4.9,198730.5493,4468.678,3330.8928,85.8912,1,NORMAL
NK-68,2026-07-19 03:00:00,4.898,221927.6977,4500.9736,3204.4319,86.2021,1,NORMAL
NK-68,2026-07-19 04:00:00,4.9,199952.4342,4498.252,3305.5371,88.0098,1,NORMAL
NK-68,2026-07-19 05:00:00,4.905,222829.847,4484.6443,3218.2211,42.8019,1,NORMAL
NK-68,2026-07-19 06:00:00,4.9,214014.8462,4491.9018,3270.8375,43.4672,1,NORMAL
NK-68,2026-07-19 07:00:00,4.955,208033.0752,4536.1268,3307.3515,43.5292,1,NORMAL
NK-68,2026-07-19 08:00:00,4.89,230306.5918,4539.0751,3251.7867,86.0371,1,NORMAL
NK-68,2026-07-19 09:00:00,4.902,206977.2276,4497.8892,3229.1979,70.7054,1,NORMAL
NK-68,2026-07-19 10:00:00,4.8933,238936.3863,4595.9251,3239.5398,86.8017,1,NORMAL
NK-68,2026-07-19 11:00:00,4.894,203919.9088,4565.7462,3285.3524,86.5576,1,NORMAL
NK-68,2026-07-19 12:00:00,4.9033,227542.8823,4497.9496,3251.1819,86.1631,1,NORMAL
NK-68,2026-07-19 13:00:00,4.9033,225101.7752,4514.2789,3267.2088,56.5534,1,NORMAL
NK-68,2026-07-19 14:00:00,4.915,202511.3337,4511.8597,3288.5275,84.2695,1,NORMAL
NK-68,2026-07-19 15:00:00,4.89,238144.2722,4544.0646,3264.714,86.2959,1,NORMAL
NK-68,2026-07-19 16:00:00,4.905,202808.3332,4544.0646,3280.1361,84.7269,1,NORMAL
NK-68,2026-07-19 17:00:00,4.895,210849.7919,4569.2389,3279.2289,62.4403,1,NORMAL
NK-68,2026-07-19 18:00:00,4.89,218780.5881,4662.9052,3294.8778,66.4044,1,NORMAL
NK-68,2026-07-19 19:00:00,4.89,231505.6117,4553.2876,3137.482,71.9617,1,NORMAL
NK-68,2026-07-19 20:00:00,4.895,219776.9167,4510.7258,3194.6344,73.5883,1,NORMAL
NK-68,2026-07-19 21:00:00,4.89,233393.1358,4486.4587,3121.3796,76.2452,1,NORMAL
NK-68,2026-07-19 22:00:00,4.885,214117.3111,4643.6276,3202.5722,73.9988,1,NORMAL
NK-68,2026-07-19 23:00:00,4.89,228129.4086,4583.9805,3113.215,72.4661,1,NORMAL
NK-68,2026-07-20 00:00:00,4.895,215187.4978,4521.8387,3248.8384,71.7794,1,NORMAL
